time,temp,rh,ha_rain_prob,pressure,ha_spread,ha_spread_trend,om_precip,om_rain,om_showers,om_temp,om_rh,om_dew_point,om_pressure,om_cloud,om_wind,yx_condition,yx_temp,yx_humidity,yx_feels_like,yx_prec_prob,yx_prec_strength,yx_pressure_mm,yx_wind_speed,yx_is_rain,ms_precip,ms_temp,ms_rhum,ms_pres,ms_dwpt,ms_wdir,ms_wspd,dew_point,spread,abs_humidity,humidex,spread_deriv,pressure_deriv,pressure_filled,rain_truth,rain_truth_window,front_truth,model_original,model_tuned,model_trend_dominant,model_ha_live,model_pressure_aware,model_pressure_absolute,model_pressure_long_window,model_pressure_lagged,model_pressure_combined,model_combined,model_pressure_primary,model_onset_gate
2026-08-08 00:00:00+00:00,15.62037222461111,79.93902542555556,,992.7724817860168,,-0.5427184396888889,0.0,0.0,0.0,15.7,79,12.1,991.2,35,12.2,clear,15.0,80.0,13.0,0.0,0.0,744.0,3.5,0.0,0.0,14.1,86.0,1018.6,11.8,340.0,4.0,12.167873149905182,3.452499074705928,10.622392044448505,17.928586502877742,,,992.7724817860168,0.0,0.0,0.0,,41.0,-0.0,50.0,41.0,41.0,41.0,41.0,41.0,41.0,35.0,46.0
2026-08-08 01:00:00+00:00,15.20949610011111,79.79830192055556,,993.0505471081945,,-0.0898230049583333,0.0,0.0,0.0,15.2,79,11.6,992.2,0,10.4,clear,14.0,82.0,12.0,0.0,0.0,744.0,2.7,0.0,0.0,12.0,100.0,1018.0,12.0,320.0,3.0,11.74116165728893,3.4683344428221794,10.342826799215784,17.29986880902815,0.015835368116251303,0.27806532217766744,993.0505471081945,0.0,0.0,0.0,40.0,40.0,0.0,41.0,40.0,40.0,40.0,40.0,40.0,40.0,35.0,46.0
2026-08-08 02:00:00+00:00,14.553224977222222,80.85134194638889,,993.160069522136,,-0.2224290689777777,0.0,0.0,0.0,14.8,79,11.2,991.9,0,9.7,clear,14.0,77.0,13.0,0.0,0.0,745.0,1.0,0.0,0.0,11.0,100.0,1019.0,11.0,320.0,3.0,11.300315719475494,3.252909257746728,10.068857267823592,16.42414156317672,-0.09979490847960017,0.19379386805962895,993.160069522136,0.0,0.0,0.0,44.0,44.0,3.0,46.0,44.0,44.0,42.0,44.0,43.0,43.0,39.0,47.0
2026-08-08 03:00:00+00:00,14.183401628194444,80.8942507525,,993.1644480156972,,-0.2488504706666666,0.0,0.0,0.0,14.1,81,10.9,992.0,0,10.8,clear,13.0,84.0,11.0,0.0,0.0,745.0,2.9,0.0,0.0,12.0,94.0,1019.3,11.1,350.0,4.0,10.947759033217407,3.235642594977037,9.848991901330447,15.882827488788337,-0.11634592392257126,0.05695045375136943,993.1644480156972,0.0,0.0,0.0,44.0,44.0,3.0,46.0,44.0,44.0,43.0,44.0,43.0,44.0,40.0,38.0
2026-08-08 04:00:00+00:00,18.335899845777774,67.36582350944444,,993.5354423301252,,2.606847107630556,0.0,0.0,0.0,14.1,79,10.5,992.3,0,9.4,clear,12.0,84.0,10.0,0.0,0.0,745.0,2.5,0.0,0.0,13.0,88.0,1019.0,11.1,330.0,2.0,12.18050094937937,6.155398896398404,10.532170161323325,20.650643215752904,1.4512448193258383,0.1876864039945758,993.5354423301252,0.0,0.0,0.0,2.0,32.0,2.0,0.0,32.0,32.0,30.0,32.0,31.0,32.0,6.0,58.0
2026-08-08 05:00:00+00:00,21.940833439722223,50.45337382138889,,993.5544155135776,,4.650668940180556,0.0,0.0,0.0,14.8,75,10.4,992.3,15,9.7,clear,12.0,81.0,10.0,0.0,0.0,745.0,2.0,0.0,0.0,15.0,82.0,1019.0,12.0,320.0,4.0,11.176384536282068,10.764448903440154,9.73655920117502,23.75106456460809,3.7644031542315592,0.19498374894021708,993.5544155135776,0.0,0.0,0.0,0.0,22.0,2.0,0.0,22.0,22.0,21.0,22.0,21.0,22.0,0.0,73.0
2026-08-08 06:00:00+00:00,23.3405799155,44.11324620194444,,993.5550118180804,,2.402397517925,0.0,0.0,0.0,15.9,69,10.3,992.4,13,9.4,clear,15.0,70.0,13.0,0.0,0.0,745.0,3.1,0.0,0.0,16.1,68.0,1019.4,10.2,350.0,11.0,10.432963833369623,12.907616082130378,9.223587349772508,24.79586882376821,3.3761085928659873,0.009784743977604649,993.5550118180804,0.0,0.0,0.0,0.0,15.0,1.0,0.0,15.0,15.0,15.0,15.0,15.0,16.0,0.0,79.0
2026-08-08 07:00:00+00:00,21.711686653305552,47.73739908777778,,993.6933409264084,,-1.4284946143833332,0.0,0.0,0.0,17.1,61,9.6,992.5,100,10.1,cloudy,16.0,65.0,13.0,0.0,0.0,745.0,4.0,0.0,0.0,18.0,60.0,1019.0,10.1,330.0,5.0,10.134263719757046,11.577422933548506,9.091558562514981,23.028665879120204,0.40648701505417595,0.06946270641537922,993.6933409264084,0.0,0.0,0.0,0.0,11.0,1.0,27.0,11.0,11.0,10.0,11.0,11.0,11.0,0.0,50.0
2026-08-08 08:00:00+00:00,20.47848096975,51.447363565277776,,993.9253205159388,,-1.2030763523527777,0.0,0.0,0.0,17.3,59,9.2,992.7,100,12.2,cloudy,17.0,86.0,18.0,0.0,0.0,745.0,1.0,0.0,0.0,18.0,64.0,1020.0,11.1,330.0,4.0,10.121831858271623,10.356649111478376,9.1221641598073,21.78975629323965,-1.275483485326001,0.18515434892918847,993.9253205159388,0.0,0.0,0.0,13.0,13.0,38.0,22.0,13.0,13.0,12.0,13.0,12.0,14.0,6.0,25.0
2026-08-08 09:00:00+00:00,20.365410614833333,51.65744978972222,,994.1324109113748,,-0.3456446009055556,0.0,0.0,0.0,18.1,56,9.2,992.7,100,11.9,cloudy,18.0,54.0,15.0,0.0,0.0,745.0,4.6,0.0,0.0,17.3,63.0,1019.9,10.2,300.0,7.0,10.07844351167747,10.286967103155863,9.09926397476611,21.656811487586374,-0.6452279151963217,0.2195349924832044,994.1324109113748,0.0,0.0,0.0,6.0,11.0,33.0,6.0,11.0,11.0,10.0,11.0,10.0,12.0,3.0,19.0
2026-08-08 10:00:00+00:00,19.89098776361111,51.66898900222222,,994.1037196818888,,0.0158768904361111,0.0,0.0,0.0,18.2,56,9.3,992.6,99,11.9,cloudy,19.0,55.0,17.0,0.0,0.0,745.0,4.7,0.0,0.0,18.0,56.0,1020.0,9.1,290.0,4.0,9.643642567900445,10.247345195710666,8.852571105781813,20.986007669440465,-0.05465195788385469,0.08919958297502717,994.1037196818888,0.0,0.0,0.0,1.0,8.0,23.0,0.0,8.0,8.0,7.0,8.0,7.0,8.0,0.0,23.0
2026-08-08 11:00:00+00:00,21.76504334519444,46.01597860583333,,993.7601502329112,,1.8405886168472223,0.0,0.0,0.0,19.6,50,8.9,992.7,7,13.0,cloudy,19.0,63.0,20.0,0.0,0.0,746.0,1.0,0.0,0.0,18.0,60.0,1020.0,10.1,270.0,5.0,9.634159670284934,12.130883674909505,8.790725543163468,22.855836179315602,0.921958285876821,-0.186130339231795,993.7601502329112,0.0,0.0,0.0,0.0,5.0,16.0,0.0,5.0,5.0,5.0,5.0,5.0,6.0,0.0,37.0
2026-08-08 12:00:00+00:00,20.607887686027777,49.41047359722222,,993.8203289376332,,-1.1653124932555556,0.0,0.0,0.0,20.4,45,8.1,992.2,97,12.6,cloudy,20.0,48.0,17.0,0.0,0.0,746.0,4.7,0.0,0.0,18.0,60.0,1019.5,10.1,320.0,11.0,9.637368224429954,10.970519461597823,8.827252454201554,21.700110491529625,0.36158713294357797,-0.14169537212779915,993.8203289376332,0.0,0.0,0.0,0.0,4.0,11.0,22.0,4.0,4.0,3.0,4.0,3.0,4.0,0.0,33.0
2026-08-08 13:00:00+00:00,20.29154841644445,50.99927713055556,,993.6812754716472,,-0.7572706863194445,0.0,0.0,0.0,20.2,46,8.2,992.1,24,13.3,cloudy,20.0,45.0,17.0,0.0,0.0,746.0,4.4,0.0,0.0,18.0,64.0,1020.0,11.1,330.0,5.0,9.818580099875266,10.472968316569183,8.944719622994795,21.46497455879413,-0.828957679170161,-0.03943738063202318,993.6812754716472,0.0,0.0,0.0,8.0,8.0,25.0,14.0,8.0,8.0,8.0,8.0,8.0,10.0,4.0,34.0
2026-08-08 14:00:00+00:00,20.156131196388888,51.21988487861111,,993.57562318385,,-0.1352851223833333,0.0,0.0,0.0,19.6,52,9.5,992.1,52,14.0,cloudy,19.0,65.0,19.0,0.0,0.0,746.0,2.0,0.0,0.0,20.0,49.0,1019.0,9.0,290.0,7.0,9.758131941570472,10.397999254818416,8.912694054098774,21.302373048318373,-0.2862601033897035,-0.12235287689162531,993.57562318385,0.0,0.0,0.0,3.0,7.0,20.0,3.0,7.0,7.0,7.0,7.0,7.0,8.0,1.0,24.0
2026-08-08 15:00:00+00:00,20.01664551330556,48.668251130555554,,993.6006709803444,,0.6610332459111111,0.0,0.0,0.0,19.3,53,9.5,992.2,22,13.3,cloudy,20.0,41.0,16.0,0.0,0.0,746.0,4.5,0.0,0.0,18.9,53.0,1019.3,9.1,330.0,11.0,8.869685839400248,11.146959673905311,8.399953807793297,20.77436668868742,0.33699567866806385,-0.04030224565138951,993.6006709803444,0.0,0.0,0.0,0.0,5.0,14.0,0.0,5.0,5.0,5.0,5.0,5.0,6.0,0.0,28.0
2026-08-08 16:00:00+00:00,19.48749700558333,47.5337154875,,993.7101681299,,0.3153700689166667,0.0,0.0,0.0,19.3,55,10.0,992.2,0,10.4,cloudy,20.0,43.0,16.0,0.0,0.0,746.0,4.2,0.0,0.0,19.0,52.0,1020.0,8.9,300.0,4.0,8.036563250756805,11.450933754826524,7.953737829269915,19.899089770807013,0.5264672500040541,0.06727247302501382,993.7101681299,0.0,0.0,0.0,0.0,3.0,10.0,0.0,3.0,3.0,3.0,3.0,3.0,4.0,0.0,27.0
2026-08-08 17:00:00+00:00,18.26469907113889,52.56671386972223,,993.8131270634112,,-1.4675670040027775,0.0,0.0,0.0,18.8,56,9.8,992.7,100,9.0,cloudy,20.0,56.0,18.0,0.0,0.0,746.0,3.0,0.0,0.0,18.0,56.0,1020.0,9.1,310.0,4.0,8.395364394478134,9.869334676660754,8.183835432938354,18.82324942478566,-0.6388124986222783,0.10622804153342713,993.8131270634112,0.0,0.0,0.0,6.0,6.0,19.0,27.0,6.0,6.0,6.0,6.0,6.0,7.0,3.0,24.0
2026-08-08 18:00:00+00:00,17.12933554588889,58.864444935555554,,994.1397886069194,,-1.7656127862055555,0.0,0.0,0.0,18.2,58,9.8,993.3,0,10.1,clear,18.0,51.0,15.0,0.0,0.0,746.0,3.3,0.0,0.0,14.4,81.0,1020.1,11.2,0.0,0.0,9.012028704456133,8.117306841432756,8.565316455795092,17.947933802801963,-1.666813456696884,0.21481023850969905,994.1397886069194,0.0,0.0,0.0,15.0,15.0,50.0,28.0,15.0,15.0,15.0,15.0,15.0,20.0,6.0,21.0
2026-08-08 19:00:00+00:00,16.362232717833333,63.90968623972222,,994.4470215565722,,-1.3678148940583332,0.0,0.0,0.0,17.4,63,10.3,993.8,1,9.0,clear,16.0,61.0,14.0,0.0,0.0,746.0,2.2,0.0,0.0,11.0,94.0,1020.0,10.1,270.0,2.0,9.511225387856694,6.851007329976639,8.88122660567453,17.398440792251293,-1.5091636733420577,0.3169472465804688,994.4470215565722,0.0,0.0,0.0,17.0,17.0,49.0,36.0,17.0,17.0,17.0,17.0,17.0,22.0,7.0,22.0
2026-08-08 20:00:00+00:00,15.547277735722224,69.34028472027778,,994.8482728474916,,-1.3175259736583331,0.0,0.0,0.0,16.9,66,10.5,993.7,0,8.6,clear,14.0,53.0,11.0,0.0,0.0,745.0,2.0,0.0,0.0,11.0,94.0,1021.0,10.1,260.0,2.0,9.952133140898779,5.595144594823445,9.173333858747078,16.78110940554207,-1.2610811233046553,0.3542421202860737,994.8482728474916,0.0,0.0,0.0,29.0,29.0,45.0,46.0,29.0,29.0,29.0,29.0,29.0,33.0,19.0,26.0
2026-08-08 21:00:00+00:00,14.873563151833332,72.37583672972222,,995.165547655139,,-0.8583788689027777,0.0,0.0,0.0,16.0,71,10.8,994.0,0,10.8,clear,13.0,70.0,11.0,0.0,0.0,745.0,2.0,0.0,0.0,11.0,93.0,1021.6,9.9,0.0,0.0,9.946150450724453,4.92741270110888,9.191112416437264,16.104678677179603,-0.9617973144338796,0.35926304928341324,995.165547655139,0.0,0.0,0.0,33.0,33.0,40.0,43.0,33.0,33.0,32.0,33.0,33.0,35.0,24.0,30.0
2026-08-08 22:00:00+00:00,14.328514231,75.66485736166668,,995.3690595017666,,-0.6211824302888889,0.0,0.0,0.0,15.7,72,10.7,994.2,0,10.1,clear,12.0,76.0,10.0,0.0,0.0,745.0,2.0,0.0,0.0,11.0,87.0,1021.0,8.9,320.0,1.0,10.085086670334563,4.243427560665436,9.294468427846645,15.622954774011001,-0.6758585170790044,0.2603933271375354,995.3690595017666,0.0,0.0,0.0,38.0,38.0,34.0,44.0,38.0,38.0,37.0,38.0,36.0,37.0,29.0,32.0
2026-08-08 23:00:00+00:00,13.974000694166667,78.91185919833333,,995.5470437386056,,-0.6907286100194444,0.0,0.0,0.0,15.4,73,10.6,994.6,0,10.4,clear,11.0,59.0,9.0,0.0,0.0,746.0,1.0,0.0,0.0,10.0,94.0,1021.0,9.1,330.0,2.0,10.370867887839518,3.6031328063271495,9.485142818375182,15.400336416753216,-0.662139947390865,0.1907480417332863,995.5470437386056,0.0,0.0,0.0,45.0,45.0,30.0,51.0,45.0,45.0,44.0,45.0,42.0,44.0,35.0,34.0
2026-08-09 00:00:00+00:00,13.675064385305555,78.89406207722222,,995.700373003364,,-0.0203495904722222,0.0,0.0,0.0,14.8,74,10.2,994.6,0,12.2,clear,12.0,77.0,10.0,0.0,0.0,746.0,2.6,0.0,0.0,11.2,93.0,1022.3,10.1,330.0,4.0,10.076871609367775,3.5981927759377808,9.31053113628378,14.965746186199585,-0.3226173923638278,0.16565675079868925,995.700373003364,0.0,0.0,0.0,42.0,44.0,24.0,39.0,44.0,44.0,43.0,44.0,41.0,43.0,34.0,36.0
2026-08-09 01:00:00+00:00,13.138875395416669,81.06893394777778,,995.8167501922,,-0.4507879212194445,0.0,0.0,0.0,13.8,76,9.7,994.7,0,10.1,clear,12.0,83.0,10.0,0.0,0.0,746.0,2.4,0.0,0.0,11.0,94.0,1021.0,10.1,330.0,4.0,9.961533978559169,3.1773414168575,9.256322661747092,14.376976987244008,-0.21289569473482484,0.13485322679719047,995.8167501922,0.0,0.0,0.0,46.0,46.0,19.0,51.0,46.0,46.0,44.0,46.0,44.0,44.0,39.0,37.0
2026-08-09 02:00:00+00:00,12.879904090055556,83.68394395083334,,996.0891148056556,,-0.6,0.0,0.0,0.0,13.3,79,9.7,994.9,0,9.4,clear,11.0,78.0,10.0,0.0,0.0,747.0,0.0,0.0,0.0,11.0,94.0,1022.0,10.1,330.0,3.0,10.18356412863959,2.6963399614159655,9.403185554876027,14.219544153573848,-0.4509264072609076,0.1943709011458168,996.0891148056556,0.0,0.0,0.0,54.0,54.0,17.0,58.0,54.0,54.0,52.0,54.0,52.0,53.0,46.0,38.0
2026-08-09 03:00:00+00:00,12.848017602333334,84.67517356305555,,996.2686395295224,,-0.2624134549999999,0.0,0.0,0.0,12.8,81,9.6,994.9,1,10.1,clear,11.0,87.0,9.0,0.0,0.0,747.0,2.6,0.0,0.0,11.3,92.0,1022.7,10.0,0.0,0.0,10.328796729197817,2.5192208731355166,9.495811400758202,14.254796964018379,-0.3290602718609916,0.22594466866121365,996.2686395295224,0.0,0.0,0.0,54.0,54.0,15.0,53.0,54.0,54.0,52.0,54.0,53.0,54.0,49.0,40.0
2026-08-09 04:00:00+00:00,17.021521951583335,73.10975745611111,,996.49921532515,,2.269188692825,0.0,0.0,0.0,13.1,81,9.9,995.1,0,9.7,clear,11.0,89.0,9.0,0.0,0.0,747.0,2.2,0.0,0.0,12.0,100.0,1022.0,12.0,330.0,3.0,12.165917821851867,4.855604129731468,10.569741186746175,19.328725671533583,1.079632084157751,0.20505025974716773,996.49921532515,0.0,0.0,0.0,17.0,43.0,10.0,0.0,43.0,43.0,41.0,43.0,42.0,44.0,21.0,61.0
2026-08-09 05:00:00+00:00,21.33781996272222,56.23333129861111,,996.767478633864,,4.139597051841666,0.0,0.0,0.0,14.2,78,10.5,995.4,0,9.0,clear,11.0,83.0,10.0,0.0,0.0,747.0,1.0,0.0,0.0,15.0,88.0,1023.0,13.0,360.0,5.0,12.26198626476033,9.075833697961892,10.480770643665867,23.694809534717862,3.2783064124131878,0.24941955217082068,996.767478633864,0.0,0.0,0.0,0.0,30.0,7.0,0.0,30.0,30.0,29.0,30.0,29.0,31.0,0.0,77.0
2026-08-09 06:00:00+00:00,24.00972566388889,48.9322411575,,997.0055704511888,,2.444535489525,0.0,0.0,0.0,16.3,74,11.7,995.8,0,7.2,clear,14.0,76.0,12.0,0.0,0.0,747.0,2.6,0.0,0.0,16.9,74.0,1022.9,12.2,10.0,7.0,12.61183042942908,11.39789523445981,10.627628554033432,26.550370885792518,3.2711455523641706,0.253177563019392,997.0055704511888,0.0,0.0,0.0,0.0,21.0,5.0,0.0,21.0,21.0,20.0,21.0,20.0,22.0,0.0,84.0
2026-08-09 07:00:00+00:00,26.07233314033333,43.3350866325,,997.1802927667472,,2.070805560402778,0.0,0.0,0.0,18.4,67,12.2,996.4,0,6.5,clear,16.0,73.0,15.0,0.0,0.0,747.0,2.5,0.0,0.0,18.0,73.0,1023.0,13.1,360.0,3.0,12.633199790154901,13.43913335017843,10.569152419409908,28.624317177678886,2.181649826108269,0.20640706644161355,997.1802927667472,0.0,0.0,0.0,0.0,15.0,4.0,0.0,15.0,15.0,14.0,15.0,14.0,15.0,0.0,74.0
2026-08-09 08:00:00+00:00,27.54932126772222,39.17247947083333,,997.267116951461,,1.6362503596555555,0.0,0.0,0.0,19.8,59,11.6,996.0,7,5.8,clear,18.0,92.0,21.0,0.0,0.0,747.0,0.0,0.0,0.0,19.0,64.0,1023.0,12.0,330.0,4.0,12.417296468217803,15.132024799504418,10.36944913415786,29.987385175658904,1.867064782522304,0.13077325013614427,997.267116951461,0.0,0.0,0.0,0.0,10.0,3.0,0.0,10.0,10.0,10.0,10.0,10.0,11.0,0.0,57.0
2026-08-09 09:00:00+00:00,27.740555188722222,36.1811912925,,997.1769894232194,,1.0995151269083334,0.0,0.0,0.0,20.8,53,10.9,996.3,6,6.8,clear,19.0,57.0,18.0,0.0,0.0,747.0,2.6,0.0,0.0,20.9,55.0,1022.8,11.5,360.0,7.0,11.380984798394755,16.35957039032747,9.679081866018219,29.651209400770824,1.4602185200745197,-0.0016516717639092349,997.1769894232194,0.0,0.0,0.0,0.0,7.0,2.0,0.0,7.0,7.0,7.0,7.0,7.0,7.0,0.0,41.0
2026-08-09 10:00:00+00:00,27.069829146694445,37.91087872833334,,996.9808851733612,,-0.8296917339583333,0.0,0.0,0.0,21.5,49,10.3,996.1,15,6.8,cloudy,21.0,55.0,21.0,0.0,0.0,747.0,2.5,0.0,0.0,21.0,53.0,1023.0,11.0,350.0,3.0,11.493498677666233,15.576330469028212,9.773129861236828,29.03622064654386,0.2221528347618973,-0.14311588904990913,996.9808851733612,0.0,0.0,0.0,0.0,5.0,1.0,16.0,5.0,5.0,5.0,5.0,5.0,5.0,0.0,27.0
2026-08-09 11:00:00+00:00,25.44293243686111,38.94002733666667,,996.6230266347752,,-0.6842463852388888,0.0,0.0,0.0,22.3,45,9.8,996.0,22,6.8,cloudy,22.0,75.0,24.0,0.0,0.0,748.0,2.7,0.0,0.0,23.0,47.0,1022.0,11.1,280.0,2.0,10.449661774050638,14.993270662810472,9.168840531276144,26.906025053847124,-0.6831498637584987,-0.2769813942221049,996.6230266347752,0.0,0.0,0.0,7.0,7.0,20.0,13.0,7.0,7.0,6.0,7.0,6.0,7.0,3.0,16.0
2026-08-09 12:00:00+00:00,24.53736825527778,40.52386411777778,,996.1967390943722,,-0.7298016537916667,0.0,0.0,0.0,22.9,42,9.3,995.5,1,8.3,cloudy,22.0,47.0,22.0,0.0,0.0,748.0,2.5,0.0,0.0,22.2,48.0,1021.9,10.7,60.0,7.0,10.238237851929457,14.299130403348324,9.067988934277441,25.902216018793425,-0.6386000328399444,-0.39207303949450534,996.1967390943722,0.0,0.0,0.0,6.0,7.0,20.0,14.0,7.0,7.0,6.0,7.0,6.0,8.0,3.0,13.0
2026-08-09 13:00:00+00:00,24.224924599027776,39.79828705055555,,995.8517502919444,,0.3226001560611111,0.0,0.0,0.0,23.3,41,9.3,995.0,0,7.6,cloudy,23.0,46.0,23.0,0.0,0.0,748.0,2.0,0.0,0.0,23.0,44.0,1022.0,10.1,310.0,3.0,9.688426349476568,14.536498249551208,8.74978319492545,25.339939266609715,-0.22838620662963205,-0.385638171415394,995.8517502919444,0.0,0.0,0.0,2.0,5.0,16.0,0.0,5.0,5.0,5.0,5.0,5.0,6.0,1.0,15.0
2026-08-09 14:00:00+00:00,23.759035443472225,40.0,,995.4594637180638,,0.3,0.0,0.0,0.0,23.4,40,9.1,994.5,0,6.8,clear,23.0,55.0,24.0,0.0,0.0,748.0,1.0,0.0,0.0,23.0,44.0,1022.0,10.1,330.0,1.0,9.346985562115558,14.412049881356667,8.564968484279017,24.722935688608597,0.0564597390041719,-0.3686376881541946,995.4594637180638,0.0,0.0,0.0,0.0,4.0,11.0,0.0,4.0,4.0,4.0,4.0,4.0,5.0,0.0,19.0
2026-08-09 15:00:00+00:00,23.21371869211111,40.74485913388889,,995.128624226439,,-0.3992087251388889,0.0,0.0,0.0,23.4,41,9.4,994.4,0,6.8,clear,23.0,42.0,21.0,0.0,0.0,748.0,2.0,0.0,0.0,23.4,45.0,1020.6,10.8,10.0,7.0,9.132684427999262,14.08103426411185,8.45792539828482,24.0843238842195,-0.22773199271967925,-0.36156303275271284,995.128624226439,0.0,0.0,0.0,2.0,3.0,10.0,7.0,3.0,3.0,4.0,3.0,5.0,6.0,1.0,22.0
2026-08-09 16:00:00+00:00,22.380403344194445,44.96675583111111,,995.0247365661444,,-1.5758422642416663,0.0,0.0,0.0,23.0,42,9.4,993.9,0,6.5,clear,23.0,43.0,22.0,0.0,0.0,748.0,1.7,0.0,0.0,23.0,44.0,1021.0,10.1,310.0,2.0,9.849355844030432,12.531047500164012,8.899815278919203,23.567707047388595,-0.9405011905963275,-0.21736357595972322,995.0247365661444,0.0,0.0,0.0,9.0,9.0,28.0,28.0,9.0,9.0,11.0,9.0,13.0,15.0,4.0,22.0
2026-08-09 17:00:00+00:00,21.43116237227778,48.124613226388895,,995.0738201620752,,-1.189375486388889,0.0,0.0,0.0,22.2,45,9.7,994.1,0,6.8,clear,23.0,45.0,22.0,0.0,0.0,748.0,1.0,0.0,0.0,21.0,69.0,1021.0,15.1,330.0,1.0,9.998486063309628,11.432676308968151,9.0180190566871,22.686070802161993,-1.3241789775718493,-0.02740203218189663,995.0738201620752,0.0,0.0,0.0,13.0,13.0,40.0,22.0,13.0,13.0,15.0,13.0,17.0,21.0,5.0,21.0
2026-08-09 18:00:00+00:00,20.247379018666667,52.69504625555555,,995.06258850045,,-1.4150245028416666,0.0,0.0,0.0,21.1,50,10.3,994.3,0,4.0,clear,24.0,54.0,24.0,0.0,0.0,748.0,1.2,0.0,0.0,16.5,77.0,1021.1,12.5,0.0,0.0,10.267162331684787,9.98021668698188,9.218353877145704,21.62559545289338,-1.2754154065910663,0.018925967152824796,995.06258850045,0.0,0.0,0.0,13.0,13.0,39.0,26.0,13.0,13.0,15.0,13.0,16.0,20.0,5.0,20.0
2026-08-09 19:00:00+00:00,19.213759150833333,57.28860455833333,,995.2363121297803,,-1.3661585125694444,0.0,0.0,0.0,20.4,55,11.0,994.1,0,2.9,clear,19.0,64.0,19.0,0.0,0.0,748.0,1.0,0.0,0.0,15.0,77.0,1021.0,11.0,0.0,1.0,10.559661185470457,8.654097965362876,9.433042830025018,20.728451182907186,-1.389289171802638,0.08124598385256832,995.2363121297803,0.0,0.0,0.0,14.0,14.0,42.0,26.0,14.0,14.0,16.0,14.0,16.0,20.0,5.0,20.0
2026-08-09 20:00:00+00:00,18.20634166658333,63.0314243825,,995.4573156315084,,-1.425711585411111,0.0,0.0,0.0,19.7,59,11.5,994.4,0,4.7,clear,16.0,42.0,14.0,0.0,0.0,747.0,1.0,0.0,0.0,12.0,94.0,1021.0,11.1,324.0,1.0,11.050061874029769,7.156279792553562,9.779141299273165,19.95516649382393,-1.411968447214159,0.19736356552920142,995.4573156315084,0.0,0.0,0.0,14.0,14.0,42.0,34.0,14.0,14.0,16.0,14.0,16.0,20.0,5.0,22.0
2026-08-09 21:00:00+00:00,17.39575420775,67.19281111388888,,995.3084242386308,,-1.0900376825555556,0.0,0.0,0.0,19.1,60,11.1,994.9,40,1.1,clear,16.0,69.0,15.0,0.0,0.0,747.0,1.1,0.0,0.0,12.1,93.0,1022.0,11.0,0.0,0.0,11.245179203847101,6.1505750039028975,9.934027072304644,19.239617867454033,-1.2517614807299893,0.036056054425216644,995.3084242386308,0.0,0.0,0.0,22.0,22.0,41.0,37.0,22.0,22.0,23.0,22.0,23.0,27.0,13.0,25.0
2026-08-09 22:00:00+00:00,16.881077744111114,70.569947015,,994.9730964031916,,-0.8001720647888888,0.0,0.0,0.0,18.2,61,10.6,994.4,79,2.9,clear,14.0,72.0,13.0,0.0,0.0,747.0,0.9,0.0,0.0,10.0,100.0,1021.0,10.0,0.0,0.0,11.494456936684305,5.386620807426809,10.117099153814385,18.847945518063067,-0.8848294925633766,-0.24210961415843713,994.9730964031916,0.0,0.0,0.0,27.0,27.0,37.0,38.0,27.0,27.0,28.0,27.0,28.0,31.0,20.0,30.0
2026-08-09 23:00:00+00:00,16.147802361527777,74.12543388361111,,994.8318705673332,,-0.7420967737,0.0,0.0,0.0,18.0,61,10.4,994.1,8,0.7,clear,12.0,57.0,11.0,0.0,0.0,747.0,0.0,0.0,0.0,9.0,100.0,1021.0,9.0,0.0,0.0,11.533144786656473,4.614657574871304,10.168701197067392,18.13392098658986,-0.7679587145157969,-0.23827683564877586,994.8318705673332,0.0,0.0,0.0,35.0,35.0,33.0,43.0,35.0,35.0,35.0,35.0,35.0,37.0,28.0,33.0
2026-08-10 00:00:00+00:00,15.56731382913889,76.97642715222223,,994.6218606126972,,-0.6760749410444444,0.0,0.0,0.0,17.5,62,10.2,994.0,100,1.8,clear,12.0,74.0,11.0,0.0,0.0,747.0,1.2,0.0,0.0,10.4,95.0,1021.5,9.6,0.0,0.0,11.543200098123375,4.024113731015515,10.195916162640046,17.558443021447466,-0.681253538205647,-0.17561789524717142,994.6218606126972,0.0,0.0,0.0,41.0,41.0,29.0,47.0,41.0,41.0,41.0,41.0,41.0,42.0,36.0,36.0
2026-08-10 01:00:00+00:00,15.362873558083336,73.17002362444445,,994.3300087346056,,0.6994809966194445,0.0,0.0,0.0,17.2,64,10.4,993.3,28,7.6,clear,12.0,77.0,11.0,0.0,0.0,747.0,1.2,0.0,0.0,8.0,100.0,1021.0,8.0,100.0,2.0,10.580799441334293,4.782074116749044,9.572407788129707,16.887519513924225,0.08370827093887014,-0.2509309163638136,994.3300087346056,0.0,0.0,0.0,25.0,36.0,20.0,15.0,36.0,36.0,36.0,36.0,36.0,37.0,29.0,37.0
2026-08-10 02:00:00+00:00,15.017889204444444,72.90940040111111,,994.1338074531832,,0.1940568320111111,0.0,0.0,0.0,16.3,67,10.2,993.1,0,5.4,clear,11.0,85.0,11.0,0.0,0.0,748.0,0.0,0.0,0.0,8.0,93.0,1020.0,6.9,100.0,1.0,10.194992073422013,4.822897131022431,9.340544709793777,16.36279149777293,0.3993917000034584,-0.24402657975701916,994.1338074531832,0.0,0.0,0.0,21.0,31.0,14.0,24.0,31.0,31.0,31.0,31.0,31.0,32.0,30.0,39.0
2026-08-10 03:00:00+00:00,14.953504569,74.60506846972223,,994.2062884194444,,-0.3311438114305555,0.0,0.0,0.0,16.3,67,10.1,993.3,0,2.9,clear,13.0,79.0,12.0,0.0,0.0,748.0,1.7,0.0,0.0,9.9,95.0,1021.0,9.1,0.0,0.0,10.477680469388316,4.475824099611684,9.520418072988635,16.429708807345108,-0.15312500856868017,-0.06186015758061103,994.2062884194444,0.0,0.0,0.0,30.0,31.0,11.0,37.0,31.0,31.0,31.0,31.0,31.0,32.0,35.0,43.0
2026-08-10 04:00:00+00:00,19.338681281638888,60.13733577694444,,994.098834058178,,3.459052273611111,0.0,0.0,0.0,16.8,65,10.2,993.2,0,4.7,clear,12.0,80.0,11.0,0.0,0.0,748.0,1.7,0.0,0.0,12.0,94.0,1020.0,11.1,100.0,1.0,11.408284252666924,7.930397028971964,9.97511006608671,21.26282558813024,1.5537499489747661,-0.017486697502590687,994.098834058178,0.0,0.0,0.0,0.0,22.0,8.0,0.0,22.0,22.0,22.0,22.0,22.0,22.0,6.0,63.0
2026-08-10 05:00:00+00:00,23.558181136694444,44.48347395777778,,993.9379149633722,,4.755153362941667,0.0,0.0,0.0,18.7,57,10.0,993.0,0,6.5,clear,11.0,95.0,11.0,0.0,0.0,746.0,0.0,0.0,0.0,14.0,82.0,1020.0,11.0,120.0,2.0,10.755671496154848,12.802509640539595,9.41690078341266,25.165648696148743,4.163342770463955,-0.13418672803607024,993.9379149633722,0.0,0.0,0.0,0.0,15.0,6.0,0.0,15.0,15.0,15.0,15.0,15.0,15.0,8.0,79.0
2026-08-10 06:00:00+00:00,26.054118856777777,39.19368062722222,,993.7275999597332,,2.158185423238889,0.0,0.0,0.0,19.8,54,10.2,992.8,0,7.2,clear,16.0,67.0,14.0,0.0,0.0,746.0,2.8,0.0,0.0,19.8,61.0,1019.6,12.1,220.0,7.0,11.09235287381902,14.961765982958756,9.549383217352815,27.82345118948206,3.515684476993396,-0.18561704922240096,993.7275999597332,0.0,0.0,0.0,0.0,11.0,4.0,0.0,11.0,11.0,11.0,11.0,11.0,11.0,11.0,86.0
2026-08-10 07:00:00+00:00,27.923029363833333,34.596061552777776,,993.2222828272278,,2.1250572294694443,0.0,0.0,0.0,21.0,50,10.2,992.7,0,9.0,clear,17.0,65.0,15.0,0.0,0.0,746.0,2.8,0.0,0.0,21.0,53.0,1020.0,11.0,190.0,6.0,10.865649273623935,17.0573800902094,9.348432075805231,29.583020157014438,2.127435224834902,-0.3578160680722249,993.2222828272278,0.0,0.0,0.0,0.0,7.0,3.0,0.0,7.0,7.0,7.0,7.0,7.0,8.0,16.0,76.0
2026-08-10 08:00:00+00:00,27.59308652058333,34.585987993611106,,992.7962425673722,,-0.0727156927277778,0.0,0.0,0.0,22.5,46,10.3,992.1,6,11.5,clear,21.0,78.0,23.0,0.0,0.0,747.0,1.0,0.0,0.0,23.0,47.0,1019.0,11.1,180.0,6.0,10.571530325007654,17.021556195575677,9.177466441602972,29.113366165069678,1.0298951063084605,-0.4656786961804756,992.7962425673722,0.0,0.0,0.0,0.0,5.0,2.0,1.0,5.0,5.0,5.0,5.0,5.0,5.0,21.0,52.0
2026-08-10 09:00:00+00:00,26.949643865916663,34.952408749444444,,992.4294411011666,,-0.2619250867166666,0.0,0.0,0.0,23.5,41,9.5,991.9,100,13.7,clear,22.0,50.0,20.0,0.0,0.0,747.0,4.4,0.0,0.0,23.3,47.0,1018.0,11.3,220.0,14.0,10.164102284820162,16.785541581096503,8.950692152512252,28.280330471489265,-0.13591925455644827,-0.39642086303058477,992.4294411011666,0.0,0.0,0.0,1.0,4.0,4.0,5.0,4.0,5.0,5.0,4.0,5.0,5.0,29.0,35.0
2026-08-10 10:00:00+00:00,26.81128043958333,35.45133566611111,,992.0383715657194,,-0.2077422990527777,0.0,0.0,0.0,23.7,41,9.7,991.4,92,14.8,cloudy,23.0,45.0,21.0,0.0,0.0,747.0,4.9,0.0,0.0,24.0,44.0,1018.0,11.0,170.0,3.0,10.254633420203943,16.55664701937939,9.00909877715556,28.18370331483787,-0.2324545880981432,-0.37893550082640104,992.0383715657194,0.0,0.0,0.0,2.0,4.0,7.0,4.0,4.0,4.0,5.0,4.0,7.0,7.0,34.0,25.0
2026-08-10 11:00:00+00:00,26.547889841527777,36.12668549,,991.5084448866196,,-0.2642459336527777,0.0,0.0,0.0,24.5,39,9.6,991.1,100,15.8,cloudy,24.0,56.0,26.0,0.0,0.0,746.0,1.0,0.0,0.0,25.0,39.0,1018.0,10.1,190.0,6.0,10.305154215194994,16.24273562633278,9.047458854896732,27.943700426586158,-0.2714029773818609,-0.46049810727350854,991.5084448866196,0.0,0.0,0.0,3.0,3.0,8.0,5.0,3.0,4.0,5.0,3.0,8.0,8.0,40.0,26.0
2026-08-10 12:00:00+00:00,25.559759314722225,36.5468130525,,990.7186825693444,,-0.1458596538583333,0.0,0.0,0.0,25.0,36,8.9,990.3,100,15.1,cloudy,24.0,39.0,21.0,0.0,0.0,746.0,4.8,0.0,0.0,25.3,42.0,1016.4,11.5,230.0,11.0,9.604552008998889,15.955207305723336,8.66183514145184,26.63736956149926,-0.30071985682802715,-0.6598444981875105,990.7186825693444,0.0,0.0,0.0,3.0,3.0,9.0,3.0,9.0,10.0,6.0,3.0,8.0,9.0,40.0,26.0
2026-08-10 13:00:00+00:00,25.521015887416667,35.55436100972222,,989.8318235378832,,0.5667321639277778,0.0,0.0,0.0,25.3,35,8.8,990.0,23,15.5,cloudy,25.0,44.0,23.0,0.0,0.0,746.0,4.8,0.0,0.0,26.0,37.0,1016.0,10.2,180.0,6.0,9.160568978648179,16.360446908768488,8.408354032590546,26.40369344392282,0.05885564121785336,-0.8383106743681878,989.8318235378832,0.0,0.0,0.0,0.0,2.0,6.0,0.0,8.0,10.0,5.0,2.0,7.0,8.0,40.0,27.0
2026-08-10 14:00:00+00:00,25.284950631166662,35.738796970833334,,989.0721962190612,,-0.1702165531638888,0.0,0.0,0.0,25.2,35,8.7,988.9,59,15.5,cloudy,26.0,47.0,27.0,0.0,0.0,745.0,2.0,0.0,0.0,26.0,37.0,1016.0,10.2,170.0,4.0,9.029138971310124,16.25581165985654,8.34085469323808,26.11090135244642,0.15030217706660223,-0.8232431751416129,989.0721962190612,0.0,0.0,0.0,0.0,2.0,4.0,3.0,7.0,10.0,4.0,2.0,7.0,7.0,40.0,29.0
2026-08-10 15:00:00+00:00,25.02297881858333,37.25799184,,988.5647903839834,,-0.6969193705277777,0.0,0.0,0.0,25.1,36,9.0,988.4,18,15.8,cloudy,25.0,40.0,22.0,0.0,0.0,745.0,4.5,0.0,0.0,25.2,41.0,1013.9,11.0,220.0,11.0,9.416166942803752,15.606811875779577,8.568397387208854,26.017250946430753,-0.37681751649445516,-0.6335165769498872,988.5647903839834,0.0,0.0,0.0,4.0,4.0,11.0,13.0,9.0,12.0,8.0,4.0,12.0,13.0,40.0,34.0
2026-08-10 16:00:00+00:00,24.567727495472223,39.240335343333335,,988.1205128736584,,-0.9203030327611113,0.0,0.0,0.0,24.9,35,8.4,987.9,1,15.1,clear,25.0,44.0,22.0,0.0,0.0,745.0,4.5,0.0,0.0,25.0,39.0,1015.0,10.1,180.0,3.0,9.7839625330131,14.783764962459124,8.79583061273874,25.725573811396796,-0.7360233486987084,-0.47584167270139227,988.1205128736584,0.0,0.0,0.0,7.0,7.0,22.0,17.0,9.0,12.0,12.0,7.0,17.0,20.0,40.0,34.0
2026-08-10 17:00:00+00:00,23.814853049305555,40.51058750111111,,987.7474659459556,,-0.6586914548999999,0.0,0.0,0.0,24.1,41,10.0,987.8,0,14.8,clear,25.0,40.0,23.0,0.0,0.0,744.0,3.0,0.0,0.0,23.0,47.0,1014.0,11.1,180.0,4.0,9.585880473256,14.228972576049555,8.70182534451125,24.884161799408197,-0.688919649865011,-0.40866221901393374,987.7474659459556,0.0,0.0,0.0,7.0,7.0,22.0,12.0,8.0,11.0,12.0,7.0,17.0,19.0,40.0,32.0
2026-08-10 18:00:00+00:00,22.802349828222223,43.209304162222224,,987.4169502416834,,-0.9517239191305557,0.0,0.0,0.0,22.9,46,10.7,987.3,0,14.4,clear,22.0,48.0,19.0,0.0,0.0,744.0,3.8,0.0,0.0,20.8,56.0,1013.2,11.7,200.0,4.0,9.636418532438098,13.165931295784125,8.761241174972321,23.894149351766085,-0.8089168333374994,-0.35178131598752316,987.4169502416834,0.0,0.0,0.0,8.0,8.0,24.0,18.0,8.0,11.0,13.0,14.0,17.0,19.0,40.0,30.0
2026-08-10 19:00:00+00:00,21.76763280363889,46.681291555277774,,987.0608670856057,,-1.3923146032944445,0.0,0.0,0.0,22.1,48,10.6,987.1,15,14.4,clear,21.0,55.0,19.0,0.0,0.0,744.0,3.4,0.0,0.0,18.0,64.0,1013.0,11.1,150.0,3.0,9.850778127109898,11.916854676528992,8.919156170345593,22.955578460004205,-1.156058949760282,-0.3432994301749659,987.0608670856057,0.0,0.0,0.0,12.0,12.0,35.0,26.0,12.0,15.0,17.0,19.0,19.0,22.0,40.0,30.0
2026-08-10 20:00:00+00:00,21.207307648444445,48.68604867277778,,986.6535327124778,,-0.7456327958444445,0.0,0.0,0.0,21.3,50,10.5,986.4,0,13.3,clear,20.0,39.0,18.0,0.0,0.0,742.0,2.0,0.0,0.0,16.0,72.0,1013.0,11.0,140.0,3.0,9.966864908225562,11.240442740218883,9.005814057434959,22.447831635551953,-0.9627442777826208,-0.38170876460276304,986.6535327124778,0.0,0.0,0.0,10.0,11.0,33.0,14.0,11.0,14.0,16.0,18.0,19.0,21.0,40.0,32.0
2026-08-10 21:00:00+00:00,20.682501807,50.62876177055555,,986.0272540538388,,-0.6191070260527778,0.0,0.0,0.0,20.8,52,10.6,986.1,76,14.4,clear,18.0,57.0,15.0,0.0,0.0,742.0,4.1,0.0,0.0,16.9,70.0,1012.1,11.4,210.0,4.0,10.06987882101485,10.612622985985151,9.084243960356966,21.969985540999456,-0.6521158452719202,-0.5168065158834452,986.0272540538388,0.0,1.0,1.0,7.0,10.0,29.0,12.0,11.0,17.0,14.0,16.0,18.0,20.0,40.0,37.0
2026-08-10 22:00:00+00:00,20.01821449275,53.40086339166667,,985.6768288543276,,-0.86494222055,0.0,0.0,0.0,20.0,59,11.8,985.6,100,14.0,clear,18.0,58.0,15.0,0.0,0.0,742.0,3.7,0.0,0.0,20.0,56.0,1012.0,10.9,190.0,5.0,10.254274642829099,9.763939849920902,9.217629936388485,21.390471526782974,-0.7382514451489905,-0.4883519290751224,985.6768288543276,0.0,1.0,1.0,7.0,9.0,27.0,16.0,10.0,16.0,14.0,14.0,17.0,19.0,89.0,41.0
2026-08-10 23:00:00+00:00,19.53769938969445,55.458108375833326,,985.2511841633084,,-0.6712839163750001,0.0,0.0,0.0,19.6,61,11.9,985.5,100,14.4,clear,16.0,45.0,14.0,0.0,0.0,741.0,1.0,0.0,0.0,18.0,64.0,1012.0,11.1,180.0,4.0,10.374502306390514,9.163197083303935,9.307094514034777,20.965726806264087,-0.7247129513406084,-0.3880349452651899,985.2511841633084,0.0,1.0,1.0,7.0,8.0,25.0,13.0,9.0,15.0,13.0,12.0,17.0,19.0,93.0,43.0
2026-08-11 00:00:00+00:00,19.236167315527776,56.89900772805555,,984.9055124097443,,-0.5040306979666667,0.9,0.9,0.0,18.6,75,14.1,985.0,100,10.4,cloudy,18.0,60.0,15.0,0.0,0.0,741.0,3.9,0.0,0.0,18.5,65.0,1010.8,11.8,210.0,7.0,10.478128166572182,8.758039148955595,9.381249573845396,20.71258123330025,-0.5029503504826538,-0.3856582222916245,984.9055124097443,1.0,1.0,,5.0,7.0,22.0,9.0,8.0,14.0,12.0,10.0,16.0,18.0,96.0,46.0
2026-08-11 01:00:00+00:00,19.012714944583333,58.23892632222223,,984.7001485301112,,-0.3119462609027777,0.1,0.1,0.0,18.7,69,12.9,984.2,100,13.3,overcast,17.0,67.0,15.0,0.0,0.0,741.0,3.2,0.0,0.7,18.0,64.0,1011.0,11.1,190.0,5.0,10.618687342265098,8.394027602318236,9.476687679478813,20.55523308958231,-0.3845847404928495,-0.2755178165986081,984.7001485301112,1.0,1.0,,4.0,6.0,19.0,6.0,7.0,13.0,10.0,8.0,15.0,17.0,99.0,50.0
2026-08-11 02:00:00+00:00,18.94802291961111,59.25866369055556,,984.5103700813306,,-0.3424801703361111,0.1,0.1,0.0,18.1,70,12.6,984.3,100,11.2,overcast,18.0,54.0,17.0,0.0,0.0,740.0,1.0,0.0,0.8,17.0,72.0,1011.0,11.9,200.0,3.0,10.819099098568016,8.128923821043093,9.605926672078846,20.585740968132022,-0.3145576639562506,-0.19757116420686316,984.5103700813306,1.0,0.0,,3.0,5.0,16.0,6.0,6.0,12.0,9.0,7.0,14.0,15.0,100.0,53.0
2026-08-11 03:00:00+00:00,18.471015022388887,64.80835389944444,,984.8062435879416,,-1.2572120098055557,0.0,0.0,0.0,18.3,67,12.1,984.3,99,11.5,overcast,17.0,75.0,16.0,0.0,0.0,740.0,2.7,0.0,0.8,18.0,68.0,1010.2,12.0,310.0,4.0,11.721212954879912,6.749802067508975,10.213704221293446,20.55133507333704,-0.8221127674046302,0.053047528915215025,984.8062435879416,0.0,0.0,0.0,11.0,11.0,25.0,34.0,11.0,17.0,14.0,16.0,19.0,23.0,100.0,54.0
2026-08-11 04:00:00+00:00,19.787748979333333,67.14285509638889,,985.1551402944472,,-0.4567794721777777,0.0,0.0,0.0,18.7,67,12.4,984.3,74,8.6,overcast,17.0,82.0,16.0,0.0,0.0,740.0,2.5,0.0,0.0,17.0,77.0,1011.0,12.9,220.0,1.0,13.513631487644252,6.274117491689081,11.434433436628607,22.81922858262726,-0.9274031646770062,0.3223851065582721,985.1551402944472,0.0,0.0,0.0,18.0,18.0,28.0,24.0,18.0,24.0,20.0,18.0,23.0,28.0,100.0,63.0
2026-08-11 05:00:00+00:00,19.62139017230556,68.81502772805555,,986.0385935672084,,-0.422800498875,0.0,0.0,0.0,19.4,66,12.9,984.8,28,8.6,cloudy,17.0,61.0,16.0,0.0,0.0,739.0,1.0,0.0,0.0,18.0,73.0,1011.0,13.1,270.0,3.0,13.733412366020415,5.887977806285145,11.605513401898897,22.776389957231032,-0.43091213061191525,0.6161749896334072,986.0385935672084,0.0,0.0,0.0,17.0,17.0,23.0,26.0,16.0,21.0,20.0,17.0,22.0,27.0,100.0,62.0
2026-08-11 06:00:00+00:00,23.409244496444444,56.03857330583333,,986.0355838005584,,3.509109470811111,0.0,0.0,0.0,19.9,72,14.7,984.9,0,7.9,cloudy,17.0,76.0,15.0,0.0,0.0,739.0,3.5,0.0,0.0,18.0,78.0,1011.8,14.1,330.0,11.0,14.139542443618597,9.269702052825847,11.7629453560708,26.796615790169845,1.4977922805683832,0.44022175305559585,986.0355838005584,0.0,0.0,0.0,0.0,12.0,16.0,0.0,11.0,15.0,14.0,12.0,16.0,19.0,94.0,77.0
2026-08-11 07:00:00+00:00,22.624469103638887,55.52611286194445,,986.4633135924084,,0.0256841193416666,0.0,0.0,0.0,20.8,66,14.2,985.2,3,13.0,cloudy,18.0,75.0,17.0,0.0,0.0,739.0,3.7,0.0,0.0,20.0,64.0,1012.0,13.0,330.0,6.0,13.267281189006937,9.35718791463195,11.144581913292807,25.519331100527356,1.7346050541734028,0.21236001260001558,986.4633135924084,0.0,0.0,0.0,0.0,9.0,11.0,0.0,8.0,10.0,10.0,9.0,11.0,13.0,92.0,66.0
2026-08-11 08:00:00+00:00,22.99407391041667,53.60535201472222,,986.76003382,,0.7065286463444443,0.0,0.0,0.0,21.1,62,13.6,985.3,83,13.3,cloudy,19.0,68.0,20.0,0.0,0.0,739.0,0.0,0.0,0.0,21.0,60.0,1012.0,12.9,310.0,5.0,13.070776301334556,9.923297609082114,10.98893640433936,25.78133654663692,0.3267977781281335,0.3622250097208166,986.76003382,0.0,1.0,1.0,0.0,6.0,8.0,0.0,5.0,7.0,7.0,6.0,8.0,9.0,92.0,67.0
2026-08-11 09:00:00+00:00,22.14661974347222,53.64792625194445,,986.9103191357416,,-0.0116537151805555,0.0,0.0,0.0,20.9,60,12.9,985.6,100,15.1,cloudy,20.0,61.0,18.0,0.0,0.0,739.0,4.6,0.0,0.0,21.0,61.0,1012.2,13.2,290.0,14.0,12.297342795132563,9.849276948339655,10.476361961055922,24.522002020253936,0.24604451685385256,0.22350277166657406,986.9103191357416,0.0,1.0,1.0,0.0,4.0,6.0,0.0,4.0,5.0,5.0,4.0,5.0,6.0,92.0,39.0
2026-08-11 10:00:00+00:00,23.33778875433333,49.01136888194444,,987.1832027469724,,1.4800489783694444,0.0,0.0,0.0,21.8,55,12.3,986.0,100,14.4,cloudy,21.0,62.0,19.0,0.0,0.0,739.0,5.0,0.0,0.0,20.0,60.0,1013.0,12.0,300.0,7.0,12.020495765629432,11.3172929887039,10.246100977381174,25.570154897375797,0.6969976898108924,0.2115844634861901,987.1832027469724,0.0,1.0,1.0,0.0,3.0,4.0,0.0,3.0,4.0,3.0,3.0,4.0,5.0,40.0,48.0
2026-08-11 11:00:00+00:00,22.88614995858333,46.3173281075,,987.3684559264748,,1.3518658895416664,0.1,0.1,0.0,20.9,61,13.1,986.4,0,12.2,cloudy,22.0,79.0,24.0,0.0,0.0,740.0,3.0,0.0,0.0,22.0,50.0,1013.0,11.1,280.0,7.0,10.75290432543363,12.133245633149702,9.43654236132809,24.492300329812604,1.1419843424050233,0.2290683953665962,987.3684559264748,1.0,1.0,,0.0,2.0,3.0,0.0,2.0,3.0,2.0,2.0,3.0,3.0,40.0,40.0
2026-08-11 12:00:00+00:00,22.305626548000003,43.719156095277775,,987.4244326646472,,0.650195107225,0.0,0.0,0.0,22.6,43,9.4,986.5,2,15.1,cloudy,20.0,59.0,18.0,0.0,0.0,740.0,4.7,0.0,0.0,21.9,46.0,1012.7,9.7,330.0,14.0,9.362064234718792,12.94356231328121,8.615827709426927,23.276135994344003,0.8131346622886556,0.12061495883739326,987.4244326646472,0.0,1.0,0.0,0.0,1.0,2.0,0.0,1.0,2.0,2.0,1.0,2.0,2.0,40.0,40.0
2026-08-11 13:00:00+00:00,21.725039792916665,41.46702795833333,,987.68023904095,,0.6793284347333333,0.0,0.0,0.0,23.1,39,8.4,985.6,9,13.7,cloudy,22.0,55.0,20.0,0.0,0.0,740.0,5.4,0.0,0.0,21.0,46.0,1013.0,8.9,310.0,7.0,8.0553413205657,13.669698472350964,7.903455577333854,22.144245619430745,0.768226419600631,0.1558915572376236,987.68023904095,0.0,1.0,0.0,0.0,1.0,1.0,0.0,1.0,1.0,1.0,1.0,1.0,2.0,40.0,28.0
2026-08-11 14:00:00+00:00,18.803829364,56.06544389111111,,989.0746023827418,,-4.723026552880556,0.2,0.2,0.0,18.9,64,11.9,987.1,100,17.6,cloudy,22.0,64.0,23.0,0.0,0.0,741.0,2.0,0.0,0.0,22.0,38.0,1013.0,7.0,270.0,8.0,9.853484218434712,8.950345145565286,9.011332227113188,19.992996574382452,-1.9966085838579621,0.8250848590473083,989.0746023827418,1.0,0.0,,15.0,15.0,60.0,28.0,10.0,13.0,12.0,15.0,15.0,19.0,68.0,21.0
2026-08-11 15:00:00+00:00,17.92612462713889,57.94866581472223,,989.1838680193612,,-0.8261876891499998,0.0,0.0,0.0,18.3,62,10.9,987.6,100,15.5,light-rain,22.0,52.0,18.0,90.0,0.25,741.0,6.4,1.0,0.0,17.1,68.0,1015.1,11.1,320.0,14.0,9.525966700464211,8.400157926674678,8.842253636207571,18.96885714138128,-2.634770272838143,0.7518144892055716,989.1838680193612,0.0,0.0,0.0,15.0,15.0,79.0,15.0,10.0,13.0,12.0,15.0,15.0,22.0,65.0,20.0
2026-08-11 16:00:00+00:00,17.493432049805556,57.90226487444445,,989.5611884879056,,-0.0362929969416666,0.0,0.0,0.0,17.9,69,12.1,988.0,99,10.8,light-rain,19.0,56.0,15.0,90.0,0.25,741.0,6.3,1.0,0.0,16.0,77.0,1015.0,12.0,270.0,3.0,9.108754460841464,8.384677588964092,8.610505633718578,18.35369290807671,-0.2828337783005974,0.24329305258191883,989.5611884879056,0.0,0.0,0.0,3.0,11.0,58.0,1.0,8.0,11.0,9.0,11.0,11.0,16.0,53.0,20.0
2026-08-11 17:00:00+00:00,16.84815440741667,63.551504253888886,,990.0892591930666,,-1.404795549125,0.0,0.0,0.0,17.9,63,10.7,988.8,0,15.1,cloudy,17.0,45.0,12.0,0.0,0.0,741.0,5.0,0.0,0.0,17.0,59.0,1016.0,8.9,270.0,5.0,9.887791653649792,6.960362753766876,9.092957510978732,18.052825232928793,-0.719897586453901,0.45269558685271255,990.0892591930666,0.0,0.0,0.0,8.0,10.0,47.0,35.0,8.0,10.0,7.0,10.0,9.0,13.0,47.0,32.0
2026-08-11 18:00:00+00:00,15.57795926625,66.91796185583333,,991.0931183885,,-1.055754973672222,0.0,0.0,0.0,17.3,67,11.1,989.5,1,15.1,clear,17.0,57.0,13.0,0.0,0.0,741.0,5.0,0.0,0.0,16.0,74.0,1016.4,11.4,310.0,11.0,9.4508660443816,6.1270932218683996,8.869336664190055,16.58751188007714,-1.128792183547846,0.7659649502971888,991.0931183885,0.0,0.0,0.0,21.0,21.0,43.0,36.0,16.0,18.0,18.0,21.0,17.0,19.0,44.0,30.0
2026-08-11 19:00:00+00:00,14.410608960555557,69.12347407722223,,991.5660049781724,,-0.7771645818888889,0.0,0.0,0.0,17.0,67,10.8,990.0,2,17.6,clear,17.0,63.0,14.0,0.0,0.0,741.0,4.3,0.0,0.0,14.0,82.0,1017.0,11.0,320.0,4.0,8.81759262331456,5.5930163372409964,8.533663079158295,15.146179532190173,-0.6836732082629399,0.7383728925528885,991.5660049781724,0.0,0.0,0.0,23.0,23.0,36.0,36.0,18.0,19.0,19.0,23.0,21.0,23.0,40.0,27.0
2026-08-11 20:00:00+00:00,14.655109974138888,68.33388132805555,,992.0547135919138,,-0.1380603659472222,0.0,0.0,0.0,16.3,69,10.6,990.6,0,19.4,clear,16.0,71.0,13.0,0.0,0.0,742.0,4.0,0.0,0.0,13.0,82.0,1017.0,10.0,310.0,5.0,8.881155628549898,5.77395434558899,8.563060005194638,15.417717463416286,-0.17656943813970474,0.48079760170691094,992.0547135919138,0.0,0.0,0.0,16.0,21.0,27.0,22.0,17.0,19.0,17.0,19.0,18.0,19.0,30.0,30.0
2026-08-11 21:00:00+00:00,14.726234761777777,68.65705179305556,,992.375812142536,,-0.1382602357805555,0.0,0.0,0.0,15.1,79,11.5,991.3,8,13.3,clear,15.0,67.0,12.0,0.0,0.0,742.0,4.3,0.0,0.0,12.6,84.0,1018.5,10.0,300.0,4.0,9.019130359873403,5.707104401904374,8.640951087438571,15.547883767997648,0.05704403233168875,0.40490358218181655,992.375812142536,0.0,0.0,0.0,14.0,19.0,19.0,23.0,16.0,17.0,15.0,16.0,15.0,16.0,25.0,37.0
2026-08-11 22:00:00+00:00,14.728519994833334,70.18164684805555,,992.7690139023612,,-0.3864734638694445,0.0,0.0,0.0,14.7,76,10.5,991.9,100,15.5,clear,14.0,71.0,11.0,0.0,0.0,742.0,4.1,0.0,0.0,13.0,82.0,1018.0,10.0,290.0,3.0,9.347688873323671,5.380831121509663,8.834062147100251,15.692728380148298,-0.1965616120396634,0.3571501552236782,992.7690139023612,0.0,0.0,0.0,20.0,20.0,15.0,30.0,20.0,20.0,16.0,20.0,15.0,16.0,25.0,44.0
2026-08-11 23:00:00+00:00,13.68852185736111,75.99701683361111,,993.236670469064,,-1.1313582349972222,0.0,0.0,0.0,14.4,78,10.6,992.3,1,17.3,clear,12.0,73.0,9.0,0.0,0.0,744.0,3.0,0.0,0.0,12.0,88.0,1019.0,10.1,300.0,4.0,9.531246251468708,4.157275605892401,8.97606427377182,14.733592462612963,-0.7749143980059863,0.4304291632640229,993.236670469064,0.0,0.0,0.0,40.0,40.0,23.0,55.0,40.0,40.0,36.0,40.0,34.0,37.0,34.0,39.0
2026-08-12 00:00:00+00:00,12.840719205111112,78.42943058055556,,993.8626179218804,,-0.6700620254444444,0.0,0.0,0.0,14.0,77,10.0,992.6,100,18.4,clear,13.0,75.0,10.0,0.0,0.0,744.0,4.3,0.0,0.0,12.1,87.0,1020.1,10.0,320.0,4.0,9.177906519216922,3.66281268589419,8.791417135124204,13.73091297769835,-0.8590092178077366,0.5468020097596309,993.8626179218804,0.0,0.0,0.0,47.0,47.0,26.0,50.0,42.0,42.0,42.0,41.0,41.0,43.0,36.0,34.0
2026-08-12 01:00:00+00:00,12.36526067297222,79.84106846499999,,994.3142591625613,,-0.2752525274944444,0.0,0.0,0.0,13.5,79,9.9,993.4,0,16.6,clear,12.0,78.0,9.0,0.0,0.0,744.0,3.9,0.0,0.0,12.0,88.0,1020.0,10.1,300.0,4.0,8.98032649951109,3.3849341734611293,8.689650555308098,13.170255906196553,-0.38617071621563603,0.5387943467486025,994.3142591625613,0.0,0.0,0.0,45.0,46.0,22.0,46.0,42.0,42.0,42.0,41.0,41.0,42.0,37.0,31.0
2026-08-12 02:00:00+00:00,11.931853045055556,81.8235462213889,,994.8835403667724,,-0.4000000000000001,0.0,0.0,0.0,13.1,79,9.5,993.7,100,16.2,clear,12.0,73.0,10.0,0.0,0.0,745.0,2.0,0.0,0.0,11.0,94.0,1020.0,10.1,300.0,4.0,8.921509884088088,3.0103431609674676,8.66841983135656,12.711678629777873,-0.3262347624633613,0.510461222445997,994.8835403667724,0.0,0.0,0.0,49.0,49.0,18.0,51.0,44.0,44.0,44.0,49.0,44.0,44.0,42.0,35.0
2026-08-12 03:00:00+00:00,11.651928097444443,82.19395511694445,,995.5362616650472,,-0.077582846,0.0,0.0,0.0,12.4,81,9.3,994.2,0,15.8,clear,11.0,80.0,8.0,0.0,0.0,745.0,3.9,0.0,0.0,11.5,89.0,1021.9,9.7,340.0,7.0,8.715001900479699,2.9369261969647447,8.55684646472094,12.344076410394159,-0.22400398824819234,0.6110012512429535,995.5362616650472,0.0,0.0,0.0,49.0,49.0,15.0,46.0,44.0,44.0,44.0,49.0,43.0,43.0,44.0,37.0
2026-08-12 04:00:00+00:00,14.42527110125,70.87180345444445,,996.0279862693806,,2.238132706761111,0.0,0.0,0.0,12.2,82,9.3,994.9,1,15.1,clear,11.0,83.0,8.0,0.0,0.0,745.0,3.8,0.0,0.0,11.0,94.0,1022.0,10.1,320.0,3.0,9.202312926285401,5.2229581749645995,8.75734672807781,15.3260587232022,1.1063075069985657,0.5722229513040702,996.0279862693806,0.0,0.0,0.0,13.0,38.0,10.0,0.0,33.0,33.0,34.0,38.0,32.0,33.0,17.0,50.0
2026-08-12 05:00:00+00:00,17.663628882916665,56.77800755027778,,996.5654596251752,,3.593701969013889,0.0,0.0,0.0,13.1,77,9.1,995.5,1,15.5,clear,12.0,84.0,10.0,0.0,0.0,745.0,2.0,0.0,0.0,13.0,82.0,1022.0,10.0,320.0,6.0,8.976946164618766,8.686682718297899,8.529389148679988,18.467175168670526,2.8748782606665766,0.5145989800640223,996.5654596251752,0.0,0.0,0.0,0.0,27.0,7.0,0.0,23.0,23.0,23.0,27.0,23.0,23.0,0.0,63.0
2026-08-12 06:00:00+00:00,19.679240180944443,49.248263423888886,,997.001381986322,,2.188808022475,0.0,0.0,0.0,14.3,69,8.7,995.8,0,15.8,clear,13.0,70.0,9.0,0.0,0.0,745.0,4.6,0.0,0.0,13.6,75.0,1023.1,9.3,360.0,11.0,8.73554787412451,10.943692306819933,8.333834675527404,20.380063481925614,2.860367065927667,0.486697858470734,997.001381986322,0.0,0.0,0.0,0.0,19.0,5.0,0.0,16.0,16.0,16.0,19.0,16.0,16.0,0.0,72.0
2026-08-12 07:00:00+00:00,21.306778628777774,41.886617997777776,,997.4595957982444,,2.7246216274444444,0.0,0.0,0.0,15.7,59,7.7,996.1,0,15.5,clear,14.0,65.0,10.0,0.0,0.0,745.0,5.3,0.0,0.0,15.0,63.0,1023.0,8.0,320.0,7.0,7.827027645605571,13.479750983172202,7.792820160348155,21.633999969026526,2.396534132437152,0.4470680865346139,997.4595957982444,0.0,0.0,0.0,0.0,13.0,4.0,0.0,11.0,11.0,12.0,13.0,11.0,11.0,0.0,61.0
2026-08-12 08:00:00+00:00,21.953801984944445,37.26545186055555,,997.7251181023668,,1.847628602272222,0.0,0.0,0.0,16.9,53,7.2,996.3,3,16.9,clear,15.0,89.0,15.0,0.0,0.0,747.0,2.0,0.0,0.0,17.0,52.0,1023.0,7.1,320.0,9.0,6.6949672895079075,15.258834695436537,7.196908703997126,21.84315089940884,2.157571194308302,0.36186805802236677,997.7251181023668,0.0,0.0,0.0,0.0,9.0,2.0,0.0,8.0,8.0,8.0,9.0,8.0,8.0,0.0,43.0
2026-08-12 09:00:00+00:00,21.988209943972223,36.030604696388885,,997.8662653479888,,0.4890205473749999,0.0,0.0,0.0,17.9,49,7.1,996.7,1,17.3,clear,17.0,47.0,12.0,0.0,0.0,747.0,6.6,0.0,0.0,17.0,53.0,1023.8,7.3,340.0,18.0,6.235447054792168,15.752762889180055,6.972225707618835,21.70820465671001,1.1365059530039259,0.20333477487218943,997.8662653479888,0.0,0.0,0.0,0.0,6.0,2.0,0.0,6.0,6.0,6.0,6.0,5.0,5.0,0.0,31.0
2026-08-12 10:00:00+00:00,21.847758123333332,36.5549957625,,998.0976779767168,,-0.1725246962055555,0.0,0.0,0.0,18.8,46,6.9,996.8,40,16.2,clear,18.0,45.0,13.0,0.0,0.0,747.0,6.6,0.0,0.0,18.0,49.0,1024.0,7.1,330.0,7.0,6.320880646627979,15.526877476705351,7.016709991065909,21.598882118088913,0.1340213906344072,0.18627993717501568,998.0976779767168,0.0,0.0,0.0,0.0,4.0,1.0,3.0,4.0,4.0,4.0,4.0,4.0,4.0,0.0,23.0
2026-08-12 11:00:00+00:00,20.66593430722222,39.30414221666667,,998.1919904578888,,-1.1727579882361112,0.0,0.0,0.0,19.3,45,7.1,997.2,27,16.2,cloudy,18.0,72.0,18.0,0.0,0.0,747.0,2.0,0.0,0.0,18.0,49.0,1024.0,7.1,330.0,7.0,6.322033266856295,14.343901040365925,7.045492568826596,20.417479387379633,-0.704430924407065,0.16286255494998159,998.1919904578888,0.0,0.0,0.0,7.0,7.0,21.0,22.0,7.0,7.0,4.0,4.0,3.0,4.0,3.0,17.0
2026-08-12 12:00:00+00:00,20.435357529166662,39.807337501666666,,998.184052049314,,-0.2332886591055555,0.0,0.0,0.0,19.9,42,6.6,997.3,59,15.5,cloudy,19.0,42.0,15.0,0.0,0.0,747.0,5.4,0.0,0.0,18.8,46.0,1024.1,6.9,10.0,14.0,6.300448373231581,14.13490915593508,7.040554582225164,20.179021924010442,-0.6959841603851356,0.04318703629860465,998.184052049314,0.0,0.0,0.0,7.0,7.0,21.0,4.0,7.0,7.0,4.0,7.0,5.0,6.0,3.0,16.0
2026-08-12 13:00:00+00:00,20.23960514113889,38.67352418611111,,998.1566053136028,,0.4461500394861111,0.0,0.0,0.0,20.0,42,6.7,997.2,33,15.1,cloudy,20.0,42.0,16.0,0.0,0.0,747.0,5.3,0.0,0.0,19.0,46.0,1024.0,7.1,320.0,7.0,5.7067774047315,14.532827736407391,6.76239177436409,19.770533077725872,0.09446334802073329,-0.017692572143005236,998.1566053136028,0.0,0.0,0.0,0.0,5.0,15.0,0.0,5.0,5.0,3.0,5.0,3.0,4.0,0.0,16.0
2026-08-12 14:00:00+00:00,19.96269851508333,39.09868443333333,,998.2276567185248,,-0.2287738621833333,0.0,0.0,0.0,20.0,40,6.0,997.4,100,16.2,cloudy,19.0,52.0,16.0,0.0,0.0,749.0,4.0,0.0,0.0,18.0,49.0,1024.0,7.1,330.0,6.0,5.617386881537969,14.34531163354536,6.727031138965266,19.462256973556613,0.1052012388051402,0.021802334605411033,998.2276567185248,0.0,0.0,0.0,0.0,3.0,10.0,4.0,3.0,3.0,2.0,3.0,2.0,3.0,0.0,19.0
2026-08-12 15:00:00+00:00,19.04335260538889,43.47696150416667,,998.3012500589166,,-1.6543001015055558,0.0,0.0,0.0,19.8,41,6.2,997.2,0,13.3,cloudy,20.0,36.0,15.0,0.0,0.0,749.0,4.9,0.0,0.0,19.4,46.0,1024.2,7.5,330.0,11.0,6.327715533312468,12.715637072076422,7.087389006441009,18.79697401290331,-0.9085953321654845,0.0723223726569131,998.3012500589166,0.0,0.0,0.0,9.0,9.0,27.0,28.0,9.0,9.0,7.0,9.0,8.0,10.0,4.0,18.0
2026-08-12 16:00:00+00:00,18.76967748013889,40.09477574472222,,998.3560040211472,,1.1826486655416666,0.0,0.0,0.0,19.7,41,6.1,997.4,13,13.0,cloudy,18.0,37.0,13.0,0.0,0.0,749.0,4.7,0.0,0.0,19.0,49.0,1024.0,8.0,350.0,3.0,4.91141962530432,13.85825785483457,6.43140815825316,18.02744179804092,-0.24352688935539568,0.06417365131119368,998.3560040211472,0.0,0.0,0.0,2.0,7.0,21.0,0.0,7.0,7.0,6.0,7.0,6.0,8.0,1.0,16.0
2026-08-12 17:00:00+00:00,17.83599327416667,41.56888392472222,,998.4043223602556,,-0.6441867793249999,0.0,0.0,0.0,18.8,47,7.2,997.5,10,10.1,cloudy,19.0,44.0,16.0,0.0,0.0,749.0,3.0,0.0,0.0,18.0,49.0,1024.0,7.1,310.0,4.0,4.589875082532603,13.246118191634064,6.3090050795574815,16.987060357271403,0.265240559778821,0.05153615066950579,998.4043223602556,0.0,0.0,0.0,0.0,5.0,15.0,12.0,5.0,5.0,4.0,5.0,4.0,6.0,0.0,15.0
2026-08-12 18:00:00+00:00,16.555056951555553,47.874530389166665,,998.6545411996084,,-2.077809293925,0.0,0.0,0.0,17.7,52,7.8,997.8,85,8.6,cloudy,17.0,45.0,14.0,0.0,0.0,749.0,3.0,0.0,0.0,13.5,70.0,1025.1,8.1,0.0,0.0,5.455986721285611,11.099070230269941,6.730473114029137,15.998408773329238,-1.379593812282314,0.14926858923058717,998.6545411996084,0.0,0.0,0.0,14.0,14.0,40.0,28.0,14.0,14.0,14.0,14.0,14.0,17.0,5.0,15.0
2026-08-12 19:00:00+00:00,15.568785100972224,54.37799420694444,,998.7841784770444,,-1.962867057711111,0.0,0.0,0.0,17.3,53,7.6,997.9,90,8.6,cloudy,16.0,52.0,14.0,0.0,0.0,749.0,2.0,0.0,0.0,10.0,87.0,1025.0,7.9,270.0,2.0,6.389567043153512,9.179218057818712,7.203281380186564,15.345053820048868,-2.033450066907676,0.18992805839440052,998.7841784770444,0.0,0.0,0.0,15.0,15.0,61.0,28.0,15.0,15.0,15.0,15.0,15.0,21.0,6.0,14.0
2026-08-12 20:00:00+00:00,14.950362107555556,57.93354501611111,,998.933007001864,,-1.3330187442444443,0.0,0.0,0.0,16.8,56,8.0,997.9,90,8.3,cloudy,13.0,48.0,11.0,0.0,0.0,749.0,1.0,0.0,0.0,8.0,93.0,1025.0,6.9,280.0,1.0,6.733809999911941,8.216552107643615,7.3915368668335075,14.854244067821396,-1.441259061313163,0.13923290112779796,998.933007001864,0.0,0.0,0.0,14.0,15.0,56.0,25.0,15.0,15.0,15.0,15.0,15.0,20.0,5.0,16.0
2026-08-12 21:00:00+00:00,14.422513768361112,62.152223908055554,,999.2542545965332,,-0.9608386909333334,0.0,0.0,0.0,16.0,57,7.5,998.2,100,9.0,cloudy,12.0,59.0,9.0,0.0,0.0,749.0,2.5,0.0,0.0,10.3,85.0,1026.0,7.9,0.0,0.0,7.26347268358756,7.159041084773552,7.678609096576515,14.52801754843366,-1.0100884865225803,0.2350380597443973,999.2542545965332,0.0,0.0,0.0,10.0,13.0,48.0,25.0,13.0,13.0,13.0,13.0,13.0,18.0,4.0,20.0
2026-08-12 22:00:00+00:00,14.109344223166666,64.14724189555555,,999.4712112724444,,-1.0521491230833333,0.0,0.0,0.0,15.3,57,6.9,998.2,100,8.6,cloudy,11.0,63.0,8.0,0.0,0.0,749.0,2.4,0.0,0.0,8.0,100.0,1025.0,8.0,310.0,2.0,7.429598516719609,6.679745706447057,7.774677514660563,14.279426081166848,-0.7684032005982789,0.2691021352902112,999.4712112724444,0.0,0.0,0.0,11.0,13.0,41.0,31.0,13.0,13.0,12.0,13.0,13.0,17.0,6.0,23.0
2026-08-12 23:00:00+00:00,13.19877559113889,65.72541967027777,,999.5960480160168,,-0.522904992936111,0.0,0.0,0.0,14.5,59,6.6,998.5,71,8.3,cloudy,11.0,46.0,8.0,0.0,0.0,750.0,1.0,0.0,0.0,9.0,87.0,1026.0,7.0,320.0,2.0,6.919841826047188,6.278933765091702,7.532222392231856,13.172737738577238,-0.4400536598409247,0.17089670974178262,999.5960480160168,0.0,0.0,0.0,13.0,13.0,32.0,25.0,13.0,13.0,12.0,13.0,12.0,15.0,9.0,22.0
2026-08-13 00:00:00+00:00,12.392062805583334,68.92900854277778,,999.753537383236,,-0.7206105726777778,0.0,0.0,0.0,13.3,66,7.1,998.7,1,10.1,cloudy,11.0,68.0,8.0,0.0,0.0,750.0,2.5,0.0,0.0,9.9,84.0,1026.6,7.3,360.0,4.0,6.844343685664212,5.5477191199191225,7.514517119081202,12.337488760816886,-0.5660132932639672,0.14116305539579344,999.753537383236,0.0,0.0,0.0,22.0,22.0,28.0,35.0,22.0,22.0,21.0,22.0,21.0,22.0,16.0,22.0
2026-08-13 01:00:00+00:00,11.706908453194444,72.69246924416667,,999.8149033500888,,-0.7937370930166666,0.0,0.0,0.0,12.6,71,7.5,998.7,0,10.4,cloudy,11.0,74.0,9.0,0.0,0.0,750.0,2.3,0.0,0.0,8.0,93.0,1026.0,6.9,320.0,2.0,6.962301038906029,4.744607414288415,7.593726688798852,11.696976380331122,-0.7671631754016436,0.10942766703601592,999.8149033500888,0.0,0.0,0.0,33.0,33.0,26.0,43.0,33.0,33.0,32.0,33.0,32.0,34.0,25.0,22.0
2026-08-13 02:00:00+00:00,11.073027527333332,76.25416107166667,,1000.0144189034528,,-0.7336289755833333,0.0,0.0,0.0,12.1,75,7.8,998.9,0,10.1,clear,10.0,63.0,8.0,0.0,0.0,750.0,1.0,0.0,0.0,8.0,87.0,1026.0,6.0,320.0,2.0,7.048669632060913,4.024357895272419,7.655803672341353,11.095985027046055,-0.7616806123233517,0.13044076010839945,1000.0144189034528,0.0,0.0,0.0,42.0,42.0,25.0,48.0,42.0,42.0,40.0,42.0,41.0,42.0,33.0,24.0
2026-08-13 03:00:00+00:00,10.893336362166666,78.997966985,,1000.3208658746472,,-0.7979680344444445,0.0,0.0,0.0,11.4,79,7.9,999.0,0,12.6,clear,10.0,77.0,7.0,0.0,0.0,750.0,2.4,0.0,0.0,7.5,94.0,1027.3,6.6,0.0,0.0,7.391421354520965,3.5019150076457013,7.842243854157325,11.048520321531004,-0.621346203321357,0.2529812622792065,1000.3208658746472,0.0,0.0,0.0,46.0,46.0,23.0,54.0,46.0,46.0,45.0,46.0,45.0,46.0,39.0,28.0
2026-08-13 04:00:00+00:00,14.182091907527775,68.70162401555555,,1000.6168848909084,,2.147934082816666,0.0,0.0,0.0,11.5,78,7.8,999.0,0,12.2,clear,10.0,81.0,8.0,0.0,0.0,750.0,2.3,0.0,0.0,9.0,93.0,1026.0,7.9,310.0,3.0,8.508376581392207,5.673715326135568,8.363851279605013,14.78758661163459,0.8246787154315744,0.3012329937278082,1000.6168848909084,0.0,0.0,0.0,8.0,35.0,16.0,0.0,35.0,35.0,33.0,35.0,33.0,36.0,12.0,45.0
2026-08-13 05:00:00+00:00,17.60547785836111,56.22448433305556,,1000.8867038139416,,3.124426965927778,0.0,0.0,0.0,12.3,74,7.8,999.6,0,12.6,clear,8.0,74.0,7.0,0.0,0.0,750.0,0.0,0.0,0.0,12.0,88.0,1027.0,10.1,330.0,5.0,8.777408994238941,8.828068864122168,8.417032159187633,18.324008796609156,2.6630769282382336,0.28291896964719854,1000.8867038139416,0.0,0.0,0.0,0.0,24.0,11.0,0.0,24.0,24.0,23.0,24.0,23.0,25.0,0.0,62.0
2026-08-13 06:00:00+00:00,19.583518052444443,48.902049210277774,,1000.9910725084304,,2.1695365182111117,0.0,0.0,0.0,14.2,64,7.5,999.7,1,14.8,clear,12.0,71.0,9.0,0.0,0.0,750.0,3.7,0.0,0.0,13.7,71.0,1027.4,8.5,10.0,11.0,8.543284123522339,11.040233928922104,8.228932880658688,20.203577231866728,2.6832593013932677,0.18709380876100568,1000.9910725084304,0.0,0.0,0.0,0.0,17.0,8.0,0.0,17.0,17.0,16.0,17.0,16.0,17.0,0.0,70.0
2026-08-13 07:00:00+00:00,19.868194013277776,44.24658701055555,,1001.0354128448748,,1.6657784433972225,0.0,0.0,0.0,15.6,55,6.6,999.8,11,15.8,clear,14.0,68.0,11.0,0.0,0.0,750.0,4.3,0.0,0.0,14.0,63.0,1027.0,7.1,340.0,8.0,7.331041153177694,12.537152860100083,7.570768034516293,19.999885649153644,1.8545419979889575,0.07435451546660943,1001.0354128448748,0.0,0.0,0.0,0.0,12.0,6.0,0.0,12.0,12.0,11.0,12.0,11.0,12.0,0.0,50.0
2026-08-13 08:00:00+00:00,20.5030206645,41.93473685861111,,1001.0959856239112,,0.8843055831222223,0.0,0.0,0.0,16.5,51,6.4,999.8,21,15.5,clear,15.0,86.0,16.0,0.0,0.0,750.0,0.0,0.0,0.0,16.0,55.0,1027.0,7.0,340.0,6.0,7.1197976874506335,13.383222977049366,7.446108664397164,20.553193315543897,1.1714945240636307,0.052456557740413245,1001.0959856239112,0.0,0.0,0.0,0.0,8.0,4.0,0.0,8.0,8.0,8.0,8.0,8.0,9.0,0.0,33.0
2026-08-13 09:00:00+00:00,21.889355320611116,38.17471055694444,,1000.9965437596138,,1.5589898758666667,0.0,0.0,0.0,17.5,47,6.0,999.9,2,14.0,clear,16.0,49.0,12.0,0.0,0.0,750.0,5.4,0.0,0.0,17.0,52.0,1027.1,7.1,20.0,18.0,6.989252368151251,14.900102952459864,7.345196293728556,21.88966800842093,1.1814750461798909,-0.019434542630506257,1000.9965437596138,0.0,0.0,0.0,0.0,6.0,3.0,0.0,6.0,6.0,6.0,6.0,6.0,6.0,0.0,29.0
2026-08-13 10:00:00+00:00,22.76066876747222,34.0463976325,,1000.845795638686,,1.6175858545527777,0.0,0.0,0.0,18.5,43,5.7,999.7,4,14.0,clear,17.0,47.0,13.0,0.0,0.0,750.0,5.5,0.0,0.0,18.0,45.0,1027.0,5.9,330.0,6.0,6.094744650545504,16.665924116926718,6.886902713149359,22.429747618894535,1.641350569938676,-0.1250949926126168,1000.845795638686,0.0,0.0,0.0,0.0,4.0,2.0,0.0,4.0,4.0,4.0,4.0,4.0,4.0,0.0,30.0
2026-08-13 11:00:00+00:00,21.254241204638888,35.82510484083333,,1000.731302307525,,-0.8653162760277778,0.0,0.0,0.0,19.4,40,5.5,999.5,3,13.7,clear,18.0,72.0,19.0,0.0,0.0,751.0,2.0,0.0,0.0,19.0,43.0,1027.0,6.1,330.0,6.0,5.503442479302223,15.750798725336665,6.644865089980307,20.714061583750755,0.4253478864384004,-0.1326207260444221,1000.731302307525,0.0,0.0,0.0,0.0,3.0,1.0,16.0,3.0,3.0,3.0,3.0,3.0,3.0,0.0,21.0
2026-08-13 12:00:00+00:00,20.171630376,37.20184377333333,,1000.3685161598696,,-0.6450615733972223,0.0,0.0,0.0,20.1,38,5.3,999.4,0,14.4,clear,19.0,37.0,15.0,0.0,0.0,751.0,5.6,0.0,0.0,19.5,43.0,1026.5,6.6,360.0,14.0,5.08688595917507,15.084744416824929,6.479297112015824,19.488516600651927,-0.7905898500508942,-0.2386397394081996,1000.3685161598696,0.0,0.0,0.0,8.0,8.0,24.0,12.0,8.0,8.0,8.0,8.0,8.0,9.0,4.0,14.0
2026-08-13 13:00:00+00:00,20.06128184602778,35.99156264805556,,1000.0815658746584,,0.4948271600222222,0.0,0.0,0.0,20.5,36,4.9,999.4,1,14.4,cloudy,20.0,37.0,16.0,0.0,0.0,751.0,5.7,0.0,0.0,20.0,40.0,1026.0,6.0,340.0,6.0,4.514454505325506,15.546827340702272,6.228233163419513,19.187627307390716,-0.10198569231719647,-0.32486821643328767,1000.0815658746584,0.0,0.0,0.0,1.0,6.0,18.0,0.0,6.0,6.0,6.0,6.0,6.0,7.0,0.0,11.0
2026-08-13 14:00:00+00:00,20.38068312361111,37.201853514166665,,999.9344358492666,,-0.4031792869972222,0.0,0.0,0.0,20.7,35,4.7,999.1,5,15.1,partly-cloudy,20.0,56.0,19.0,0.0,0.0,751.0,3.0,0.0,0.0,20.0,37.0,1026.0,4.9,330.0,7.0,5.2726657563276635,15.108017367283447,6.558802113890038,19.760865259683076,0.011636475229258801,-0.217040155301504,999.9344358492666,0.0,0.0,0.0,0.0,4.0,12.0,8.0,4.0,4.0,4.0,4.0,4.0,5.0,0.0,17.0
2026-08-13 15:00:00+00:00,19.907587168638887,38.01213712083334,,999.7705562872334,,-0.4119230052166667,0.0,0.0,0.0,20.5,39,6.1,998.9,3,14.8,partly-cloudy,20.0,34.0,15.0,0.0,0.0,751.0,5.3,0.0,0.0,19.3,43.0,1025.9,6.4,10.0,11.0,5.161897326551628,14.745689842087259,6.519038580308117,19.24994314370084,-0.40056874930750647,-0.15550479371250958,999.7705562872334,0.0,0.0,0.0,4.0,4.0,12.0,8.0,4.0,4.0,5.0,4.0,5.0,6.0,2.0,20.0
2026-08-13 16:00:00+00:00,19.37520620761111,41.8899984925,,999.6479457341889,,-1.471688968047222,0.0,0.0,0.0,20.1,41,6.5,998.7,0,14.4,clear,20.0,37.0,15.0,0.0,0.0,751.0,5.2,0.0,0.0,20.0,40.0,1026.0,6.0,340.0,4.0,6.087890141248786,13.287316066362326,6.963313490401807,19.04181575536418,-0.9103506504605604,-0.14324505753887706,999.6479457341889,0.0,0.0,0.0,9.0,9.0,27.0,28.0,9.0,9.0,10.0,9.0,12.0,14.0,4.0,19.0
2026-08-13 17:00:00+00:00,18.41171234186111,45.55018536694445,,999.5946292600306,,-1.6103354851055556,0.0,0.0,0.0,19.3,46,7.4,998.7,0,10.8,clear,19.0,42.0,16.0,0.0,0.0,751.0,3.0,0.0,0.0,18.0,45.0,1026.0,5.9,350.0,5.0,6.431174663168261,11.980537678692851,7.153492360509306,18.203263932401875,-1.382576081697204,-0.08796351360138033,999.5946292600306,0.0,0.0,0.0,14.0,14.0,40.0,28.0,14.0,14.0,15.0,14.0,15.0,19.0,6.0,16.0
2026-08-13 18:00:00+00:00,17.10197643161111,51.26500053638889,,999.5126110140416,,-1.7336629256722222,0.0,0.0,0.0,18.1,52,8.1,998.8,0,7.6,clear,17.0,45.0,13.0,0.0,0.0,751.0,3.6,0.0,0.0,14.3,68.0,1026.0,8.5,350.0,4.0,6.952019482876802,10.149956948734308,7.4473312914196015,17.088140524860545,-1.5686795588140088,-0.06766736007364216,999.5126110140416,0.0,0.0,0.0,15.0,15.0,40.0,28.0,15.0,15.0,16.0,15.0,16.0,20.0,6.0,15.0
2026-08-13 19:00:00+00:00,16.099786455333334,57.88092233194445,,999.4227961800862,,-1.847289239275,0.0,0.0,0.0,17.4,55,8.3,998.5,0,6.5,clear,16.0,57.0,14.0,0.0,0.0,751.0,2.1,0.0,0.0,10.0,87.0,1025.0,7.9,260.0,2.0,7.79769833145373,8.302088123879603,7.917290892302316,16.41528251346083,-1.839224777406624,-0.08591653997223148,999.4227961800862,0.0,0.0,0.0,15.0,15.0,55.0,28.0,15.0,15.0,16.0,15.0,16.0,22.0,6.0,16.0
2026-08-13 20:00:00+00:00,16.097324434111112,61.14595902305555,,999.3818595729972,,-1.01217929885,0.0,0.0,0.0,16.8,60,9.0,998.3,0,6.8,clear,14.0,40.0,11.0,0.0,0.0,751.0,2.0,0.0,0.0,9.0,87.0,1025.0,7.0,260.0,2.0,8.604502617940055,7.492821816171057,8.362660190544398,16.74299919583519,-1.3285675662816256,-0.06537572052218366,999.3818595729972,0.0,0.0,0.0,13.0,14.0,51.0,23.0,14.0,14.0,16.0,14.0,16.0,21.0,5.0,20.0
2026-08-13 21:00:00+00:00,16.330348071722224,60.24885310416666,,999.1297817202916,,0.1748503017583333,0.0,0.0,0.0,16.3,63,9.2,998.4,96,8.6,clear,13.0,64.0,11.0,0.0,0.0,751.0,2.2,0.0,0.0,14.0,76.0,1025.6,9.8,350.0,4.0,8.605424182406267,7.724923889315956,8.356449086006618,16.976409157918745,-0.28858211728182326,-0.14650722989728138,999.1297817202916,0.0,0.0,0.0,3.0,11.0,38.0,0.0,11.0,11.0,12.0,11.0,12.0,16.0,1.0,27.0
2026-08-13 22:00:00+00:00,16.32088467925,62.32500387722222,,998.9481850263112,,-0.4522429396527778,0.0,0.0,0.0,15.7,62,8.4,998.2,100,8.6,cloudy,12.0,70.0,10.0,0.0,0.0,751.0,1.9,0.0,0.0,12.0,88.0,1025.0,10.1,309.0,1.0,9.098621258602059,7.222263420647941,8.639486752812816,17.176769634190357,-0.13527919776155795,-0.2168372733430033,998.9481850263112,0.0,0.0,0.0,1.0,8.0,28.0,15.0,8.0,8.0,9.0,8.0,9.0,13.0,0.0,33.0
2026-08-13 23:00:00+00:00,16.041927498277776,65.29873803444444,,998.8752671867971,,-0.6594592168083334,0.0,0.0,0.0,15.6,60,7.9,998.1,100,8.6,overcast,13.0,55.0,12.0,0.0,0.0,751.0,0.0,0.0,0.0,12.0,94.0,1025.0,11.1,260.0,1.0,9.527584325703438,6.514343172574337,8.900830572233911,17.08537631303697,-0.6052903583708096,-0.12725726674722182,998.8752671867971,0.0,0.0,0.0,12.0,12.0,25.0,25.0,12.0,12.0,13.0,12.0,12.0,15.0,7.0,34.0
2026-08-14 00:00:00+00:00,15.979831517027778,66.19325106111111,,998.7713797118862,,-0.1668318177555555,0.0,0.0,0.0,15.9,57,7.4,997.9,100,9.7,cloudy,13.0,68.0,11.0,0.0,0.0,751.0,2.3,0.0,0.0,14.8,74.0,1025.1,10.2,350.0,4.0,9.671373022766035,6.3084584942617425,8.989018918935985,17.08722608756252,-0.4569024631930994,-0.08840265721249807,998.7713797118862,0.0,0.0,0.0,12.0,12.0,22.0,18.0,12.0,12.0,13.0,12.0,13.0,15.0,8.0,33.0
2026-08-14 01:00:00+00:00,15.79840801822222,68.85136299666667,,998.7206515878528,,-0.5765484938777777,0.0,0.0,0.0,15.9,58,7.6,997.7,100,7.2,overcast,13.0,71.0,11.0,0.0,0.0,751.0,2.0,0.0,0.0,14.0,82.0,1024.0,11.0,320.0,2.0,10.086563258318401,5.711844759903819,9.248099408280485,17.09352435636709,-0.40124920633525907,-0.07730779947218025,998.7206515878528,0.0,0.0,0.0,19.0,19.0,19.0,31.0,19.0,19.0,20.0,19.0,19.0,21.0,14.0,33.0
2026-08-14 02:00:00+00:00,15.613488706916668,70.60837323083334,,998.5674837649224,,-0.6231535830888889,0.0,0.0,0.0,15.9,57,7.4,997.7,100,7.2,light-rain,14.0,65.0,13.0,90.0,0.25,751.0,1.0,1.0,0.0,14.0,82.0,1025.0,11.0,320.0,2.0,10.286883969728057,5.32660473718861,9.37861568292959,17.000833381237968,-0.4909268785365662,-0.10194797348191287,998.5674837649224,0.0,0.0,0.0,24.0,24.0,18.0,35.0,24.0,24.0,25.0,24.0,25.0,27.0,19.0,35.0
2026-08-14 03:00:00+00:00,15.625111929111112,71.20171907166666,,998.436301748675,,-0.3154834337333333,0.0,0.0,0.0,15.9,61,8.4,997.5,100,10.8,light-rain,13.0,73.0,11.0,90.0,0.25,751.0,2.4,1.0,0.0,14.6,79.0,1024.8,11.0,330.0,4.0,10.423548861248664,5.201563067862448,9.46408299037548,17.076004165407042,-0.25514084602068543,-0.1421749195889106,998.436301748675,0.0,0.0,0.0,23.0,24.0,15.0,30.0,24.0,24.0,25.0,24.0,24.0,26.0,20.0,36.0
2026-08-14 04:00:00+00:00,15.87359747288889,70.79828714027778,,998.4608820079416,,0.2336961486805555,0.0,0.0,0.0,15.6,64,8.8,997.4,100,9.7,overcast,14.0,73.0,12.0,0.0,0.0,751.0,2.1,0.0,0.0,14.0,82.0,1024.0,11.0,320.0,2.0,10.57673869650791,5.296858776380979,9.552910506518863,17.39633028136591,-0.014872980403815461,-0.0533008784904041,998.4608820079416,0.0,0.0,0.0,20.0,23.0,10.0,19.0,23.0,23.0,24.0,23.0,23.0,25.0,19.0,38.0
2026-08-14 05:00:00+00:00,16.110462953861113,71.380595615,,998.6458803270084,,-0.0864913164333333,0.0,0.0,0.0,16.0,66,9.6,997.3,100,9.7,overcast,14.0,69.0,13.0,0.0,0.0,750.0,1.0,0.0,0.0,15.0,82.0,1025.0,12.0,330.0,2.0,10.927361292780311,5.183101661080801,9.770142173114756,17.800074645742885,-0.009230703390823438,0.10478928916671748,998.6458803270084,0.0,0.0,0.0,21.0,22.0,7.0,26.0,22.0,22.0,23.0,22.0,23.0,24.0,21.0,40.0
2026-08-14 06:00:00+00:00,17.076162753166667,69.45799436277778,,998.457798740625,,0.4408318211083333,0.0,0.0,0.0,15.8,68,9.9,997.3,100,9.4,cloudy,15.0,68.0,13.0,0.0,0.0,750.0,3.0,0.0,0.0,15.7,76.0,1024.7,11.5,330.0,7.0,11.441059806966933,5.6351029461997335,10.074680794350572,19.01653155363993,0.16912208490937708,-0.0015416336582916301,998.457798740625,0.0,0.0,0.0,14.0,20.0,5.0,12.0,20.0,20.0,20.0,20.0,20.0,22.0,16.0,45.0
2026-08-14 07:00:00+00:00,19.215731765833333,63.776303722222224,,998.380414672514,,1.6239349710138888,0.0,0.0,0.0,16.5,67,10.4,997.8,100,8.6,cloudy,16.0,69.0,14.0,0.0,0.0,750.0,2.8,0.0,0.0,16.0,77.0,1024.0,12.0,310.0,2.0,12.1834562256625,7.032275540170833,10.50251484063989,21.53200382454617,0.9245869395450156,-0.13273282724719593,998.380414672514,0.0,0.0,0.0,0.0,14.0,4.0,0.0,14.0,14.0,14.0,14.0,14.0,15.0,0.0,54.0
2026-08-14 08:00:00+00:00,20.878408188944444,59.31590584722222,,998.2248711369306,,1.1280083452777776,0.0,0.0,0.0,16.8,67,10.6,997.3,100,7.6,cloudy,17.0,76.0,18.0,0.0,0.0,749.0,0.0,0.0,0.0,19.0,60.0,1024.0,11.1,320.0,2.0,12.645915900131483,8.232492288812962,10.76481409251112,23.437146167603508,1.298694671306614,-0.11646380184720329,998.2248711369306,0.0,0.0,0.0,0.0,10.0,3.0,0.0,10.0,10.0,10.0,10.0,10.0,11.0,0.0,60.0
2026-08-14 09:00:00+00:00,21.0448958095,57.767258195277776,,998.0927195126252,,0.4518330741777778,0.0,0.0,0.0,17.3,66,10.9,997.2,100,7.2,cloudy,18.0,59.0,16.0,0.0,0.0,749.0,3.5,0.0,0.0,19.0,65.0,1023.9,12.3,350.0,7.0,12.39833186246385,8.646563947036151,10.585530938822545,23.47302084338703,0.8071442034326592,-0.14384757994440633,998.0927195126252,0.0,0.0,0.0,0.0,7.0,2.0,0.0,7.0,7.0,7.0,7.0,7.0,8.0,0.0,55.0
2026-08-14 10:00:00+00:00,20.57675342713889,49.39421868111111,,997.9887841168083,,2.409765304438889,0.0,0.0,0.0,18.4,61,10.7,997.4,99,7.6,cloudy,19.0,55.0,17.0,0.0,0.0,749.0,3.7,0.0,0.0,20.0,56.0,1024.0,10.9,310.0,4.0,9.603864370003299,10.97288905713559,8.80837489960869,21.65405778209694,1.3701983841613146,-0.11804351006111345,997.9887841168083,0.0,0.0,0.0,0.0,5.0,1.0,0.0,5.0,5.0,5.0,5.0,5.0,5.0,0.0,36.0
2026-08-14 11:00:00+00:00,21.74920234130556,39.13179945833333,,997.6230614500028,,3.425031123155556,0.0,0.0,0.0,20.4,46,8.4,996.7,11,9.7,cloudy,20.0,75.0,22.0,0.0,0.0,750.0,1.0,0.0,0.0,20.0,56.0,1024.0,10.9,290.0,5.0,7.226168725812916,14.523033615492643,7.468771150021046,21.840293714800662,2.938234834228246,-0.23482903131122157,997.6230614500028,0.0,0.0,0.0,0.0,3.0,1.0,0.0,3.0,3.0,3.0,3.0,3.0,4.0,0.0,29.0
2026-08-14 12:00:00+00:00,22.58094213772222,40.53183467277778,,997.0647409049748,,-0.3214384975916667,0.0,0.0,0.0,21.7,38,6.7,996.3,28,11.9,cloudy,21.0,45.0,18.0,0.0,0.0,750.0,4.2,0.0,0.0,20.8,43.0,1022.9,7.8,340.0,14.0,8.48748692035009,14.093455217372131,8.11483743854605,23.177735554487807,1.5602830801182703,-0.46202160591678876,997.0647409049748,0.0,0.0,0.0,0.0,2.0,1.0,6.0,2.0,2.0,2.0,2.0,2.0,3.0,0.0,34.0
2026-08-14 13:00:00+00:00,22.34546662469444,41.79834324416667,,996.7483759152944,,-0.582828480675,0.0,0.0,0.0,21.9,34,5.4,995.9,77,9.7,cloudy,22.0,40.0,19.0,0.0,0.0,750.0,4.4,0.0,0.0,21.0,40.0,1023.0,6.9,310.0,7.0,8.731086983384769,13.61437964130967,8.25615161943536,23.044405530944115,-0.4543269870914868,-0.4373427673541528,996.7483759152944,0.0,0.0,0.0,5.0,5.0,14.0,11.0,5.0,5.0,6.0,5.0,5.0,10.0,2.0,37.0
2026-08-14 14:00:00+00:00,22.024965745166668,44.66080500833333,,996.2970071388416,,-1.001102953763889,0.0,0.0,0.0,22.4,36,6.6,995.3,16,11.2,cloudy,21.0,64.0,21.0,0.0,0.0,749.0,2.0,0.0,0.0,22.0,41.0,1022.0,8.1,320.0,6.0,9.424970383286796,12.599995361879872,8.66054387469578,23.023111681621792,-0.74672992774613,-0.3838668830665597,996.2970071388416,0.0,0.0,0.0,7.0,7.0,22.0,19.0,7.0,7.0,9.0,7.0,9.0,12.0,3.0,31.0
2026-08-14 15:00:00+00:00,22.0,44.0,,995.9502478110112,,-0.21,0.0,0.0,0.0,22.4,40,8.2,994.9,74,11.9,cloudy,22.0,36.0,18.0,0.0,0.0,749.0,4.5,0.0,0.0,22.0,47.0,1021.6,10.2,330.0,11.0,9.18061815422747,12.81938184577253,8.520150991704048,22.891370027546863,-0.3974988977685703,-0.3990640521416253,995.9502478110112,0.0,0.0,0.0,4.0,6.0,19.0,4.0,6.0,6.0,8.0,6.0,8.0,11.0,2.0,27.0
2026-08-14 16:00:00+00:00,21.235647437242424,47.43370281484849,,995.4917375451224,,-0.5135272103121212,0.0,0.0,0.0,21.8,44,9.0,994.4,99,10.4,cloudy,22.0,36.0,18.0,0.0,0.0,749.0,4.5,0.0,0.0,21.0,49.0,1021.0,9.9,310.0,3.0,9.603710985522813,11.63193645171961,8.788569579185529,22.312883561790503,-0.4840294550801305,-0.40263479685961556,995.4917375451224,0.0,0.0,0.0,5.0,6.0,18.0,10.0,6.0,6.0,8.0,6.0,9.0,10.0,2.0,27.0
2026-08-14 17:00:00+00:00,20.047021767305555,51.28114552916667,,995.2863563055972,,-1.2834629269027775,0.0,0.0,0.0,21.1,47,9.4,994.2,93,7.6,cloudy,22.0,43.0,20.0,0.0,0.0,748.0,3.0,0.0,0.0,20.0,64.0,1021.0,13.0,330.0,2.0,9.675299678141549,10.371722089164006,8.866658009697005,21.15617024113071,-1.2238298783042616,-0.3319457527069858,995.2863563055972,0.0,0.0,0.0,12.0,12.0,37.0,24.0,12.0,12.0,15.0,12.0,16.0,19.0,5.0,24.0
2026-08-14 18:00:00+00:00,18.89096247861111,55.54774616555556,,995.206610668925,,-1.2726906049388889,0.0,0.0,0.0,20.4,50,9.7,994.4,100,6.8,clear,20.0,48.0,18.0,0.0,0.0,748.0,1.9,0.0,0.0,15.9,76.0,1021.4,11.7,0.0,0.0,9.796164760237719,9.094797718373393,8.974136915810178,20.054296839349995,-1.2685693666731088,-0.14256343809870486,995.206610668925,0.0,0.0,0.0,13.0,13.0,38.0,24.0,13.0,13.0,16.0,13.0,17.0,19.0,6.0,21.0
2026-08-14 19:00:00+00:00,18.019930124,60.11812637305556,,995.092135184375,,-1.3354576180611109,0.0,0.0,0.0,19.2,49,8.3,994.3,45,5.8,clear,18.0,60.0,17.0,0.0,0.0,748.0,1.3,0.0,0.0,14.0,82.0,1021.0,11.0,322.0,1.0,10.163050517231778,7.856879606768221,9.224547616723353,19.350133154042428,-1.257421241197893,-0.09711056061109957,995.092135184375,0.0,0.0,0.0,13.0,13.0,38.0,26.0,13.0,13.0,16.0,13.0,17.0,20.0,7.0,23.0
2026-08-14 20:00:00+00:00,17.293683594833336,64.89027725583334,,995.04556803605,,-1.189682252675,0.0,0.0,0.0,18.8,50,8.1,994.0,68,5.4,clear,16.0,48.0,13.0,0.0,0.0,748.0,2.0,0.0,0.0,13.0,88.0,1021.0,11.1,250.0,1.0,10.622710855291842,6.670972739541494,9.535329059708834,18.838102014515062,-1.2119124894159494,-0.08052131643751181,995.04556803605,0.0,0.0,0.0,16.0,16.0,37.0,34.0,16.0,16.0,19.0,16.0,19.0,23.0,10.0,26.0
2026-08-14 21:00:00+00:00,16.713746610555557,67.58635520833333,,994.90270668705,,-0.8056733650444444,0.0,0.0,0.0,18.0,55,8.9,994.4,97,5.8,clear,16.0,70.0,15.0,0.0,0.0,748.0,1.6,0.0,0.0,12.1,91.0,1021.5,10.7,0.0,0.0,10.682739072076847,6.031007538478709,9.592632993054188,18.28656921111135,-0.9129360341447557,-0.09471424866251255,994.90270668705,0.0,0.0,0.0,20.0,20.0,34.0,32.0,20.0,20.0,23.0,20.0,22.0,25.0,16.0,31.0
2026-08-14 22:00:00+00:00,16.123461191444445,69.30037709694444,,994.822901381936,,-0.5748546979805556,0.0,0.0,0.0,17.6,63,10.5,994.1,55,5.4,cloudy,14.0,72.0,13.0,0.0,0.0,748.0,1.5,0.0,0.0,16.0,72.0,1021.0,11.0,250.0,2.0,10.494988783172355,5.62847240827209,9.49285030107997,17.60777581021933,-0.5212501656347017,-0.1113333270569683,994.822901381936,0.0,0.0,0.0,21.0,21.0,29.0,31.0,21.0,21.0,23.0,21.0,22.0,24.0,19.0,33.0
2026-08-14 23:00:00+00:00,15.413739508888888,72.73593637055556,,994.6690983577696,,-0.6992461994444444,0.0,0.0,0.0,17.2,62,9.8,994.0,10,6.5,cloudy,12.0,60.0,11.0,0.0,0.0,747.0,0.0,0.0,0.0,12.0,88.0,1021.0,10.1,250.0,2.0,10.54039444662995,4.873345062258938,9.5450136414598,16.91936965696865,-0.5788312381098857,-0.11680416464020026,994.6690983577696,0.0,0.0,0.0,30.0,30.0,25.0,40.0,30.0,30.0,32.0,30.0,31.0,32.0,28.0,35.0
2026-08-15 00:00:00+00:00,14.877016858472222,75.70972749583333,,994.5878391127889,,-0.6446928971361111,0.0,0.0,0.0,16.3,64,9.5,993.6,0,6.5,clear,14.0,72.0,12.0,0.0,0.0,747.0,1.9,0.0,0.0,10.4,95.0,1021.3,9.6,0.0,0.0,10.624548325205936,4.252468533266287,9.616510012587895,16.422303250427742,-0.688001937502902,-0.11753113457359632,994.5878391127889,0.0,0.0,0.0,38.0,38.0,24.0,45.0,38.0,38.0,40.0,38.0,39.0,41.0,35.0,37.0
2026-08-15 01:00:00+00:00,14.715755536055555,76.79832722416667,,994.4408945374196,,-0.3239352670277777,0.0,0.0,0.0,15.8,67,9.7,993.4,0,4.0,clear,13.0,77.0,12.0,0.0,0.0,747.0,1.6,0.0,0.0,10.0,94.0,1020.0,9.1,300.0,1.0,10.683050401611556,4.032705134443999,9.659412607875696,16.28872571241252,-0.4203199639074695,-0.11410191017500892,994.4408945374196,0.0,0.0,0.0,38.0,38.0,21.0,41.0,38.0,38.0,40.0,38.0,39.0,40.0,38.0,40.0
2026-08-15 02:00:00+00:00,14.296171444944443,78.0374919275,,994.2910239624332,,-0.2680344105,0.0,0.0,0.0,15.5,68,9.6,993.0,0,3.6,clear,11.0,83.0,11.0,0.0,0.0,747.0,0.0,0.0,0.0,10.0,94.0,1020.0,9.1,268.0,1.0,10.516628539113302,3.779542905831141,9.56697313699073,15.790637684919218,-0.2364628137175728,-0.14840757517782777,994.2910239624332,0.0,0.0,0.0,39.0,39.0,17.0,42.0,39.0,39.0,40.0,39.0,40.0,40.0,43.0,42.0
2026-08-15 03:00:00+00:00,14.208413399722224,78.57412475333334,,994.1996661013724,,-0.1757058416333333,0.0,0.0,0.0,15.1,68,9.2,993.0,0,4.3,clear,12.0,74.0,10.0,0.0,0.0,747.0,1.9,0.0,0.0,9.7,95.0,1020.9,8.9,0.0,0.0,10.53431664832977,3.6740967513924527,9.581172450759391,15.711187052257605,-0.17930419152577315,-0.1206142180236043,994.1996661013724,0.0,0.0,0.0,40.0,40.0,13.0,41.0,40.0,40.0,41.0,40.0,41.0,41.0,46.0,46.0
2026-08-15 04:00:00+00:00,18.594036278083333,63.212018087500006,,994.0304879059944,,3.4401596354805557,0.0,0.0,0.0,15.0,70,9.6,992.9,0,5.0,clear,12.0,76.0,10.0,0.0,0.0,747.0,1.6,0.0,0.0,13.0,82.0,1020.0,10.0,250.0,1.0,11.460077236470793,7.13395904161254,10.034871356127752,20.543833262087684,1.6772080678906993,-0.13026802821940464,994.0304879059944,0.0,0.0,0.0,0.0,28.0,9.0,0.0,28.0,28.0,29.0,28.0,28.0,28.0,9.0,65.0
2026-08-15 05:00:00+00:00,24.386450507555555,44.30979525166666,,994.0016539607724,,5.631465742611112,0.0,0.0,0.0,16.6,64,9.7,992.8,0,4.7,clear,10.0,91.0,10.0,0.0,0.0,746.0,0.0,0.0,0.0,16.0,72.0,1020.0,11.0,250.0,2.0,11.447018124991052,12.939432382564503,9.831023489906345,26.329772112589986,4.632667815586025,-0.09900607029999264,994.0016539607724,0.0,0.0,0.0,0.0,20.0,6.0,0.0,20.0,20.0,20.0,20.0,20.0,20.0,10.0,85.0
2026-08-15 06:00:00+00:00,27.68140982225,35.96762634722222,,993.75748195445,,3.5364564936500003,0.0,0.0,0.0,19.1,53,9.3,992.9,75,5.8,partly-cloudy,15.0,62.0,13.0,0.0,0.0,746.0,2.6,0.0,0.0,20.0,57.0,1019.4,11.2,270.0,7.0,11.23932310692007,16.44208671532993,9.59065579413444,29.522405275818752,4.654063836858694,-0.13650297577220272,993.75748195445,0.0,0.0,0.0,0.0,14.0,5.0,0.0,14.0,14.0,14.0,14.0,14.0,14.0,13.0,91.0
2026-08-15 07:00:00+00:00,29.0193002545,31.08305247777778,,993.5634055225668,,2.339715345583333,0.0,0.0,0.0,21.4,46,9.3,993.0,83,7.2,cloudy,19.0,56.0,17.0,0.0,0.0,746.0,2.6,0.0,0.0,22.0,50.0,1020.0,11.1,250.0,3.0,10.213622410120239,18.80567784437976,8.918823196119485,30.372788858326597,2.9331227309076278,-0.21912421910280955,993.5634055225668,0.0,0.0,0.0,0.0,10.0,3.0,0.0,10.0,10.0,10.0,10.0,10.0,10.0,16.0,82.0
2026-08-15 08:00:00+00:00,30.00259385369445,27.35289435888889,,993.2112013091778,,2.1416428842555555,0.0,0.0,0.0,22.6,42,9.0,992.4,97,10.4,cloudy,20.0,96.0,24.0,0.0,0.0,746.0,0.0,0.0,0.0,24.0,38.0,1019.0,8.8,280.0,4.0,9.151857842102535,20.850736011591913,8.279195466525513,30.881497854978576,2.204324648130992,-0.27314032263609533,993.2112013091778,0.0,0.0,0.0,0.0,7.0,2.0,0.0,7.0,7.0,7.0,7.0,7.0,7.0,21.0,58.0
2026-08-15 09:00:00+00:00,30.46332318738889,26.08466315055556,,992.7581039869056,,0.9094901482333332,0.0,0.0,0.0,23.5,38,8.4,992.1,62,12.2,cloudy,22.0,41.0,19.0,0.0,0.0,746.0,4.1,0.0,0.0,24.0,38.0,1018.0,8.8,310.0,11.0,8.839351119640863,21.623972067748028,8.094345937906063,31.208137354719756,1.4091471116841345,-0.4026507678306075,992.7581039869056,0.0,0.0,0.0,0.0,5.0,2.0,0.0,5.0,5.0,5.0,5.0,5.0,5.0,28.0,42.0
2026-08-15 10:00:00+00:00,30.523074747916667,25.79828391194444,,992.4269664028473,,0.2480304432555555,0.0,0.0,0.0,24.3,35,7.8,992.1,87,11.5,cloudy,24.0,42.0,22.0,0.0,0.0,746.0,4.4,0.0,0.0,25.0,32.0,1018.0,7.1,260.0,5.0,8.726469098594684,21.796605649321982,8.031316612249448,31.220063468766842,0.4729348188650349,-0.3921174531652696,992.4269664028473,0.0,0.0,0.0,0.0,3.0,1.0,0.0,3.0,3.0,3.0,3.0,3.0,3.0,34.0,35.0
2026-08-15 11:00:00+00:00,28.26608052297222,28.96281393527778,,992.1982288532166,,-2.136367639936111,0.0,0.0,0.0,25.0,33,7.6,991.9,49,12.6,cloudy,25.0,55.0,28.0,0.0,0.0,746.0,0.0,0.0,0.0,26.0,30.0,1018.0,7.1,250.0,5.0,8.51214668076364,19.753933842208582,7.975075302726826,28.873146764138998,-0.9350191127697229,-0.2799375668444668,992.1982288532166,0.0,0.0,0.0,9.0,9.0,28.0,28.0,9.0,11.0,11.0,9.0,12.0,13.0,40.0,21.0
2026-08-15 12:00:00+00:00,26.46194179125,34.06024356333334,,992.1392012008196,,-2.896399873413889,0.0,0.0,0.0,25.6,33,8.1,991.5,13,11.5,cloudy,26.0,35.0,23.0,0.0,0.0,746.0,4.6,0.0,0.0,25.5,36.0,1017.2,9.3,340.0,11.0,9.349768761740432,17.112173029509567,8.489288614415173,27.427061508643888,-2.342216309906208,-0.14388260101384276,992.1392012008196,0.0,0.0,0.0,15.0,15.0,40.0,28.0,15.0,16.0,17.0,15.0,19.0,24.0,40.0,14.0
2026-08-15 13:00:00+00:00,26.32554417930556,35.476075612222225,,991.7272418886027,,-1.6460694233055555,0.0,0.0,0.0,25.8,33,8.3,990.8,53,11.2,cloudy,26.0,37.0,24.0,0.0,0.0,746.0,4.3,0.0,0.0,25.0,36.0,1017.0,8.9,290.0,6.0,9.837029147697047,16.488515031608515,8.77532918936076,27.50728643610688,-1.6327094053000337,-0.2354934823069357,991.7272418886027,0.0,0.0,0.0,15.0,15.0,40.0,28.0,15.0,16.0,17.0,15.0,20.0,25.0,40.0,14.0
2026-08-15 14:00:00+00:00,25.77599977680556,36.20166559138889,,991.212724533389,,-0.2316921372361111,0.0,0.0,0.0,25.5,34,8.5,990.8,86,13.0,cloudy,26.0,36.0,24.0,0.0,0.0,745.0,3.0,0.0,0.0,26.0,34.0,1017.0,8.9,280.0,4.0,9.654252764999192,16.121747011806367,8.684464655352205,26.875752067221203,-0.4952130088516001,-0.4632383337153101,991.212724533389,0.0,0.0,0.0,5.0,12.0,32.0,4.0,12.0,13.0,14.0,12.0,16.0,20.0,40.0,21.0
2026-08-15 15:00:00+00:00,25.44003558761111,36.51404268416667,,990.8027617924972,,-0.1107471248944444,0.0,0.0,0.0,25.7,34,8.7,990.0,67,10.1,cloudy,26.0,32.0,22.0,0.0,0.0,745.0,4.6,0.0,0.0,25.6,39.0,1015.9,10.6,320.0,7.0,9.485259449185993,15.954776138425117,8.596221103098035,26.464765092037368,-0.26686944659169853,-0.46224004805276303,990.8027617924972,0.0,0.0,0.0,3.0,9.0,25.0,2.0,9.0,11.0,12.0,9.0,13.0,16.0,40.0,28.0
2026-08-15 16:00:00+00:00,24.89466007363889,38.69821708111111,,990.439584082225,,-0.9701122738055556,0.0,0.0,0.0,25.6,36,9.4,989.8,100,11.5,cloudy,26.0,36.0,23.0,0.0,0.0,745.0,3.9,0.0,0.0,26.0,37.0,1016.0,10.2,270.0,4.0,9.867739765245105,15.026920308393784,8.835603788696217,26.09026558893024,-0.5474133517062914,-0.38657022558197696,990.439584082225,0.0,0.0,0.0,5.0,8.0,23.0,18.0,8.0,10.0,11.0,8.0,12.0,14.0,40.0,28.0
2026-08-15 17:00:00+00:00,23.79217062675,41.32374160555556,,990.1060546670196,,-0.987466894225,0.0,0.0,0.0,24.8,37,9.2,989.3,97,12.2,cloudy,26.0,37.0,25.0,0.0,0.0,744.0,2.0,0.0,0.0,25.0,39.0,1016.0,10.1,260.0,3.0,9.862120352670724,13.930050274079276,8.86507372216313,24.9852375713275,-1.0123629321729206,-0.3483535627387937,990.1060546670196,0.0,0.0,0.0,10.0,10.0,30.0,18.0,10.0,13.0,13.0,10.0,17.0,19.0,40.0,27.0
2026-08-15 18:00:00+00:00,22.444802973861112,45.19141693638889,,990.0028980591832,,-1.438278620738889,0.0,0.0,0.0,23.7,39,8.9,989.6,54,10.8,cloudy,23.0,47.0,21.0,0.0,0.0,744.0,2.7,0.0,0.0,19.0,65.0,1015.7,12.3,0.0,0.0,9.982325258951843,12.46247771490927,8.977388553009918,23.692356513333777,-1.2822212967422573,-0.21834301152091484,990.0028980591832,0.0,0.0,0.0,13.0,13.0,38.0,27.0,13.0,16.0,16.0,13.0,19.0,21.0,40.0,24.0
2026-08-15 19:00:00+00:00,21.335316997916667,50.29153869638889,,989.7993994703194,,-1.748427149125,0.0,0.0,0.0,22.7,43,9.5,989.3,59,7.9,clear,22.0,56.0,21.0,0.0,0.0,744.0,2.1,0.0,0.0,16.0,77.0,1016.0,12.0,240.0,1.0,10.570721715012608,10.76459528290406,9.371981822035302,22.85521585105978,-1.5827274955876085,-0.1533275983501312,989.7993994703194,0.0,0.0,0.0,15.0,15.0,40.0,28.0,15.0,18.0,18.0,15.0,21.0,25.0,40.0,24.0
2026-08-15 20:00:00+00:00,20.311123503083333,54.873401227222224,24.0,989.7848332388444,9.9,-1.4103628813555555,0.0,0.0,0.0,21.9,46,9.8,989.0,17,7.6,clear,20.0,39.0,18.0,0.0,0.0,743.0,1.0,0.0,0.0,14.0,88.0,1016.0,12.0,60.0,1.0,10.935030328307166,9.376093174776168,9.635193571563283,22.004423701021032,-1.5431922700665508,-0.10903241016939091,989.7848332388444,0.0,0.0,0.0,15.0,15.0,46.0,26.0,15.0,18.0,18.0,15.0,21.0,25.0,60.0,26.0
2026-08-15 21:00:00+00:00,19.39122993608333,58.81253216444444,26.0,989.700158653914,8.5,-1.3878205513333333,0.0,0.0,0.0,20.6,53,10.7,989.1,33,6.8,clear,19.0,59.0,17.0,0.0,0.0,743.0,2.5,0.0,0.0,13.9,87.0,1015.9,11.8,0.0,0.0,11.12113523003404,8.27009470604929,9.785529061235946,21.174548246288264,-1.2472502884273844,-0.049620408202713406,989.700158653914,0.0,0.0,0.0,12.0,14.0,44.0,26.0,14.0,17.0,17.0,14.0,19.0,24.0,58.0,29.0
2026-08-15 22:00:00+00:00,18.66562279436111,60.80101527611112,12.0,989.4345776320696,7.9,-0.5179087409249999,0.0,0.0,0.0,20.0,53,10.1,989.0,3,8.6,clear,17.0,62.0,15.0,0.0,0.0,743.0,2.4,0.0,0.0,12.0,100.0,1016.0,12.0,0.0,0.0,10.94050613236548,7.72511666199563,9.69304686966122,20.36155765257322,-0.825488256390269,-0.1751278033873973,989.4345776320696,0.0,0.0,0.0,8.0,12.0,38.0,12.0,12.0,15.0,15.0,12.0,17.0,21.0,58.0,33.0
2026-08-15 23:00:00+00:00,18.13137257525,62.18122149722223,12.0,989.2887515157944,7.7,-0.3894322487388889,0.0,0.0,0.0,19.8,50,9.1,988.3,48,9.4,clear,14.0,50.0,13.0,0.0,0.0,742.0,0.0,0.0,0.0,13.0,88.0,1015.0,11.1,225.0,1.0,10.774619451082112,7.35675312416789,9.604432129752972,19.747865202904517,-0.45667079094070046,-0.2057035690597786,989.2887515157944,0.0,0.0,0.0,5.0,10.0,31.0,13.0,10.0,13.0,13.0,10.0,14.0,17.0,58.0,36.0
2026-08-16 00:00:00+00:00,17.510075503472223,64.3888960163889,16.0,988.9906028392224,7.1,-0.4875496702138889,0.0,0.0,0.0,19.4,50,8.7,988.3,100,9.4,clear,16.0,60.0,13.0,0.0,0.0,742.0,3.0,0.0,0.0,12.4,93.0,1015.5,11.3,0.0,0.0,10.711436454202367,6.798639049269855,9.584623887313265,19.096512502930203,-0.46323880636288717,-0.2219873964235717,988.9906028392224,0.0,0.0,0.0,7.0,9.0,26.0,20.0,9.0,12.0,11.0,9.0,13.0,15.0,63.0,40.0
2026-08-16 01:00:00+00:00,17.188255706194443,64.37115257833334,12.0,988.5361987347696,6.9,-0.0356993653277777,0.0,0.0,0.0,18.8,51,8.5,988.3,100,10.1,clear,16.0,65.0,14.0,0.0,0.0,742.0,2.5,0.0,0.0,15.0,77.0,1015.0,11.0,190.0,2.0,10.402042217869957,6.786213488324487,9.399647603334802,18.629113732334513,-0.2852698179217015,-0.3762763905123734,988.5361987347696,0.0,0.0,0.0,5.0,8.0,21.0,11.0,8.0,11.0,10.0,8.0,12.0,13.0,68.0,43.0
2026-08-16 02:00:00+00:00,16.606771629222223,65.56436212722222,18.0,988.0535172028304,6.6,-0.3178276960972222,0.0,0.0,0.0,18.8,51,8.4,987.4,93,9.4,clear,13.0,71.0,13.0,0.0,0.0,743.0,0.0,0.0,0.0,13.0,82.0,1014.0,10.0,200.0,2.0,10.125121899270077,6.481649729952146,9.24608557669383,17.919556060642076,-0.1584946596588548,-0.4685428181959992,988.0535172028304,0.0,0.0,0.0,8.0,8.0,16.0,19.0,8.0,11.0,10.0,8.0,12.0,13.0,77.0,44.0
2026-08-16 03:00:00+00:00,16.471185049055556,65.24268471,20.0,987.9490303955472,6.4,0.071083079675,0.0,0.0,0.0,17.8,55,8.7,987.0,98,7.9,clear,16.0,61.0,13.0,0.0,0.0,743.0,3.0,0.0,0.0,11.7,94.0,1014.3,10.8,0.0,0.0,9.922679237686003,6.548505811369553,9.126071642799324,17.691653883752064,-0.11885383847746667,-0.293584169611222,987.9490303955472,0.0,0.0,0.0,6.0,7.0,12.0,11.0,7.0,10.0,9.0,7.0,11.0,12.0,80.0,47.0
2026-08-16 04:00:00+00:00,19.598548832583333,57.67388870083334,9.0,987.516997113189,6.6,1.984341963325,0.0,0.0,0.0,17.6,56,8.8,986.3,85,8.6,clear,15.0,64.0,13.0,0.0,0.0,743.0,2.7,0.0,0.0,14.0,82.0,1014.0,11.0,190.0,2.0,11.020484104124744,8.578064728458589,9.713563115924167,21.333061069238948,1.0482074992532215,-0.2682600448207495,987.516997113189,0.0,0.0,0.0,0.0,5.0,8.0,0.0,5.0,7.0,7.0,5.0,8.0,8.0,79.0,64.0
2026-08-16 05:00:00+00:00,24.19318931738889,41.82159749916666,0.0,986.8943388076168,11.3,5.432476547847222,0.0,0.0,0.0,18.8,53,9.1,986.1,90,10.4,partly-cloudy,12.0,69.0,11.0,0.0,0.0,742.0,0.0,0.0,0.0,18.0,64.0,1013.0,11.1,200.0,3.0,10.401900075360686,13.791289242028203,9.178119873365631,25.63398106722311,3.621391715329325,-0.5273457939651962,986.8943388076168,0.0,0.0,0.0,0.0,4.0,6.0,0.0,4.0,5.0,5.0,4.0,5.0,6.0,40.0,82.0
2026-08-16 06:00:00+00:00,26.94684959658333,36.16208329722223,,986.4107677633612,15.0,2.409510427336111,0.0,0.0,0.0,19.7,54,10.2,985.7,90,9.7,cloudy,18.0,55.0,15.0,0.0,0.0,742.0,3.4,0.0,0.0,21.4,51.0,1012.1,10.8,230.0,7.0,10.672193885904354,16.274655710678978,9.259034912650744,28.514675179494944,3.848295491110194,-0.5531146749138998,986.4107677633612,0.0,0.0,0.0,0.0,3.0,4.0,0.0,3.0,5.0,3.0,3.0,4.0,4.0,40.0,90.0
2026-08-16 07:00:00+00:00,29.58392199686111,32.735564394722225,,985.861278244786,17.4,2.0901166490166667,0.0,0.0,0.0,21.3,51,10.7,985.2,83,11.2,cloudy,20.0,52.0,18.0,0.0,0.0,742.0,3.4,0.0,0.0,24.0,44.0,1012.0,11.0,200.0,4.0,11.484273171945121,18.099648824915988,9.686060886558746,31.54572959304691,2.1541797914438923,-0.5165302814153847,985.861278244786,0.0,0.0,0.0,0.0,2.0,3.0,0.0,2.0,4.0,2.0,2.0,3.0,4.0,40.0,88.0
2026-08-16 08:00:00+00:00,31.59807073227778,29.18408764333333,,985.6273218810028,19.5,1.99597205695,0.0,0.0,0.0,23.5,46,11.2,984.9,100,11.9,cloudy,22.0,71.0,25.0,0.0,0.0,742.0,0.0,0.0,0.0,26.0,39.0,1012.0,11.0,180.0,4.0,11.48929074396857,20.10877998830921,9.625234472463607,33.562371118540185,1.9170621388151157,-0.39172294117918227,985.6273218810028,0.0,0.0,0.0,0.0,1.0,2.0,0.0,1.0,3.0,2.0,1.0,2.0,4.0,40.0,79.0
2026-08-16 09:00:00+00:00,32.34286001802778,26.79960523555556,,985.1839782786471,20.9,1.4965999965972223,0.0,0.0,0.0,25.4,41,11.2,984.7,77,12.2,cloudy,24.0,41.0,22.0,0.0,0.0,742.0,4.5,0.0,0.0,28.1,35.0,1010.1,11.2,230.0,14.0,10.83909743197247,21.50376258605531,9.19694807535371,33.990139182207656,1.7020568805696605,-0.3386499830694447,985.1839782786471,0.0,0.0,0.0,0.0,1.0,1.0,0.0,1.0,2.0,1.0,1.0,2.0,4.0,40.0,69.0
2026-08-16 10:00:00+00:00,32.45336145305556,26.49025432388889,,984.7581946584168,22.0,0.0861504484027777,0.0,0.0,0.0,27.0,37,11.1,984.5,100,14.8,cloudy,26.0,42.0,24.0,0.0,0.0,742.0,4.5,0.0,0.0,29.0,31.0,1011.0,10.1,210.0,6.0,10.758207487797096,21.695153965258463,9.144344714069543,34.06203634578191,0.793186988474627,-0.43456361129301513,984.7581946584168,0.0,0.0,0.0,0.0,1.0,1.0,0.0,1.0,1.0,1.0,1.0,2.0,3.0,40.0,56.0
2026-08-16 11:00:00+00:00,31.24479641388889,28.163873858055556,13.0,984.2464754413415,21.3,-1.2547990755305556,0.0,0.0,0.0,28.3,33,10.5,983.9,100,13.7,cloudy,28.0,51.0,31.0,0.0,0.0,740.0,1.0,0.0,0.0,30.0,27.0,1010.0,8.9,230.0,4.0,10.649746533223706,20.595049880665183,9.11468179911137,32.801995215218994,-0.4543563526950632,-0.4687514186528006,984.2464754413415,0.0,0.0,0.0,5.0,5.0,14.0,23.0,5.0,11.0,8.0,9.0,13.0,14.0,40.0,38.0
2026-08-16 12:00:00+00:00,30.576803430194445,29.068800316111112,28.0,983.6714458382694,20.1,-1.3088499368222222,0.0,0.0,0.0,28.9,31,10.1,983.4,100,13.7,cloudy,28.0,32.0,25.0,0.0,0.0,740.0,4.8,0.0,0.0,30.1,33.0,1008.4,12.0,240.0,11.0,10.552349498354541,20.024453931839904,9.075714829923637,32.0880552897835,-0.8353500167092794,-0.5433744100736817,983.6714458382694,0.0,0.0,0.0,8.0,8.0,25.0,24.0,13.0,19.0,12.0,13.0,17.0,18.0,40.0,32.0
2026-08-16 13:00:00+00:00,30.13132915180556,29.65665049888889,10.0,983.3059558478554,19.5,-0.3283942643916666,0.0,0.0,0.0,29.1,31,10.3,982.8,100,14.0,cloudy,29.0,36.0,27.0,0.0,0.0,740.0,4.3,0.0,0.0,30.0,29.0,1009.0,10.0,230.0,3.0,10.469827251324583,19.661501900480978,9.039235486515649,31.60385622387485,-0.46677399009210235,-0.47025979674305063,983.3059558478554,0.0,0.0,0.0,5.0,7.0,22.0,6.0,11.0,17.0,11.0,12.0,16.0,17.0,40.0,30.0
2026-08-16 14:00:00+00:00,29.893999780166663,31.051342344166667,10.0,982.904355204186,19.0,-0.5094865855472223,0.0,0.0,0.0,29.2,31,10.3,982.5,100,14.4,cloudy,30.0,38.0,30.0,0.0,0.0,740.0,2.0,0.0,0.0,30.0,29.0,1009.0,10.0,230.0,5.0,10.956059198659997,18.937940581506666,9.343539328618347,31.597422535370406,-0.543256675166619,-0.38354531704169403,982.904355204186,0.0,0.0,0.0,5.0,7.0,20.0,10.0,9.0,15.0,11.0,10.0,15.0,17.0,40.0,36.0
2026-08-16 15:00:00+00:00,29.602767965444443,32.531011963333334,9.0,982.3537387712196,18.5,-0.6013010289444444,0.0,0.0,0.0,29.4,30,10.0,982.3,100,12.2,cloudy,29.0,36.0,26.0,0.0,0.0,740.0,4.6,0.0,0.0,29.7,33.0,1007.0,11.7,250.0,11.0,11.405870750868713,18.196897214575728,9.635390699004203,31.525718768991503,-0.7323023429526252,-0.47610853831793065,982.3537387712196,0.0,0.0,0.0,7.0,7.0,22.0,11.0,9.0,15.0,11.0,9.0,17.0,20.0,40.0,40.0
2026-08-16 16:00:00+00:00,28.008149597027774,39.06961248777778,28.0,982.5114357443612,17.0,-2.8940813713027773,0.0,0.0,0.0,28.9,33,11.0,981.9,99,11.2,cloudy,27.0,40.0,24.0,0.0,0.0,740.0,4.5,0.0,0.0,29.0,35.0,1008.0,12.0,220.0,2.0,12.78601371483931,15.222135882188464,10.60677534206914,30.641626763426284,-1.857902349659101,-0.19645972991241933,982.5114357443612,0.0,0.0,0.0,15.0,15.0,40.0,28.0,15.0,21.0,19.0,15.0,24.0,30.0,40.0,36.0
2026-08-16 17:00:00+00:00,25.15814141030556,50.51955708583333,28.0,982.9904944097028,11.9,-4.3441711874777775,0.0,0.0,0.0,27.7,40,12.9,981.9,100,13.0,cloudy,29.0,33.0,27.0,0.0,0.0,739.0,3.0,0.0,0.0,28.0,37.0,1008.0,11.9,210.0,2.0,14.15647606468221,11.001665345623351,11.706805971255383,28.555318787076175,-3.597615934476188,0.31837781924161845,982.9904944097028,0.0,0.0,0.0,15.0,15.0,40.0,28.0,15.0,21.0,19.0,15.0,24.0,30.0,40.0,27.0
2026-08-16 18:00:00+00:00,23.439672240944443,54.92000053777778,26.0,983.5585540006194,10.5,-1.3945652021777777,0.0,0.0,0.0,24.5,49,13.1,982.7,100,17.6,cloudy,26.0,45.0,25.0,0.0,0.0,739.0,3.3,0.0,0.0,23.5,55.0,1008.2,13.9,350.0,11.0,13.856693960467519,9.582978280476924,11.548132821131198,26.664640509214333,-2.81957880085577,0.5235591281291363,983.5585540006194,0.0,0.0,0.0,15.0,15.0,85.0,26.0,14.0,20.0,18.0,20.0,24.0,30.0,100.0,21.0
2026-08-16 19:00:00+00:00,22.174972690944443,60.009582835277776,28.0,984.08105578495,8.7,-1.4690603978333332,0.0,0.0,0.0,23.0,53,12.9,982.7,92,14.8,cloudy,23.0,54.0,21.0,0.0,0.0,739.0,3.7,0.0,0.0,22.0,60.0,1009.0,13.9,330.0,5.0,14.042058314735987,8.132914376208456,11.737781246089126,25.50607554681522,-1.434375484707448,0.5452806876235741,984.08105578495,0.0,0.0,0.0,14.0,15.0,72.0,27.0,12.0,18.0,18.0,18.0,22.0,28.0,100.0,23.0
2026-08-16 20:00:00+00:00,20.43747159277778,59.81640126027778,0.0,984.3978901343002,8.9,0.0168021017999999,0.0,0.0,0.0,21.9,60,13.8,983.4,99,17.3,cloudy,23.0,32.0,21.0,0.0,0.0,737.0,2.0,0.0,0.0,21.0,73.0,1010.0,16.0,300.0,4.0,12.359988737122146,8.077482855655633,10.580775848452358,22.845535199695107,-0.7527477124106455,0.41966806684035873,984.3978901343002,0.0,0.0,0.0,8.0,13.0,57.0,0.0,11.0,17.0,15.0,15.0,19.0,23.0,100.0,28.0
2026-08-16 21:00:00+00:00,19.293918580527777,63.98669109583333,6.0,983.8076689546112,7.5,-1.111887195763889,0.0,0.0,0.0,20.1,62,12.6,983.8,82,14.8,cloudy,20.0,65.0,18.0,0.0,0.0,737.0,4.0,0.0,0.0,18.8,71.0,1009.5,13.4,360.0,7.0,12.30765658922601,6.986261991301767,10.585722060109818,21.674673252267574,-0.5733261924533446,-0.1366934151693613,983.8076689546112,0.0,1.0,1.0,6.0,11.0,45.0,30.0,9.0,15.0,12.0,12.0,15.0,19.0,100.0,34.0
2026-08-16 22:00:00+00:00,18.596053973222222,66.22938310277777,26.0,983.9586691515192,6.7,-0.54852581645,0.0,0.0,0.0,18.9,61,11.2,983.3,100,14.0,overcast,19.0,71.0,18.0,0.0,0.0,737.0,3.3,0.0,0.0,18.0,73.0,1009.0,13.1,340.0,3.0,12.169438875066863,6.426615098155359,10.515130416093054,20.905077536592895,-0.825433878750137,-0.21961049139048328,983.9586691515192,0.0,1.0,1.0,15.0,15.0,39.0,24.0,15.0,21.0,15.0,15.0,16.0,18.0,100.0,37.0
2026-08-16 23:00:00+00:00,18.13155548752778,64.02767993972222,4.0,984.4214104064084,6.9,0.6231207718888888,0.0,0.0,0.0,18.6,67,12.3,983.3,100,10.1,overcast,18.0,58.0,16.0,0.0,0.0,737.0,3.0,0.0,0.0,17.0,77.0,1010.0,12.9,300.0,3.0,11.215900684290235,6.915654803237546,9.889741070666986,19.961088873459495,-0.035303594032110475,0.306870725898591,984.4214104064084,0.0,1.0,1.0,1.0,11.0,28.0,0.0,11.0,17.0,10.0,11.0,12.0,14.0,100.0,42.0
2026-08-17 00:00:00+00:00,17.594737967083333,66.44882294277777,0.0,984.2149262435834,7.2,-0.5754686939194444,0.1,0.1,0.0,17.0,65,10.4,984.0,100,10.8,light-rain,16.0,73.0,14.0,90.0,0.25,737.0,3.1,1.0,0.0,16.9,69.0,1010.1,11.2,320.0,11.0,11.26656559730495,6.3281723697783825,9.941293551659223,19.449084608246594,-0.04922136418848844,0.12812854603208734,984.2149262435834,1.0,0.0,,8.0,10.0,20.0,25.0,10.0,16.0,9.0,9.0,12.0,13.0,100.0,47.0
2026-08-17 01:00:00+00:00,16.589401020194444,67.59660901777778,37.0,984.136266653764,6.0,-0.3555764001972222,0.0,0.0,0.0,16.6,65,10.0,983.2,88,11.2,overcast,16.0,72.0,14.0,0.0,0.0,737.0,3.2,0.0,0.0,16.0,72.0,1010.0,11.0,310.0,4.0,10.566376616526696,6.023024403667748,9.522739844986726,18.1072539850299,-0.44631519978489903,-0.14257187632222212,984.136266653764,0.0,0.0,0.0,16.0,16.0,18.0,24.0,16.0,22.0,14.0,11.0,19.0,19.0,100.0,46.0
2026-08-17 02:00:00+00:00,15.315255943916668,70.95800954444445,20.0,984.1542421908722,5.9,-0.8152549632388889,0.0,0.0,0.0,16.0,66,9.7,983.2,0,13.7,clear,16.0,72.0,15.0,0.0,0.0,739.0,2.0,0.0,0.0,14.0,82.0,1010.0,11.0,320.0,5.0,10.074697362990761,5.2405585809259065,9.256247266042768,16.604943238449657,-0.543806894426238,-0.030342026355583585,984.1542421908722,0.0,0.0,0.0,26.0,26.0,17.0,39.0,26.0,32.0,24.0,26.0,27.0,28.0,100.0,43.0
2026-08-17 03:00:00+00:00,14.709257954777778,74.48859255722222,52.0,984.2339877822084,4.8,-0.9336869890444444,0.0,0.0,0.0,15.0,72,10.0,983.3,0,15.1,clear,15.0,74.0,13.0,0.0,0.0,739.0,3.5,0.0,0.0,13.1,84.0,1010.3,10.5,310.0,4.0,10.218417414423412,4.490840540354366,9.36519208090894,16.06495799397715,-0.7660919316566908,0.048860564222195535,984.2339877822084,0.0,0.0,0.0,36.0,36.0,23.0,48.0,36.0,42.0,35.0,36.0,40.0,41.0,100.0,44.0
2026-08-17 04:00:00+00:00,17.714222202333332,65.60602523555555,46.0,984.5760752961278,4.4,2.049805800305556,0.0,0.0,0.0,14.6,74,10.1,983.3,12,11.5,clear,13.0,80.0,11.0,0.0,0.0,739.0,2.6,0.0,0.0,14.0,82.0,1010.0,11.0,280.0,3.0,11.187465916921498,6.5267562854118335,9.885296824172313,19.529861704166063,0.6430988522429635,0.2109165526277934,984.5760752961278,0.0,0.0,0.0,0.0,25.0,16.0,0.0,25.0,31.0,25.0,25.0,29.0,30.0,100.0,62.0
2026-08-17 05:00:00+00:00,21.409872929888888,53.20593456694445,0.0,984.3286745940916,8.5,3.4726066931944444,0.0,0.0,0.0,15.5,68,9.6,983.3,15,11.9,cloudy,13.0,70.0,11.0,0.0,0.0,739.0,2.0,0.0,0.0,15.0,77.0,1010.0,11.0,280.0,4.0,11.488966506311598,9.92090642357729,9.957937443765466,23.374012208975515,2.715032941611462,0.04734340594160358,984.3286745940916,0.0,0.0,0.0,0.0,18.0,11.0,0.0,18.0,22.0,17.0,18.0,20.0,22.0,100.0,81.0
2026-08-17 06:00:00+00:00,22.5,51.0,,984.29,10.6,2.86,0.0,0.0,0.0,16.2,62,8.9,983.5,48,12.2,cloudy,14.0,72.0,11.0,0.0,0.0,739.0,3.6,0.0,0.0,16.7,70.0,1009.9,11.2,320.0,11.0,11.854447830277476,10.645552169722524,10.163397917267211,24.647681929397084,2.0593979421553454,-0.14303764806390973,984.29,0.0,0.0,0.0,0.0,12.0,8.0,0.0,12.0,15.0,12.0,12.0,14.0,15.0,40.0,86.0
2026-08-17 07:00:00+00:00,22.5,49.0,0.0,983.2,11.3,1.69,0.0,0.0,0.0,17.3,57,8.7,983.3,91,12.6,cloudy,16.0,68.0,13.0,0.0,0.0,739.0,3.9,0.0,0.0,17.0,63.0,1010.0,9.9,280.0,5.0,11.24875596336546,11.25124403663454,9.764833293060653,24.345615971381513,0.6651688065286255,-0.5643372970457676,983.2,0.0,0.0,0.0,0.0,9.0,6.0,0.0,9.0,12.0,8.0,9.0,10.0,11.0,40.0,75.0
2026-08-17 08:00:00+00:00,,,,,,,0.0,0.0,0.0,18.4,53,8.6,983.0,100,11.9,cloudy,16.0,68.0,13.0,0.0,0.0,739.0,3.9,0.0,0.0,19.0,52.0,1010.0,8.9,280.0,4.0,,,,,,,,0.0,0.0,0.0,,6.0,4.0,,8.0,12.0,6.0,6.0,8.0,9.0,40.0,55.0
2026-08-17 09:00:00+00:00,,,,,,,0.0,0.0,0.0,19.3,50,8.6,983.6,100,10.8,cloudy,16.0,68.0,13.0,0.0,0.0,739.0,3.9,0.0,0.0,18.8,53.0,1009.5,9.0,280.0,11.0,,,,,,,,0.0,0.0,0.0,,4.0,3.0,,5.0,10.0,4.0,4.0,7.0,7.0,40.0,48.0
2026-08-17 10:00:00+00:00,,,,,,,0.0,0.0,0.0,20.4,45,8.1,983.3,100,12.6,cloudy,16.0,68.0,13.0,0.0,0.0,739.0,3.9,0.0,0.0,20.0,49.0,1010.0,9.0,280.0,3.0,,,,,,,,0.0,0.0,0.0,,3.0,2.0,,4.0,9.0,3.0,3.0,8.0,8.0,40.0,48.0
2026-08-17 11:00:00+00:00,,,,,,,0.0,0.0,0.0,21.2,42,7.8,983.2,86,12.2,cloudy,16.0,68.0,13.0,0.0,0.0,,3.9,0.0,0.0,20.0,49.0,1010.0,9.0,270.0,7.0,,,,,,,,0.0,0.0,0.0,,2.0,1.0,,3.0,9.0,3.0,3.0,8.0,8.0,,57.0
2026-08-17 12:00:00+00:00,,,,,,,0.0,0.0,0.0,21.9,40,7.7,983.0,100,13.7,cloudy,16.0,68.0,13.0,0.0,0.0,,3.9,0.0,0.0,20.8,49.0,1009.2,9.7,330.0,11.0,,,,,,,,0.0,0.0,0.0,,1.0,1.0,,2.0,9.0,3.0,3.0,8.0,8.0,,57.0
2026-08-17 13:00:00+00:00,,,,,,,0.0,0.0,0.0,21.9,39,7.4,982.5,98,12.2,,,,,,,,,,0.0,21.0,46.0,1009.0,8.9,300.0,3.0,,,,,,,,0.0,0.0,0.0,,1.0,1.0,,1.0,9.0,3.0,3.0,8.0,8.0,,57.0
2026-08-17 14:00:00+00:00,21.926546438722223,47.58901797888888,,982.7555820183444,,0.7455304545138889,0.0,0.0,0.0,22.0,40,7.8,982.0,31,10.4,,,,,,,,,,0.0,21.0,46.0,1009.0,8.9,280.0,3.0,10.284067337037005,11.642479101685218,9.176239167475728,23.312586774922266,,,982.7555820183444,0.0,0.0,0.0,,1.0,0.0,0.0,1.0,8.0,3.0,5.0,7.0,7.0,40.0,45.0
2026-08-17 15:00:00+00:00,21.15636847613889,50.027762475277775,0.0,982.515128079725,11.5,-0.7863988384722224,0.0,0.0,0.0,21.9,42,8.4,981.8,77,10.8,,,,,,,,,,0.0,20.5,52.0,1008.1,10.3,300.0,7.0,10.327160526421356,10.829207949717535,9.226735162384802,22.56238824192035,-0.8132711519676832,-0.24045393861945286,982.515128079725,0.0,0.0,0.0,8.0,8.0,24.0,15.0,8.0,14.0,9.0,8.0,13.0,14.0,40.0,42.0
2026-08-17 16:00:00+00:00,20.44480557638889,51.87982290777777,20.0,982.5753192620944,10.5,-0.5781131757916667,0.0,0.0,0.0,21.5,43,8.4,981.2,100,10.4,cloudy,21.0,47.0,18.0,0.0,0.0,,3.8,0.0,0.0,21.0,49.0,1008.0,9.9,270.0,4.0,10.21609804978021,10.22870752660868,9.180816144971846,21.799435856659798,-0.7068857875382691,-0.09013137812502237,982.5753192620944,0.0,0.0,0.0,7.0,8.0,23.0,11.0,8.0,14.0,9.0,8.0,13.0,14.0,40.0,39.0
2026-08-17 17:00:00+00:00,19.013072932055557,51.28850265416667,0.0,982.1112637045916,10.7,-0.0779778114527777,0.0,0.0,0.0,20.9,45,8.5,981.3,47,8.6,cloudy,20.0,50.0,19.0,0.0,0.0,738.0,1.0,0.0,0.0,19.0,60.0,1008.0,11.1,330.0,3.0,8.723219377886503,10.289853554169055,8.345884855889372,19.70868958051262,-0.26967719777424026,-0.2019321875666833,982.1112637045916,0.0,0.0,0.0,3.0,6.0,19.0,1.0,6.0,12.0,8.0,6.0,11.0,12.0,40.0,35.0
2026-08-17 18:00:00+00:00,17.497866744166668,55.54549174555555,22.0,981.9474566606776,9.5,-1.3550379325583333,0.0,0.0,0.0,19.8,48,8.5,981.3,96,8.3,cloudy,19.0,52.0,17.0,0.0,0.0,738.0,2.7,0.0,0.0,15.0,76.0,1007.9,10.8,0.0,0.0,8.497263980335932,9.000602763830736,8.262220178927986,18.098731303232118,-0.614052381388972,-0.3139313007083615,981.9474566606776,0.0,0.0,0.0,6.0,6.0,19.0,25.0,6.0,12.0,7.0,6.0,13.0,14.0,100.0,33.0
2026-08-17 19:00:00+00:00,16.68848204577778,58.01293561194444,17.0,981.6624833456444,8.6,-0.7833084525694445,0.0,0.0,0.0,19.4,50,8.7,981.5,0,8.3,cloudy,17.0,56.0,15.0,0.0,0.0,738.0,1.6,0.0,0.0,12.0,94.0,1008.0,11.1,150.0,1.0,8.382883877715795,8.305598168061984,8.221389727126656,17.24186750264405,-0.9921276930535354,-0.22439017947357343,981.6624833456444,0.0,0.0,0.0,10.0,10.0,30.0,15.0,10.0,16.0,11.0,10.0,15.0,16.0,100.0,34.0
2026-08-17 20:00:00+00:00,16.352040143416666,61.19253918666666,14.0,981.1841467726304,8.0,-0.7997218714750001,0.0,0.0,0.0,19.0,52,9.0,980.6,97,6.1,cloudy,16.0,53.0,14.0,0.0,0.0,737.0,2.0,0.0,0.0,10.0,100.0,1007.0,10.0,120.0,1.0,8.855984930014989,7.496055213401677,8.49842388543566,17.103928882923107,-0.7522737752145296,-0.3816549440236372,981.1841467726304,0.0,0.0,0.0,8.0,9.0,28.0,19.0,9.0,15.0,11.0,9.0,14.0,16.0,100.0,43.0
2026-08-17 21:00:00+00:00,15.699450749138888,64.46676346555556,22.0,980.8573012924388,7.1,-0.78638040285,0.0,0.0,0.0,18.2,53,8.4,980.4,59,6.1,cloudy,14.0,66.0,13.0,0.0,0.0,737.0,1.2,0.0,0.0,10.9,91.0,1007.4,9.5,0.0,0.0,9.01166422515044,6.687786523988448,8.607505734392745,16.51789246674397,-0.8089058220367678,-0.4025910266028063,980.8573012924388,0.0,0.0,0.0,12.0,12.0,27.0,26.0,12.0,18.0,14.0,12.0,19.0,21.0,100.0,50.0
2026-08-17 22:00:00+00:00,15.377455014555556,67.44055150722222,31.0,980.4740632232612,6.3,-0.731710460975,0.0,0.0,0.0,16.8,60,9.0,980.4,100,6.1,overcast,13.0,71.0,12.0,0.0,0.0,737.0,1.0,0.0,0.0,9.0,93.0,1007.0,7.9,160.0,1.0,9.375463666891827,6.001991347663729,8.830659892611973,16.353842586036738,-0.7470319328689737,-0.35504177468459375,980.4740632232612,0.0,0.0,0.0,19.0,19.0,25.0,31.0,19.0,25.0,21.0,19.0,24.0,26.0,100.0,56.0
2026-08-17 23:00:00+00:00,15.187304465805555,67.45169557027778,31.0,980.1101454480166,5.7,-0.1207090763527777,0.0,0.0,0.0,16.9,61,9.3,979.7,100,5.0,overcast,12.0,59.0,11.0,0.0,0.0,737.0,0.0,0.0,0.0,9.0,93.0,1006.0,7.9,0.0,0.0,9.196493168635826,5.99081129716973,8.730782794570128,16.085564568930966,-0.3484876134093593,-0.37357792221109776,980.1101454480166,0.0,0.0,0.0,15.0,18.0,21.0,20.0,18.0,24.0,20.0,18.0,24.0,25.0,100.0,57.0
2026-08-18 00:00:00+00:00,14.908346555388889,66.59664012194445,17.0,979.636989600378,6.1,0.0680232656333333,0.0,0.0,0.0,17.0,58,8.7,979.7,99,3.6,overcast,12.0,75.0,11.0,0.0,0.0,737.0,1.2,0.0,0.0,10.3,93.0,1006.3,9.2,0.0,0.0,8.741261911585656,6.167084643803232,8.47513149468202,15.611584344347216,0.08254664806975143,-0.4185368114415837,979.636989600378,0.0,0.0,0.0,9.0,15.0,15.0,15.0,15.0,21.0,17.0,15.0,22.0,23.0,100.0,60.0
2026-08-18 01:00:00+00:00,14.77986216122222,66.39467527916666,19.0,978.911011955975,6.1,-0.0162604646222222,0.0,0.0,0.0,17.0,57,8.5,978.9,100,6.1,overcast,12.0,82.0,11.0,0.0,0.0,737.0,1.1,0.0,0.0,10.0,94.0,1005.0,9.1,0.0,1.0,8.573920344314436,6.205941816907783,8.383571610941486,15.412728720970161,0.10756525986902687,-0.5995667460207983,978.911011955975,0.0,0.0,0.0,8.0,13.0,10.0,16.0,14.0,20.0,16.0,13.0,20.0,21.0,100.0,63.0
2026-08-18 02:00:00+00:00,14.827616013722222,67.64705569222222,17.0,978.0537729716584,6.1,-0.2525402020305555,0.0,0.0,0.0,16.6,59,8.5,978.2,100,8.3,overcast,11.0,79.0,10.0,0.0,0.0,736.0,0.0,0.0,0.7,10.0,94.0,1004.0,9.1,80.0,1.0,8.896156105803792,5.9314599079184305,8.56659392820104,15.596618982679006,-0.11781236794240081,-0.7916083143597916,978.0537729716584,0.0,0.0,0.0,13.0,13.0,8.0,23.0,20.0,26.0,17.0,13.0,22.0,22.0,100.0,66.0
2026-08-18 03:00:00+00:00,15.109426614583333,67.53072168749999,23.0,977.4299625699472,5.9,-0.1309924164444444,0.0,0.0,0.0,16.2,60,8.5,977.0,100,9.4,overcast,13.0,79.0,12.0,0.0,0.0,736.0,1.9,0.0,1.0,11.5,91.0,1004.1,10.1,0.0,0.0,9.139577794160246,5.969848820423087,8.699752673759578,15.983014367377473,-0.11804649824234838,-0.7405246930139242,977.4299625699472,0.0,0.0,0.0,13.0,13.0,7.0,20.0,20.0,26.0,17.0,13.0,22.0,24.0,100.0,70.0
2026-08-18 04:00:00+00:00,15.335062811805557,68.01907734472222,8.0,976.7486590211804,6.3,-0.19002668625,0.0,0.0,0.0,16.1,62,8.8,976.2,100,9.7,overcast,14.0,79.0,13.0,0.0,0.0,736.0,2.0,0.0,0.3,14.0,77.0,1003.0,10.0,70.0,2.0,9.462163896180426,5.8728989156251306,8.883541266989718,16.34959745648267,-0.029280496146649956,-0.6525569752390084,976.7486590211804,0.0,1.0,1.0,13.0,13.0,5.0,22.0,20.0,26.0,17.0,13.0,23.0,25.0,100.0,73.0
2026-08-18 05:00:00+00:00,13.883397155194444,82.19161987138888,60.0,975.534573289236,4.4,-2.845731013241666,0.0,0.0,0.0,16.3,62,9.0,975.3,100,12.6,overcast,12.0,76.0,12.0,0.0,0.0,736.0,0.0,0.0,0.7,13.0,88.0,1002.0,11.1,70.0,3.0,10.894672156717883,2.9887249984765614,9.824605424937738,15.557305199705926,-1.4905619109732626,-0.9476946403555644,975.534573289236,0.0,1.0,1.0,61.0,61.0,45.0,72.0,69.0,75.0,66.0,61.0,72.0,77.0,100.0,74.0
2026-08-18 06:00:00+00:00,13.144272943361113,97.9071417536111,85.0,974.4670194457334,1.4,-2.9181534057472223,0.0,0.0,0.0,15.8,66,9.4,974.5,100,13.0,heavy-rain,15.0,80.0,13.0,90.0,0.75,736.0,2.9,1.0,1.0,12.6,92.0,1001.1,11.3,90.0,7.0,12.820437103324192,0.3238358400369208,11.18260845463072,15.796206762396832,-2.7745315377941044,-1.1408197877235011,974.4670194457334,0.0,1.0,1.0,91.0,91.0,83.0,95.0,100.0,100.0,97.0,91.0,100.0,100.0,100.0,77.0
2026-08-18 07:00:00+00:00,13.2,99.0,97.0,973.76,0.2,-2.68,0.1,0.1,0.0,15.0,73,10.2,973.5,100,14.8,heavy-rain,14.0,88.0,13.0,90.0,0.75,736.0,2.9,1.0,2.0,13.0,100.0,999.0,13.0,30.0,3.0,13.045951355038662,0.1540486449613372,11.346391790431241,15.973755538278898,-1.417338176757612,-0.8872866446180296,973.76,1.0,1.0,,92.0,92.0,71.0,97.0,100.0,100.0,98.0,98.0,100.0,100.0,100.0,78.0
2026-08-18 08:00:00+00:00,13.3,,0.0,973.68,,,0.4,0.4,0.0,14.1,86,11.8,972.6,100,16.9,heavy-rain,14.0,75.0,14.0,90.0,0.75,734.0,0.0,1.0,2.1,14.0,94.0,998.0,13.0,100.0,4.0,,,,,,-0.3935097228667246,973.68,1.0,1.0,,,88.0,50.0,,93.0,95.0,94.0,94.0,97.0,98.0,100.0,84.0
2026-08-18 09:00:00+00:00,,,,,,,1.3,1.3,0.0,13.8,90,12.2,971.6,100,15.1,heavy-rain,14.0,75.0,14.0,90.0,0.75,734.0,0.0,1.0,2.2,13.6,95.0,998.6,12.8,80.0,7.0,,,,,,,,1.0,1.0,,,85.0,35.0,,89.0,92.0,91.0,91.0,96.0,96.0,100.0,86.0
2026-08-18 10:00:00+00:00,,,,,,,0.5,0.5,0.0,14.1,91,12.6,971.3,100,12.6,heavy-rain,14.0,75.0,14.0,90.0,0.75,734.0,0.0,1.0,2.1,15.0,100.0,997.0,15.0,320.0,1.0,,,,,,,,1.0,1.0,,,83.0,24.0,,86.0,90.0,89.0,89.0,94.0,95.0,100.0,86.0
2026-08-18 11:00:00+00:00,,,,973.3950497124,,,0.4,0.4,0.0,14.0,93,12.9,970.6,100,9.7,heavy-rain,14.0,75.0,14.0,90.0,0.75,734.0,0.0,1.0,2.0,15.0,100.0,997.0,15.0,330.0,2.0,,,,,,,973.3950497124,1.0,1.0,,,82.0,17.0,,83.0,90.0,89.0,89.0,94.0,95.0,,75.0
2026-08-18 12:00:00+00:00,13.848107789722222,99.0,,971.4208255126276,,-2.68,0.6,0.6,0.0,13.9,92,12.6,970.1,100,13.3,heavy-rain,14.0,75.0,14.0,90.0,0.75,734.0,0.0,1.0,2.0,14.3,94.0,997.0,13.3,10.0,7.0,13.693279367948245,0.1548284217739777,11.808155255399043,16.980436208338105,,-1.9742241997723795,971.4208255126276,1.0,1.0,,,81.0,12.0,97.0,88.0,94.0,87.0,89.0,92.0,93.0,100.0,89.0
2026-08-18 13:00:00+00:00,13.25762079,99.0,97.0,971.7206990764306,0.2,-2.68,0.8,0.8,0.0,13.7,90,12.1,969.6,100,16.2,heavy-rain,15.0,93.0,13.0,90.0,0.75,734.0,5.2,1.0,2.1,14.0,100.0,996.0,14.0,320.0,6.0,13.10350289774024,0.15411789225976058,11.386799398404717,16.062719229977663,-0.0007105295142171286,-0.8371753179847019,971.7206990764306,1.0,1.0,,78.0,80.0,8.0,97.0,87.0,93.0,86.0,88.0,90.0,91.0,100.0,87.0
2026-08-18 14:00:00+00:00,12.97859788088889,99.0,,972.4307371081724,,-2.68,0.3,0.3,0.0,14.0,89,12.2,970.8,100,19.4,rain,15.0,98.0,16.0,90.0,0.5,730.0,1.0,1.0,2.0,14.0,94.0,997.0,13.0,320.0,8.0,12.82481516706706,0.15378271382182973,11.192287351590549,15.632881692717614,-0.0005228539760739892,0.504955797772368,972.4307371081724,1.0,1.0,,78.0,79.0,6.0,97.0,83.0,89.0,85.0,85.0,89.0,89.0,100.0,86.0
2026-08-18 15:00:00+00:00,13.239933442027777,99.0,,973.128109245828,,-2.68,0.6,0.6,0.0,13.8,87,11.7,972.1,100,22.3,rain,14.0,90.0,11.0,90.0,0.5,730.0,5.9,1.0,2.0,13.2,92.0,998.5,11.9,330.0,11.0,13.085836807657323,0.15409663437045396,11.374382540743836,16.03539980084927,-1.0628944653312544e-05,0.7037050846986972,973.128109245828,1.0,1.0,,78.0,79.0,4.0,97.0,80.0,86.0,84.0,83.0,90.0,90.0,100.0,84.0
2026-08-18 16:00:00+00:00,12.904749892055555,99.0,,973.8966166386808,,-2.68,0.2,0.2,0.0,13.2,86,10.9,973.0,100,18.4,light-rain,14.0,91.0,11.0,90.0,0.25,730.0,5.5,1.0,2.0,13.0,100.0,998.0,13.0,310.0,7.0,12.751055827676687,0.15369406437886823,11.141292759110543,15.519521239310254,-4.432472148074851e-05,0.7329397652542298,973.8966166386808,1.0,1.0,,78.0,79.0,3.0,97.0,78.0,84.0,83.0,82.0,89.0,89.0,100.0,84.0
2026-08-18 17:00:00+00:00,12.779843771861112,99.0,,974.3914262715527,,-2.68,0.3,0.3,0.0,12.9,91,11.5,973.8,100,14.4,light-rain,13.0,98.0,13.0,90.0,0.25,729.0,1.0,1.0,2.1,14.0,94.0,999.0,13.0,300.0,4.0,12.626299590568639,0.15354418129247271,11.055500646027985,15.328164960348108,-0.00027622653899062044,0.6316585128623728,974.3914262715527,1.0,1.0,,78.0,79.0,2.0,97.0,77.0,83.0,81.0,81.0,86.0,86.0,100.0,83.0
2026-08-18 18:00:00+00:00,12.76307146125,99.0,,975.0924086108027,,-2.68,0.1,0.1,0.0,13.0,88,11.0,974.4,100,14.8,light-rain,13.0,92.0,10.0,90.0,0.25,729.0,4.7,1.0,2.2,12.9,92.0,1000.6,11.6,320.0,11.0,12.60954740059348,0.1535240606565207,11.044024415459155,15.302506109311249,-8.50018611737724e-05,0.5978959860609621,975.0924086108027,1.0,1.0,,78.0,79.0,1.0,97.0,75.0,81.0,80.0,88.0,84.0,84.0,100.0,82.0
2026-08-18 19:00:00+00:00,12.62356680861111,99.0,,975.3917136939556,,-2.68,0.1,0.1,0.0,13.0,91,11.6,974.6,100,12.6,light-rain,13.0,93.0,11.0,90.0,0.25,729.0,3.8,1.0,0.4,13.0,94.0,1001.0,12.1,290.0,5.0,12.470210051437657,0.15335675717345332,10.94897106689115,15.089419041647828,-9.371205950969852e-05,0.5001437112014173,975.3917136939556,1.0,1.0,,78.0,78.0,1.0,97.0,75.0,81.0,79.0,87.0,82.0,82.0,100.0,82.0
2026-08-18 20:00:00+00:00,12.635318937916663,99.0,,975.6489130496944,,-2.68,0.5,0.5,0.0,13.4,91,11.9,974.7,100,14.4,rain,13.0,95.0,12.0,90.0,0.5,730.0,3.0,1.0,0.4,13.0,94.0,1001.0,12.1,280.0,5.0,12.481948090305222,0.15337084761144126,10.956950991223904,15.107347087536425,-7.660652253971278e-05,0.27825221944584655,975.6489130496944,1.0,1.0,,78.0,78.0,1.0,97.0,78.0,84.0,78.0,83.0,81.0,81.0,100.0,82.0
2026-08-18 21:00:00+00:00,12.82949447502778,99.0,,976.1038284916444,,-2.68,0.4,0.4,0.0,13.4,91,11.9,975.2,100,16.2,light-rain,13.0,92.0,11.0,90.0,0.25,730.0,4.0,1.0,0.3,13.0,93.0,1001.7,11.9,310.0,7.0,12.67589072333456,0.15360375169322005,11.089534306337345,15.404172670557552,0.00012349725988336502,0.35605739884442755,976.1038284916444,1.0,0.0,,78.0,78.0,0.0,97.0,78.0,84.0,77.0,80.0,80.0,80.0,100.0,82.0
2026-08-18 22:00:00+00:00,12.543127849527778,99.0,,976.5145951980584,,-2.68,0.0,0.0,0.0,13.3,89,11.5,976.1,100,15.5,overcast,13.0,93.0,11.0,0.0,0.0,730.0,3.8,0.0,0.0,13.0,94.0,1002.0,12.1,270.0,4.0,12.389867518800516,0.15326033072726197,10.89448705384145,14.966820447384203,-5.525844208964514e-05,0.43284107418196527,976.5145951980584,0.0,0.0,0.0,78.0,78.0,0.0,97.0,78.0,84.0,77.0,78.0,79.0,79.0,100.0,80.0
2026-08-18 23:00:00+00:00,12.313525524861111,99.0,,977.1470098524334,,-2.68,0.0,0.0,0.0,13.0,88,11.0,976.5,100,15.1,overcast,13.0,93.0,12.0,0.0,0.0,732.0,2.0,0.0,0.0,13.0,94.0,1002.0,12.1,280.0,3.0,12.16054026390429,0.15298526095682163,10.740265084705166,14.617950589614974,-0.0003092453681992069,0.5215906803944677,977.1470098524334,0.0,0.0,0.0,78.0,78.0,0.0,97.0,77.0,83.0,76.0,77.0,79.0,79.0,100.0,78.0
2026-08-19 00:00:00+00:00,12.259690338333334,99.0,,977.7036419297696,,-2.68,0.0,0.0,0.0,12.8,86,10.6,976.6,100,13.7,overcast,12.0,92.0,10.0,0.0,0.0,732.0,3.8,0.0,0.0,12.5,92.0,1003.4,11.2,310.0,7.0,12.10676953764505,0.15292080068828362,10.70438059000397,14.536378888971063,-0.00016976501948917644,0.5945233658555935,977.7036419297696,0.0,0.0,0.0,78.0,78.0,0.0,97.0,76.0,82.0,75.0,75.0,78.0,79.0,100.0,76.0
2026-08-19 01:00:00+00:00,12.074037439361112,99.0,,978.279459260375,,-2.68,0.0,0.0,0.0,12.6,87,10.5,977.2,100,13.0,overcast,12.0,92.0,10.0,0.0,0.0,732.0,3.4,0.0,0.0,11.0,100.0,1003.0,11.0,270.0,2.0,11.921338828486745,0.1526986108743671,10.581430370588356,14.255735599524849,-0.0001433250412272713,0.5662247039708177,978.279459260375,0.0,0.0,0.0,78.0,78.0,0.0,97.0,75.0,81.0,75.0,75.0,78.0,78.0,100.0,75.0
2026-08-19 02:00:00+00:00,11.818863465361112,99.0,,978.7228315974944,,-2.68,0.0,0.0,0.0,12.4,86,10.1,978.1,100,12.6,overcast,13.0,94.0,12.0,0.0,0.0,733.0,2.0,0.0,0.0,11.0,94.0,1004.0,10.1,260.0,2.0,11.666469983844044,0.152393481517068,10.41444551935479,13.87165694329304,-0.00026365958560781166,0.5095948338624225,978.7228315974944,0.0,0.0,0.0,78.0,78.0,0.0,97.0,75.0,81.0,75.0,78.0,78.0,78.0,100.0,74.0
2026-08-19 03:00:00+00:00,11.639532530666663,99.0,,979.2998036460776,,-2.68,0.0,0.0,0.0,12.2,88,10.3,977.9,4,11.5,overcast,11.0,93.0,9.0,0.0,0.0,733.0,3.3,0.0,0.0,12.1,92.0,1005.0,10.8,280.0,4.0,11.487353305199413,0.1521792254672505,10.298468799319245,13.60287028775088,-0.00025969270355830076,0.5101721928513143,979.2998036460776,0.0,0.0,0.0,78.0,78.0,0.0,97.0,74.0,80.0,74.0,78.0,77.0,77.0,100.0,73.0
2026-08-19 04:00:00+00:00,12.455942579194444,99.0,,979.7316357742806,,-2.68,0.0,0.0,0.0,12.4,89,10.6,978.7,100,11.9,overcast,11.0,94.0,9.0,0.0,0.0,733.0,3.0,0.0,0.0,12.0,94.0,1005.0,11.1,260.0,3.0,12.302786727848728,0.15315585134571563,10.835700053363876,14.834160169343892,0.00038118491432381774,0.5044020883930784,979.7316357742806,0.0,0.0,0.0,78.0,78.0,0.0,97.0,74.0,80.0,74.0,78.0,77.0,79.0,100.0,77.0
2026-08-19 05:00:00+00:00,14.428819159833331,99.0,,980.15053293575,,-2.68,0.0,0.0,0.0,13.1,86,10.8,978.9,100,11.2,overcast,12.0,91.0,11.0,0.0,0.0,734.0,2.0,0.0,0.0,13.0,88.0,1006.0,11.1,260.0,4.0,14.27329037870872,0.15552878112461066,12.235688501334693,17.893900630213018,0.0016747778286800852,0.4253646448361792,980.15053293575,0.0,0.0,0.0,78.0,78.0,0.0,97.0,78.0,84.0,74.0,77.0,77.0,81.0,100.0,85.0
2026-08-19 06:00:00+00:00,18.548451234694443,82.33586267527778,,980.5713342151332,,1.8173481826944444,0.0,0.0,0.0,14.0,86,11.7,979.1,100,10.4,overcast,12.0,89.0,9.0,0.0,0.0,734.0,3.7,0.0,0.0,13.3,86.0,1006.5,11.0,310.0,7.0,15.478263696549034,3.07018753814541,13.035589475339872,22.740877309559426,1.458515843399847,0.4198492204263289,980.5713342151332,0.0,1.0,1.0,37.0,66.0,0.0,15.0,66.0,72.0,62.0,63.0,65.0,69.0,100.0,91.0
2026-08-19 07:00:00+00:00,17.48253281575,71.74607941277777,0.0,981.1473894640668,4.9,3.2593582600166666,0.0,0.0,0.0,14.8,83,11.9,979.9,100,9.4,overcast,14.0,86.0,12.0,0.0,0.0,734.0,3.5,0.0,0.0,15.0,77.0,1007.0,11.0,260.0,4.0,12.322742439459711,5.159790376290291,10.662253504576848,19.871151391827066,2.50213079758284,0.49842826415840596,981.1473894640668,0.0,1.0,1.0,14.0,50.0,0.0,0.0,50.0,56.0,46.0,47.0,49.0,52.0,100.0,84.0
2026-08-19 08:00:00+00:00,17.028177360277777,73.05455337027779,15.0,981.5273130172028,5.5,-0.3572811967583333,0.0,0.0,0.0,15.3,80,11.9,980.3,100,10.4,overcast,14.0,92.0,14.0,0.0,0.0,735.0,1.0,0.0,0.0,16.0,72.0,1007.0,11.0,240.0,5.0,12.160835264286774,4.8673420959910025,10.565968186571641,19.332754833197313,0.8985772789227965,0.4779894010347903,981.5273130172028,0.0,1.0,1.0,17.0,40.0,0.0,34.0,40.0,46.0,36.0,37.0,39.0,41.0,100.0,74.0
2026-08-19 09:00:00+00:00,18.64965696983333,67.4574256763889,47.0,981.7392680422666,4.5,1.3206280379277775,0.1,0.1,0.0,15.4,84,12.7,980.7,99,11.9,cloudy,16.0,71.0,14.0,0.0,0.0,735.0,3.8,0.0,0.0,15.8,77.0,1007.4,11.8,260.0,11.0,12.500375363211667,6.149281606621663,10.744088043854665,21.131388994470345,0.4947456151656863,0.29593928909991973,981.7392680422666,1.0,1.0,,5.0,30.0,0.0,0.0,30.0,36.0,25.0,26.0,28.0,30.0,100.0,58.0
2026-08-19 10:00:00+00:00,19.15338972713889,61.94244487833333,0.0,982.0766442875056,7.0,1.2205338899555556,0.0,0.0,0.0,16.7,73,11.8,981.2,100,12.6,cloudy,17.0,72.0,16.0,0.0,0.0,735.0,4.0,0.0,0.0,17.0,77.0,1008.0,12.9,240.0,4.0,11.681457764457752,7.471931962681138,10.163170645870851,21.213710850146605,1.3022949333450675,0.2746656351513934,982.0766442875056,0.0,1.0,0.0,0.0,21.0,0.0,0.0,21.0,25.0,18.0,18.0,20.0,21.0,100.0,64.0
2026-08-19 11:00:00+00:00,20.19900884555556,56.301101788055554,0.0,982.1689203906584,8.3,1.4656621405972226,0.1,0.1,0.0,17.0,72,11.9,981.5,89,13.0,cloudy,17.0,83.0,18.0,0.0,0.0,736.0,2.0,0.0,0.0,17.0,77.0,1008.0,12.9,240.0,3.0,11.218028374346655,8.980980471208905,9.821424308021024,22.029582797514212,1.415849432293621,0.21482617419587768,982.1689203906584,1.0,1.0,,0.0,15.0,0.0,0.0,15.0,17.0,12.0,13.0,14.0,15.0,100.0,69.0
2026-08-19 12:00:00+00:00,19.70948962094444,53.47690186083333,0.0,981.9861362827196,9.3,0.7313120407527777,0.1,0.1,0.0,17.4,70,11.9,981.3,100,16.9,cloudy,19.0,60.0,17.0,0.0,0.0,736.0,4.4,0.0,0.0,20.2,54.0,1007.4,10.6,260.0,11.0,9.989301099525251,9.720188521419187,9.065465271962635,20.960217052544962,1.1241282793690246,-0.04525400239299415,981.9861362827196,1.0,0.0,,0.0,10.0,0.0,0.0,10.0,12.0,9.0,9.0,10.0,10.0,100.0,56.0
2026-08-19 13:00:00+00:00,19.998551116805555,52.078465207777775,,981.8733808002,9.6,0.3328174297916667,0.0,0.0,0.0,18.9,60,11.0,981.6,5,14.0,light-rain,18.0,58.0,16.0,90.0,0.25,736.0,4.5,1.0,0.0,20.0,53.0,1008.0,10.1,260.0,4.0,9.860863127010237,10.137687989795317,8.979040528335826,21.191050224708427,0.578353759293206,-0.14776979522918054,981.8733808002,0.0,0.0,0.0,0.0,7.0,0.0,0.0,7.0,9.0,6.0,6.0,7.0,7.0,40.0,54.0
2026-08-19 14:00:00+00:00,19.803170378972226,52.3981930475,,981.9718398567944,10.4,-0.1471206057222222,0.0,0.0,0.0,19.3,56,10.3,981.5,10,15.1,cloudy,20.0,81.0,22.0,0.0,0.0,737.0,1.0,0.0,0.0,20.0,49.0,1008.0,9.0,250.0,4.0,9.771586355044155,10.03158402392807,8.93147827412715,20.955454453444876,0.15569775125444177,-0.007148212962590605,981.9718398567944,0.0,0.0,0.0,0.0,5.0,0.0,3.0,5.0,7.0,4.0,4.0,5.0,5.0,40.0,47.0
2026-08-19 15:00:00+00:00,19.481672707277777,53.31851346583333,8.0,982.0256743273028,9.9,-0.2157612674138889,0.0,0.0,0.0,19.3,57,10.6,981.3,0,13.7,cloudy,20.0,56.0,17.0,0.0,0.0,737.0,4.5,0.0,0.0,20.5,52.0,1007.2,10.3,260.0,11.0,9.733738336005521,9.747934371272256,8.918648728415471,20.616971911952152,-0.19487680926153048,0.07614676355137817,982.0256743273028,0.0,0.0,0.0,2.0,4.0,6.0,4.0,4.0,8.0,3.0,4.0,5.0,5.0,100.0,48.0
2026-08-19 16:00:00+00:00,18.752796875277777,52.95985864555556,0.0,982.3048929627834,10.1,0.0774870014888888,0.0,0.0,0.0,19.0,59,10.8,981.0,7,13.7,cloudy,19.0,62.0,16.0,0.0,0.0,737.0,4.4,0.0,0.0,19.0,60.0,1008.0,11.1,220.0,4.0,8.957744835113518,9.79505204016426,8.486571889881988,19.548118223615496,-0.11826599188190555,0.16652655299446906,982.3048929627834,0.0,0.0,0.0,1.0,3.0,5.0,0.0,3.0,8.0,2.0,3.0,5.0,5.0,100.0,41.0
2026-08-19 17:00:00+00:00,17.68085917547222,56.287887016388886,6.0,982.6917665136332,9.5,-0.9356604134777776,0.0,0.0,0.0,18.1,65,11.5,981.5,6,10.8,cloudy,20.0,55.0,19.0,0.0,0.0,737.0,2.0,0.0,0.0,18.0,60.0,1008.0,10.1,230.0,3.0,8.864475628296319,8.816383547175903,8.464441635415618,18.436361819130212,-0.46577541204817674,0.3330460931651942,982.6917665136332,0.0,0.0,0.0,5.0,5.0,14.0,17.0,5.0,11.0,4.0,5.0,8.0,9.0,100.0,37.0
2026-08-19 18:00:00+00:00,16.9821542835,59.38724322472223,20.0,982.856204131675,8.3,-0.9424652792083332,0.0,0.0,0.0,16.8,73,11.9,981.8,47,8.3,clear,17.0,62.0,15.0,0.0,0.0,737.0,3.1,0.0,0.0,14.4,81.0,1008.7,11.2,0.0,0.0,9.005024286606062,7.9771299968939395,8.56561751503737,17.79774482418613,-0.9089610216351601,0.27565558444581484,982.856204131675,0.0,0.0,0.0,9.0,9.0,27.0,18.0,9.0,15.0,8.0,9.0,12.0,14.0,100.0,36.0
2026-08-19 19:00:00+00:00,16.439572725972223,62.76412902805556,15.0,982.8267961409724,7.6,-0.8335271378444444,0.0,0.0,0.0,16.4,74,11.7,982.1,66,10.1,cloudy,15.0,67.0,13.0,0.0,0.0,737.0,2.6,0.0,0.0,14.0,88.0,1009.0,12.0,180.0,2.0,9.315190278741074,7.124382447231149,8.762703385808354,17.389555986669883,-0.8460005499723771,0.06751481366961798,982.8267961409724,0.0,0.0,0.0,8.0,9.0,27.0,23.0,9.0,15.0,8.0,9.0,12.0,14.0,100.0,39.0
2026-08-19 20:00:00+00:00,16.046486029472224,64.88959210138889,29.0,982.7810333218836,6.8,-0.6605891687722222,0.0,0.0,0.0,16.3,72,11.2,981.9,100,9.4,cloudy,14.0,52.0,11.0,0.0,0.0,737.0,3.0,0.0,0.0,14.0,88.0,1009.0,12.0,170.0,2.0,9.438290831302677,6.608195198169547,8.847492647381427,17.050497251889087,-0.6844673993621965,-0.03758540489570805,982.7810333218836,0.0,0.0,0.0,11.0,11.0,25.0,25.0,11.0,17.0,11.0,11.0,14.0,15.0,100.0,44.0
2026-08-19 21:00:00+00:00,15.9,65.79820721472223,23.0,982.7264755431834,6.3,-0.2115835286805555,0.0,0.0,0.0,15.8,72,10.8,981.4,100,8.3,cloudy,14.0,72.0,12.0,0.0,0.0,737.0,3.0,0.0,0.0,11.8,92.0,1009.0,10.5,0.0,0.0,9.506170888794058,6.393829111205942,8.892411572544654,16.933972286026577,-0.36527666801260317,-0.05016029889452511,982.7264755431834,0.0,0.0,0.0,11.0,11.0,21.0,18.0,11.0,17.0,11.0,11.0,15.0,15.0,100.0,48.0
2026-08-19 22:00:00+00:00,15.47797139421712,70.98634365869243,15.0,982.9044159564916,6.3,-1.094433401928636,0.0,0.0,0.0,15.7,69,10.1,981.7,100,10.1,cloudy,14.0,75.0,12.0,0.0,0.0,737.0,2.8,0.0,0.0,13.0,88.0,1009.0,11.1,180.0,2.0,10.236860678840532,5.241110715376587,9.351753622908586,16.84218320622273,-0.6835422413964798,0.06169131730399613,982.9044159564916,0.0,0.0,0.0,27.0,27.0,21.0,45.0,27.0,33.0,27.0,27.0,31.0,34.0,100.0,51.0
2026-08-19 23:00:00+00:00,14.769818935333332,77.71279666361112,60.0,982.6564780360331,4.4,-1.521765063425,0.0,0.0,0.0,15.9,63,8.9,981.3,100,13.0,light-rain,12.0,60.0,11.0,90.0,0.25,738.0,0.0,1.0,0.0,14.0,82.0,1009.0,11.0,190.0,4.0,10.913630723332219,3.856188212001113,9.806693088093645,16.452830892848787,-1.2688204496024147,-0.03499875357510973,982.6564780360331,0.0,0.0,0.0,49.0,49.0,38.0,64.0,49.0,55.0,49.0,49.0,53.0,58.0,100.0,53.0
2026-08-20 00:00:00+00:00,14.37524473461111,81.5253514875,64.0,982.1629741082028,3.2,-0.7956497113277777,0.0,0.0,0.0,15.3,67,9.2,981.2,100,13.0,rain,14.0,71.0,11.0,90.0,0.5,738.0,3.2,1.0,0.0,13.3,92.0,1008.4,12.0,130.0,4.0,11.252134566568241,3.123110168042869,10.043009618320019,16.22251627360429,-1.0590002736668591,-0.3707209241443934,982.1629741082028,0.0,0.0,0.0,55.0,55.0,36.0,58.0,55.0,61.0,55.0,55.0,59.0,63.0,100.0,54.0
2026-08-20 01:00:00+00:00,14.440167272777778,79.8692867175,31.0,981.8879086435222,3.6,0.2775644131055555,0.0,0.0,0.0,15.3,71,10.1,981.2,12,15.1,light-rain,14.0,73.0,11.0,90.0,0.25,738.0,3.9,1.0,0.0,13.0,94.0,1008.0,12.1,140.0,3.0,11.005725995816421,3.4344412769613566,9.878116789741677,16.167547355267278,-0.2108734675198782,-0.38428469625546313,981.8879086435222,0.0,0.0,0.0,43.0,51.0,27.0,35.0,51.0,57.0,51.0,51.0,55.0,58.0,100.0,57.0
2026-08-20 02:00:00+00:00,14.032986529833332,81.80707167027778,43.0,981.611521864014,3.2,-0.4046932085999999,0.0,0.0,0.0,14.6,77,10.6,981.1,6,11.9,cloudy,14.0,73.0,14.0,0.0,0.0,738.0,0.0,0.0,0.0,13.0,94.0,1008.0,12.1,160.0,3.0,10.970102967045579,3.0628835627877535,9.868771852788319,15.743176397361148,-0.030113302627557733,-0.2757261220943974,981.611521864014,0.0,0.0,0.0,45.0,49.0,19.0,51.0,49.0,55.0,49.0,49.0,53.0,56.0,100.0,60.0
2026-08-20 03:00:00+00:00,14.235320121027778,81.20168962083333,40.0,981.5888028155584,3.2,0.0488892281666666,0.0,0.0,0.0,14.1,80,10.7,980.6,44,11.5,cloudy,14.0,74.0,11.0,0.0,0.0,738.0,3.8,0.0,0.0,12.3,93.0,1007.7,11.2,220.0,4.0,11.055575151091547,3.1797449699362303,9.91789221742007,15.986815542670943,-0.12734815351256312,-0.14955291398189274,981.5888028155584,0.0,0.0,0.0,45.0,48.0,15.0,41.0,48.0,54.0,48.0,48.0,53.0,54.0,100.0,63.0
2026-08-20 04:00:00+00:00,14.829860557611113,80.17312734222223,41.0,981.6895488611194,3.2,0.2409896210972222,0.0,0.0,0.0,14.2,79,10.6,981.0,4,11.9,cloudy,13.0,78.0,10.0,0.0,0.0,738.0,3.5,0.0,0.0,14.0,88.0,1008.0,12.0,170.0,3.0,11.442513778837181,3.3873467787739315,10.15424131775579,16.77094981838066,0.162231607993089,0.03901349855271974,981.6895488611194,0.0,0.0,0.0,40.0,46.0,10.0,36.0,46.0,52.0,46.0,46.0,51.0,52.0,100.0,66.0
2026-08-20 05:00:00+00:00,18.572419185277777,68.47322077444444,22.0,980.9951359010638,4.0,2.518546283722222,0.0,0.0,0.0,15.4,76,11.2,980.6,98,12.2,cloudy,13.0,87.0,13.0,0.0,0.0,738.0,1.0,0.0,0.1,15.0,88.0,1008.0,13.0,200.0,4.0,12.654772298026309,5.917646887251468,10.856201240877025,21.135864012796482,1.3689509586576187,-0.2968334572473168,980.9951359010638,0.0,1.0,1.0,5.0,33.0,7.0,0.0,33.0,39.0,34.0,33.0,39.0,41.0,100.0,81.0
2026-08-20 06:00:00+00:00,19.093447011666665,66.22541584,0.0,980.5215765801888,8.1,0.5510981161777778,0.0,0.0,0.0,15.4,74,10.8,979.9,100,11.5,overcast,15.0,75.0,13.0,0.0,0.0,738.0,3.6,0.0,0.1,17.3,78.0,1006.3,13.4,210.0,4.0,12.641767356603749,6.451679655062916,10.827621345839976,21.649981019016487,1.5321664381444924,-0.5839861404652993,980.5215765801888,0.0,1.0,1.0,0.0,23.0,5.0,3.0,25.0,31.0,24.0,23.0,28.0,31.0,100.0,82.0
2026-08-20 07:00:00+00:00,17.407341331416667,77.25439041277778,55.0,980.3327121411334,4.9,-2.434952419075,0.0,0.0,0.0,16.0,75,11.6,979.7,100,11.9,cloudy,16.0,81.0,14.0,0.0,0.0,738.0,3.5,0.0,1.0,18.0,77.0,1007.0,13.9,180.0,5.0,13.381577586539088,4.02576374487758,11.429467381176448,20.36534846760922,-0.9459415711869444,-0.33121187996522394,980.3327121411334,0.0,1.0,1.0,43.0,43.0,28.0,63.0,43.0,49.0,45.0,43.0,49.0,53.0,100.0,77.0
2026-08-20 08:00:00+00:00,16.93548121266667,86.05511592388889,71.0,980.7733606905888,3.1,-1.723428534263889,0.1,0.1,0.0,16.4,77,12.4,979.9,100,13.7,light-rain,18.0,82.0,19.0,90.0,0.25,737.0,1.0,1.0,1.4,17.0,88.0,1007.0,15.0,170.0,4.0,14.585943862276986,2.3495373503896833,12.377369746348581,20.58454266344534,-2.0510711523366165,0.1258920551999836,980.7733606905888,1.0,1.0,,68.0,68.0,62.0,77.0,68.0,74.0,70.0,68.0,74.0,79.0,100.0,58.0
2026-08-20 09:00:00+00:00,16.85413139611111,88.0378596225,83.0,980.2372008024722,1.8,-0.6577136712916667,3.3,3.3,0.0,15.5,90,13.9,979.3,100,13.0,heavy-rain,17.0,85.0,16.0,90.0,0.75,737.0,4.1,1.0,1.7,16.6,92.0,1006.2,15.3,220.0,11.0,14.859470070246653,1.9946613258644579,12.600981698687368,20.666847436184167,-1.0155512095065609,-0.04775566933057007,980.2372008024722,1.0,1.0,,67.0,68.0,52.0,65.0,68.0,74.0,70.0,68.0,76.0,80.0,100.0,57.0
2026-08-20 10:00:00+00:00,17.225878249666668,88.34859587972223,38.0,979.5277043801694,2.4,0.0128518797916666,0.6,0.6,0.0,15.9,91,14.4,978.2,100,13.3,rain,16.0,89.0,15.0,90.0,0.5,737.0,4.0,1.0,1.4,17.0,94.0,1006.0,16.0,180.0,5.0,15.280436932783346,1.945441316883322,12.929938979394596,21.295466601760236,-0.20204801675318063,-0.6228281552096746,979.5277043801694,1.0,1.0,,60.0,65.0,38.0,53.0,67.0,73.0,68.0,65.0,73.0,77.0,100.0,70.0
2026-08-20 11:00:00+00:00,17.920189401,89.403741805,57.0,979.4776641903724,1.8,-0.1277684258111111,0.3,0.3,0.0,16.5,90,14.9,978.0,100,19.1,rain,17.0,77.0,17.0,90.0,0.5,736.0,2.0,1.0,1.2,18.0,88.0,1005.0,16.0,170.0,3.0,16.150562626569915,1.7696267744300833,13.637100393186126,22.54043541183347,-0.11251727571718728,-0.3797683060499253,979.4776641903724,1.0,1.0,,61.0,64.0,28.0,57.0,65.0,71.0,66.0,64.0,71.0,75.0,100.0,76.0
2026-08-20 12:00:00+00:00,18.206315895666663,89.35249303277777,54.0,979.6588664296612,1.8,-0.0120077223111111,0.0,0.0,0.0,17.6,89,15.8,978.4,100,17.3,light-rain,18.0,89.0,18.0,90.0,0.25,736.0,4.4,1.0,1.1,17.6,90.0,1005.1,15.9,230.0,11.0,16.423803792176642,1.7825121034900206,13.862756999858165,23.00510225534152,-0.08146460669665066,0.06558102474588168,979.6588664296612,0.0,1.0,0.0,60.0,63.0,20.0,55.0,64.0,70.0,65.0,66.0,70.0,74.0,100.0,77.0
2026-08-20 13:00:00+00:00,20.22493006836111,82.78443718888889,42.0,979.8034078226472,2.2,1.257419766863889,0.1,0.1,0.0,17.9,89,16.0,979.1,100,13.3,cloudy,18.0,89.0,18.0,0.0,0.0,736.0,4.3,0.0,0.0,19.0,88.0,1005.0,17.0,220.0,5.0,17.201433709166363,3.0234963591947484,14.46316517424596,25.54698938886157,0.6269347923823324,0.16287181613739676,979.8034078226472,1.0,0.0,,39.0,56.0,14.0,20.0,56.0,62.0,58.0,58.0,63.0,67.0,100.0,81.0
2026-08-20 14:00:00+00:00,20.846023405388888,74.36289175916666,3.0,980.1565811381804,4.4,1.76674586325,0.0,0.0,0.0,19.1,87,16.9,979.2,100,12.6,cloudy,18.0,91.0,19.0,0.0,0.0,736.0,2.0,0.0,0.0,21.0,78.0,1006.0,17.0,260.0,9.0,16.11431213866793,4.731711266720957,13.470226504018958,25.442787255178132,1.4745995816154684,0.24885735425959865,980.1565811381804,0.0,0.0,0.0,18.0,45.0,10.0,1.0,45.0,51.0,46.0,46.0,52.0,55.0,100.0,77.0
2026-08-20 15:00:00+00:00,20.93919212236111,72.59634606166667,5.0,980.8135105306528,5.0,0.6244417519194444,0.0,0.0,0.0,20.4,83,17.4,979.7,1,13.3,cloudy,20.0,75.0,19.0,0.0,0.0,736.0,4.4,0.0,0.0,21.9,70.0,1005.3,16.2,260.0,11.0,15.827286934315461,5.1119051880456485,13.221554826048527,25.35170364816836,1.04420441442545,0.5050513540028305,980.8135105306528,0.0,0.0,0.0,14.0,35.0,7.0,14.0,34.0,40.0,37.0,36.0,42.0,44.0,100.0,74.0
2026-08-20 16:00:00+00:00,20.556078770611112,73.97921092611111,27.0,981.2702162992,5.0,-0.2846414222888889,0.0,0.0,0.0,20.6,81,17.2,979.8,6,14.0,cloudy,21.0,75.0,20.0,0.0,0.0,736.0,4.2,0.0,0.0,22.0,69.0,1007.0,16.0,260.0,6.0,15.753712701460124,4.802366069150988,13.176702662330666,24.921836249748686,0.035327401215015534,0.5568175805098008,981.2702162992,0.0,0.0,0.0,25.0,32.0,5.0,33.0,30.0,36.0,33.0,34.0,38.0,39.0,100.0,62.0
2026-08-20 17:00:00+00:00,19.699215272,75.19298199666666,43.0,982.4708418384834,4.4,-0.297877128125,0.0,0.0,0.0,19.7,86,17.3,980.7,100,16.6,cloudy,21.0,91.0,23.0,0.0,0.0,735.0,2.0,0.0,0.0,20.0,78.0,1007.0,16.0,250.0,3.0,15.180942531906487,4.518272740093513,12.739127632892187,23.707540058415606,-0.29681622397606766,0.8286656539152659,982.4708418384834,0.0,0.0,0.0,31.0,32.0,9.0,36.0,29.0,35.0,32.0,34.0,37.0,38.0,100.0,51.0
2026-08-20 18:00:00+00:00,18.31341088794445,76.4960455225,34.0,983.3505577848472,4.3,-0.3343112859388888,0.0,0.0,0.0,18.7,85,16.1,981.7,4,14.0,light-rain,19.0,81.0,18.0,90.0,0.25,735.0,4.4,1.0,0.0,19.1,74.0,1008.1,14.4,300.0,7.0,14.107356893874583,4.206053994069867,11.943693210854208,21.68216991701323,-0.2981560375405606,1.040170742823591,983.3505577848472,0.0,0.0,0.0,35.0,35.0,9.0,39.0,30.0,34.0,33.0,35.0,36.0,37.0,100.0,41.0
2026-08-20 19:00:00+00:00,17.252125365916665,83.98420414638889,55.0,984.0473864170054,3.5,-1.4751335703333333,0.0,0.0,0.0,17.7,88,15.7,982.5,0,9.4,cloudy,18.0,82.0,17.0,0.0,0.0,735.0,3.4,0.0,0.0,18.0,77.0,1009.0,13.9,290.0,4.0,14.518884605903414,2.733240760013251,12.310495586303665,20.861450298393883,-0.8925159900401312,0.7882722892610445,984.0473864170054,0.0,0.0,0.0,58.0,58.0,27.0,74.0,52.0,55.0,55.0,58.0,55.0,56.0,100.0,39.0
2026-08-20 20:00:00+00:00,16.5993128455,89.03987042111112,74.0,984.7991106814752,2.2,-1.010203990711111,0.0,0.0,0.0,17.1,89,15.3,983.0,66,10.4,clear,18.0,69.0,17.0,0.0,0.0,736.0,3.0,0.0,0.0,17.0,83.0,1010.0,14.1,270.0,3.0,14.784150032115209,1.8151628133847897,12.55104989394889,20.366710467540326,-1.1954455903425387,0.7242764483140149,984.7991106814752,0.0,0.0,0.0,71.0,71.0,36.0,73.0,66.0,69.0,67.0,71.0,67.0,72.0,100.0,42.0
2026-08-20 21:00:00+00:00,16.104220148777777,91.34984285027777,69.0,985.1114212652444,1.5,-0.5535614919499999,0.0,0.0,0.0,16.3,92,15.0,983.3,65,9.0,clear,17.0,83.0,16.0,0.0,0.0,736.0,3.0,0.0,0.0,14.6,92.0,1010.8,13.3,0.0,0.0,14.692738158873421,1.411481989904356,12.498706206379744,19.81687637152146,-0.6608793850544473,0.5320174241194877,985.1114212652444,0.0,0.0,0.0,70.0,71.0,31.0,68.0,66.0,69.0,67.0,70.0,67.0,70.0,100.0,48.0
2026-08-20 22:00:00+00:00,15.507437612888888,93.48950830305556,64.0,985.5338192285724,1.3,-0.347322104361111,0.0,0.0,0.0,16.1,91,14.7,984.3,100,7.6,cloudy,16.0,86.0,15.0,0.0,0.0,736.0,2.9,0.0,0.0,13.0,100.0,1011.0,13.0,230.0,2.0,14.460522740488013,1.0469148724008743,12.338332036522523,19.082302646341688,-0.3841239704919576,0.3673542735485853,985.5338192285724,0.0,0.0,0.0,72.0,72.0,25.0,67.0,72.0,75.0,67.0,69.0,67.0,70.0,100.0,51.0
2026-08-20 23:00:00+00:00,15.22509848302778,94.3323262175,68.0,985.7197682556888,1.0,-0.2901815134,0.0,0.0,0.0,15.7,89,13.9,984.2,100,7.6,clear,14.0,77.0,13.0,0.0,0.0,737.0,2.0,0.0,0.0,12.0,100.0,1011.0,12.0,250.0,1.0,14.319237928909217,0.9058605541185631,12.238201141364724,18.717013163205742,-0.25281071789289644,0.3041734952221873,985.7197682556888,0.0,0.0,0.0,72.0,72.0,20.0,67.0,72.0,75.0,67.0,68.0,67.0,69.0,100.0,53.0
2026-08-21 00:00:00+00:00,14.662294527861112,96.77814830083334,66.0,985.988978589875,0.8,-0.3453326865111111,0.0,0.0,0.0,15.2,90,13.6,985.0,100,6.1,clear,14.0,88.0,13.0,0.0,0.0,737.0,2.3,0.0,0.0,11.7,95.0,1012.1,10.9,0.0,0.0,14.155278095630226,0.5070164322308859,12.132785333846957,18.058777862399076,-0.2699492200849942,0.22757968065133125,985.988978589875,0.0,0.0,0.0,77.0,77.0,16.0,72.0,77.0,80.0,72.0,72.0,72.0,72.0,100.0,53.0
2026-08-21 01:00:00+00:00,14.353403284333334,98.1131584038889,75.0,986.2097654607252,0.3,-0.3660528046666667,0.0,0.0,0.0,14.7,91,13.2,985.1,95,5.8,cloudy,13.0,91.0,12.0,0.0,0.0,737.0,1.6,0.0,0.0,11.0,100.0,1012.0,11.0,180.0,2.0,14.058956741013851,0.2944465433194825,12.070313369727332,17.694237635171017,-0.3057070053995403,0.24499860251819428,986.2097654607252,0.0,0.0,0.0,80.0,80.0,14.0,74.0,80.0,81.0,75.0,74.0,75.0,75.0,100.0,55.0
2026-08-21 02:00:00+00:00,14.010140954527778,99.0,71.0,986.3157877400362,0.2,-0.1,0.0,0.0,0.0,14.3,92,13.0,984.8,82,3.2,cloudy,12.0,89.0,11.0,0.0,0.0,739.0,1.0,0.0,0.0,11.0,100.0,1012.0,11.0,190.0,1.0,13.855117273649007,0.15502368087877016,11.926121163426922,17.234211260806347,-0.17599637567605783,0.1634045750805626,986.3157877400362,0.0,0.0,0.0,80.0,80.0,12.0,71.0,80.0,81.0,76.0,75.0,76.0,76.0,100.0,55.0
2026-08-21 03:00:00+00:00,14.009299988694444,99.0,71.0,986.2659738533168,0.2,-0.1,0.0,0.0,0.0,13.9,93,12.8,984.7,20,5.8,cloudy,13.0,91.0,12.0,0.0,0.0,739.0,1.5,0.0,0.0,11.1,96.0,1012.5,10.5,0.0,0.0,13.854277321544409,0.15502266715003543,11.925506275924654,17.232891954550684,-0.06971193808472353,0.028104196295828388,986.2659738533168,0.0,0.0,0.0,79.0,80.0,9.0,71.0,80.0,81.0,75.0,75.0,77.0,77.0,100.0,58.0
2026-08-21 04:00:00+00:00,15.105411176583331,97.35462032055555,,986.6681456714332,,0.1508819347555555,0.0,0.0,0.0,13.8,98,13.5,984.9,99,5.4,cloudy,13.0,92.0,13.0,0.0,0.0,739.0,1.4,0.0,0.0,12.0,100.0,1012.0,12.0,0.0,0.0,14.688765587143287,0.41664558944004426,12.538803634570403,18.815694875362478,0.13081095428063705,0.17617896569851155,986.6681456714332,0.0,0.0,0.0,74.0,78.0,6.0,64.0,78.0,79.0,74.0,74.0,76.0,77.0,100.0,65.0
2026-08-21 05:00:00+00:00,16.873918138888886,89.05886970444443,48.0,987.1013195827528,1.0,1.403727275463889,0.0,0.0,0.0,14.8,97,14.4,985.5,100,5.8,overcast,11.0,98.0,11.0,0.0,0.0,740.0,0.0,0.0,0.0,13.0,100.0,1013.0,13.0,160.0,1.0,15.058248149687849,1.8156699892010373,12.762244824523862,20.807166389494796,0.8303236610255008,0.4176728647179857,987.1013195827528,0.0,0.0,0.0,52.0,70.0,4.0,28.0,70.0,72.0,67.0,68.0,68.0,70.0,90.0,71.0
2026-08-21 06:00:00+00:00,18.02033011105556,82.62936027361111,20.0,987.5003593766304,2.5,1.1389072583222222,0.0,0.0,0.0,16.3,92,15.0,985.8,100,7.2,overcast,14.0,88.0,13.0,0.0,0.0,740.0,1.9,0.0,0.0,16.2,94.0,1013.0,15.2,210.0,4.0,15.017789004995564,3.002541106059997,12.678980851436535,21.928935365838235,1.2929477583099767,0.4161068525986025,987.5003593766304,0.0,0.0,0.0,38.0,61.0,3.0,22.0,61.0,62.0,57.0,59.0,59.0,61.0,73.0,73.0
2026-08-21 07:00:00+00:00,19.53349260408333,73.46961036,6.0,987.5550152902306,4.1,1.99099147245,0.0,0.0,0.0,17.9,83,15.0,986.4,100,5.4,overcast,16.0,85.0,16.0,0.0,0.0,740.0,2.1,0.0,0.0,18.0,83.0,1014.0,15.1,180.0,4.0,14.660697442420396,4.8727951616629355,12.326778867701293,23.227028488531538,1.528562586230949,0.22684785373888872,987.5550152902306,0.0,0.0,0.0,17.0,47.0,2.0,0.0,47.0,49.0,45.0,46.0,46.0,47.0,52.0,71.0
2026-08-21 08:00:00+00:00,21.688948393666667,68.08604295416667,0.0,987.6213241164972,5.2,1.344937834616667,0.0,0.0,0.0,18.1,83,15.2,986.4,100,6.5,overcast,17.0,99.0,19.0,0.0,0.0,741.0,0.0,0.0,0.0,18.0,83.0,1013.0,15.1,180.0,5.0,15.542550433345461,6.146397960321206,12.949946307408695,25.921588080319292,1.5719284271306044,0.06048236993342471,987.6213241164972,0.0,0.0,0.0,2.0,34.0,1.0,0.0,34.0,35.0,31.0,33.0,32.0,34.0,36.0,71.0
2026-08-21 09:00:00+00:00,23.25061453611111,63.816078385,0.0,987.5850919414166,7.7,1.1402945329111112,0.0,0.0,0.0,18.9,82,15.7,986.5,100,6.8,overcast,18.0,77.0,17.0,0.0,0.0,741.0,2.9,0.0,0.0,21.2,72.0,1012.7,15.9,200.0,11.0,16.01311482964773,7.237499706463382,13.27500316615377,27.782077194438436,1.1823522724002233,0.01503832559302509,987.5850919414166,0.0,0.0,0.0,0.0,24.0,1.0,0.0,24.0,25.0,22.0,23.0,23.0,24.0,27.0,71.0
2026-08-21 10:00:00+00:00,24.26597796861111,60.16791878944445,2.0,987.3848168587692,7.7,0.988144059638889,0.0,0.0,0.0,19.9,76,15.6,986.5,100,6.8,cloudy,20.0,73.0,20.0,0.0,0.0,741.0,2.9,0.0,0.0,20.0,78.0,1014.0,16.0,190.0,4.0,16.047659610918416,8.218318357692695,13.258866189391616,28.81969025545778,1.0359601986857445,-0.1182536288640108,987.3848168587692,0.0,0.0,0.0,0.0,17.0,1.0,0.0,17.0,17.0,15.0,16.0,16.0,16.0,30.0,67.0
2026-08-21 11:00:00+00:00,24.119462591472224,57.883924271388885,0.0,987.1827519189444,8.3,0.6858509016027777,0.0,0.0,0.0,21.4,70,15.7,986.1,100,8.3,cloudy,22.0,90.0,26.0,0.0,0.0,741.0,1.0,0.0,0.0,21.0,73.0,1013.0,16.0,190.0,3.0,15.305275240473062,8.814187350999163,12.650238437860613,28.204398829790954,0.7883438222678905,-0.20117001123611544,987.1827519189444,0.0,0.0,0.0,0.0,12.0,1.0,0.0,12.0,12.0,11.0,11.0,11.0,12.0,32.0,54.0
2026-08-21 12:00:00+00:00,23.60519171030556,57.70013181111111,0.0,986.9441718015528,8.5,0.0001230332416666,0.0,0.0,0.0,22.3,65,15.4,986.0,99,7.9,cloudy,23.0,61.0,23.0,0.0,0.0,741.0,3.5,0.0,0.0,23.6,59.0,1012.1,15.1,250.0,11.0,14.774952291390594,8.830239418914967,12.247483809945388,27.367068487079926,0.3059605306111362,-0.22032252860822152,986.9441718015528,0.0,0.0,0.0,0.0,8.0,0.0,0.0,8.0,8.0,8.0,8.0,8.0,8.0,36.0,42.0
2026-08-21 13:00:00+00:00,23.439464729027776,58.32260806666667,1.0,987.1303262460084,8.7,-0.4084940903194445,0.0,0.0,0.0,23.1,62,15.5,985.9,82,9.0,cloudy,22.0,60.0,22.0,0.0,0.0,741.0,3.3,0.0,0.0,22.0,69.0,1013.0,16.0,180.0,5.0,14.786520227098341,8.652944501929435,12.263460723819277,27.208285501416213,-0.08062142453486398,-0.026212836468005207,987.1303262460084,0.0,0.0,0.0,1.0,6.0,2.0,8.0,6.0,7.0,6.0,6.0,6.0,6.0,34.0,35.0
2026-08-21 14:00:00+00:00,23.56050922880556,56.39462985555556,0.0,987.0769303556972,9.0,0.44593391945,0.0,0.0,0.0,23.2,61,15.3,986.1,31,10.1,cloudy,24.0,76.0,27.0,0.0,0.0,741.0,1.0,0.0,0.0,23.0,57.0,1013.0,14.0,200.0,4.0,14.378462698720814,9.182046530084747,11.940005954410912,27.08711455722565,0.17590355558489001,0.06637927707220115,987.0769303556972,0.0,0.0,0.0,0.0,4.0,2.0,0.0,4.0,5.0,4.0,4.0,4.0,4.0,32.0,35.0
2026-08-21 15:00:00+00:00,23.28152210880556,55.72555212388889,0.0,986.8225179107334,9.0,0.1564633193416666,0.0,0.0,0.0,23.1,60,14.9,985.9,31,10.1,cloudy,24.0,54.0,23.0,0.0,0.0,741.0,3.8,0.0,0.0,23.7,59.0,1011.9,15.2,200.0,7.0,13.934116486466511,9.34740562233905,11.61245194136317,26.550683967784177,0.3472305602048076,-0.15390416763750636,986.8225179107334,0.0,0.0,0.0,0.0,3.0,1.0,0.0,3.0,3.0,3.0,3.0,3.0,3.0,33.0,37.0
2026-08-21 16:00:00+00:00,22.62270738566667,59.0611029625,,986.9138749473055,9.3,-1.030782556211111,0.0,0.0,0.0,22.7,62,15.1,985.4,0,10.4,cloudy,23.0,58.0,22.0,0.0,0.0,741.0,3.1,0.0,0.0,22.0,65.0,1013.0,15.1,160.0,6.0,14.216219629019752,8.406487756646916,11.852889563737277,26.054557256164095,-0.38777938671891565,-0.08152770419582112,986.9138749473055,0.0,0.0,0.0,4.0,4.0,12.0,19.0,4.0,5.0,4.0,4.0,5.0,5.0,33.0,35.0
2026-08-21 17:00:00+00:00,21.37962814255556,66.99145186972223,36.0,987.1109072130222,7.1,-1.980554851855556,0.0,0.0,0.0,21.6,66,15.0,986.0,0,9.0,cloudy,23.0,59.0,23.0,0.0,0.0,740.0,2.0,0.0,0.0,20.0,78.0,1013.0,16.0,160.0,4.0,14.995105472076101,6.384522670479459,12.516102381551802,25.27444187360869,-1.4814414759297951,0.144194651144403,987.1109072130222,0.0,0.0,0.0,22.0,22.0,44.0,42.0,22.0,23.0,22.0,22.0,23.0,28.0,40.0,31.0
2026-08-21 18:00:00+00:00,20.14809203725,75.52661946472223,52.0,987.1457761537,5.2,-1.882094615183333,0.0,0.0,0.0,20.1,71,14.7,985.8,11,6.1,clear,21.0,67.0,20.0,0.0,0.0,740.0,3.2,0.0,0.0,18.9,81.0,1012.6,15.6,190.0,4.0,15.683709900474799,4.4643821367752,13.136103765386293,24.4695441004557,-1.971052809935858,0.11595060319723416,987.1457761537,0.0,0.0,0.0,44.0,44.0,59.0,59.0,44.0,45.0,44.0,44.0,45.0,51.0,58.0,30.0
2026-08-21 19:00:00+00:00,19.26560741455556,81.72835250944445,67.0,986.9933949528836,3.5,-1.302644785561111,0.0,0.0,0.0,19.3,74,14.5,986.1,2,8.3,cloudy,19.0,75.0,19.0,0.0,0.0,740.0,2.5,0.0,0.0,16.0,94.0,1013.0,15.0,140.0,3.0,16.062481870025287,3.2031255445302733,13.498349204734838,23.828879652155265,-1.5906985629745929,-0.05875613006929825,986.9933949528836,0.0,0.0,0.0,58.0,58.0,56.0,66.0,58.0,60.0,58.0,58.0,59.0,65.0,71.0,32.0
2026-08-21 20:00:00+00:00,18.8,84.0,58.0,987.09,2.8,-0.69,0.0,0.0,0.0,19.3,73,14.4,985.9,99,8.6,cloudy,19.0,59.0,18.0,0.0,0.0,740.0,2.0,0.0,0.0,16.0,94.0,1013.0,15.0,140.0,3.0,16.03728628687903,2.76271371312097,13.498169330045211,23.347026500674538,-0.8508342118271149,-0.027888076849990288,987.09,0.0,0.0,0.0,57.0,58.0,47.0,59.0,58.0,59.0,58.0,58.0,59.0,64.0,69.0,37.0
2026-08-21 21:00:00+00:00,18.3,88.0,67.0,987.0,2.0,-0.79,0.0,0.0,0.0,18.4,78,14.5,985.4,96,6.5,cloudy,17.0,83.0,16.0,0.0,0.0,740.0,2.8,0.0,0.0,16.8,93.0,1012.7,15.7,180.0,4.0,16.276419713393913,2.0235802866060872,13.7289475712431,23.002144130292358,-0.589772628962093,0.0033025235582044843,987.0,0.0,0.0,0.0,63.0,63.0,38.0,67.0,63.0,64.0,63.0,63.0,64.0,65.0,74.0,43.0
2026-08-21 22:00:00+00:00,17.9,91.0,66.0,986.39,1.5,-0.5,0.0,0.0,0.0,18.1,80,14.6,985.9,85,9.7,cloudy,16.0,85.0,15.0,0.0,0.0,740.0,2.6,0.0,0.0,16.0,100.0,1012.0,16.0,150.0,3.0,16.4086028913442,1.4913971086558,13.86393786852407,22.688781999493067,-0.6356583022325849,-0.35000000000002274,986.39,0.0,0.0,0.0,69.0,69.0,32.0,66.0,69.0,71.0,69.0,69.0,70.0,72.0,84.0,49.0
2026-08-21 23:00:00+00:00,17.8,95.0,76.0,986.12,0.8,-0.69,0.0,0.0,0.0,17.4,85,14.8,985.1,8,10.1,cloudy,16.0,77.0,15.0,0.0,0.0,741.0,2.0,0.0,0.0,16.0,100.0,1012.0,16.0,130.0,3.0,16.98736780166771,0.8126321983322917,14.38753453013834,22.97574543974413,-0.6054740441368978,-0.4399999999999977,986.12,0.0,0.0,0.0,77.0,77.0,28.0,76.0,77.0,78.0,77.0,77.0,78.0,81.0,92.0,54.0
2026-08-22 00:00:00+00:00,17.9,94.0,60.0,985.56,1.0,0.06,0.0,0.0,0.0,16.9,89,15.1,984.7,97,10.1,cloudy,16.0,87.0,15.0,0.0,0.0,741.0,3.4,0.0,0.0,17.5,93.0,1011.0,16.4,170.0,4.0,16.919596791786752,0.9804032082132466,14.3209907652886,23.02978580167416,-0.2554969502212767,-0.41500000000002046,985.56,0.0,0.0,0.0,71.0,75.0,22.0,60.0,75.0,77.0,75.0,75.0,76.0,80.0,96.0,58.0
2026-08-22 01:00:00+00:00,17.7,95.0,66.0,984.98,0.8,-0.2,0.0,0.0,0.0,16.8,91,15.4,983.8,100,11.9,overcast,16.0,90.0,15.0,0.0,0.0,741.0,3.3,0.0,0.1,17.0,100.0,1011.0,17.0,120.0,4.0,16.887989610632637,0.8120103893673623,14.302168756477412,22.808410255456014,-0.00031090448246473557,-0.5699999999999932,984.98,0.0,0.0,0.0,71.0,74.0,15.0,67.0,76.0,79.0,74.0,74.0,76.0,78.0,100.0,61.0
2026-08-22 02:00:00+00:00,17.6,95.0,66.0,984.15,0.8,-0.2,0.0,0.0,0.0,16.9,91,15.4,983.1,100,13.7,overcast,17.0,90.0,17.0,0.0,0.0,741.0,3.1,0.0,0.1,17.0,94.0,1010.0,16.0,120.0,4.0,16.7886111823502,0.811388817649803,14.21724251393693,22.64144643029552,-0.08450719528172179,-0.7049999999999841,984.15,0.0,0.0,0.0,72.0,73.0,12.0,67.0,78.0,81.0,74.0,73.0,77.0,78.0,100.0,62.0
2026-08-22 03:00:00+00:00,17.5,97.0,69.0,983.03,0.5,-0.17,0.0,0.0,0.0,17.1,90,15.5,981.2,100,15.1,overcast,16.0,89.0,15.0,0.0,0.0,741.0,3.4,0.0,0.2,17.4,92.0,1008.7,16.1,140.0,7.0,17.01793739751766,0.48206260248234045,14.430285574218429,22.69653331768541,-0.16497389344251087,-0.9750000000000227,983.03,0.0,1.0,1.0,76.0,76.0,10.0,69.0,85.0,88.0,79.0,76.0,82.0,83.0,100.0,64.0
2026-08-22 04:00:00+00:00,17.6,95.0,58.0,981.9,0.8,0.27,0.0,0.0,0.0,17.5,87,15.3,980.4,100,14.8,overcast,16.0,90.0,15.0,0.0,0.0,741.0,4.0,0.0,0.3,17.0,94.0,1008.0,16.0,120.0,6.0,16.7886111823502,0.811388817649803,14.21724251393693,22.64144643029552,0.0,-1.125,981.9,0.0,1.0,1.0,71.0,75.0,7.0,58.0,83.0,86.0,78.0,75.0,81.0,82.0,100.0,67.0
2026-08-22 05:00:00+00:00,18.1,93.0,53.0,980.54,1.2,0.32,0.0,0.0,0.0,17.8,85,15.3,979.5,100,16.2,overcast,17.0,94.0,18.0,0.0,0.0,739.0,1.0,0.0,0.3,17.0,94.0,1007.0,16.0,120.0,4.0,16.94912039974831,1.1508796002516917,14.33794512329249,23.249786249569866,0.3344084988846756,-1.2450000000000045,980.54,0.0,1.0,1.0,64.0,71.0,5.0,54.0,81.0,85.0,75.0,71.0,79.0,80.0,100.0,72.0
2026-08-22 06:00:00+00:00,18.3,92.0,56.0,979.75,1.3,0.14,0.1,0.1,0.0,17.7,87,15.5,980.0,100,16.9,overcast,17.0,87.0,16.0,0.0,0.0,739.0,4.2,0.0,0.4,18.2,89.0,1004.9,16.4,120.0,7.0,16.976521064274216,1.3234789357257846,14.352990642663244,23.46837795439656,0.25604505903799074,-1.0749999999999886,979.75,1.0,1.0,,62.0,69.0,3.0,56.0,78.0,83.0,73.0,69.0,78.0,79.0,100.0,74.0
2026-08-22 07:00:00+00:00,17.6,99.0,93.0,980.11,0.2,-1.3,2.4,2.4,0.0,17.5,92,16.2,978.9,100,16.6,rain,17.0,87.0,15.0,90.0,0.5,739.0,4.8,1.0,0.9,18.0,94.0,1006.0,17.0,260.0,1.0,17.4406187942098,0.15938120579020065,14.815863251365851,23.08761259578165,-0.49574919723074545,-0.214999999999975,980.11,1.0,1.0,,83.0,83.0,15.0,93.0,83.0,89.0,90.0,88.0,97.0,100.0,100.0,72.0
2026-08-22 08:00:00+00:00,17.7,,0.0,978.58,,,1.2,1.2,0.0,19.4,88,17.3,977.3,100,22.0,heavy-rain,19.0,95.0,20.0,90.0,0.75,738.0,3.0,1.0,0.7,19.0,88.0,1004.0,17.0,120.0,5.0,,,,,,-0.5849999999999795,978.58,1.0,0.0,,,82.0,10.0,,83.0,89.0,88.0,87.0,96.0,99.0,100.0,73.0
2026-08-22 09:00:00+00:00,,,,978.58,,,0.0,0.0,0.0,20.2,86,17.8,975.5,100,20.9,heavy-rain,19.0,95.0,20.0,90.0,0.75,738.0,3.0,1.0,0.6,19.3,90.0,1001.8,17.6,170.0,11.0,,,,,,-0.7649999999999864,978.58,0.0,0.0,0.0,,81.0,7.0,,85.0,91.0,87.0,87.0,95.0,97.0,100.0,72.0
2026-08-22 10:00:00+00:00,,,,,,,0.0,0.0,0.0,22.7,77,18.5,975.3,0,20.5,heavy-rain,19.0,95.0,20.0,90.0,0.75,738.0,3.0,1.0,0.0,22.0,78.0,1002.0,18.0,160.0,7.0,,,,,,,,0.0,0.0,0.0,,80.0,5.0,,83.0,89.0,87.0,88.0,93.0,94.0,100.0,75.0
2026-08-22 11:00:00+00:00,,,,,,,0.0,0.0,0.0,24.9,69,18.8,975.0,100,24.8,heavy-rain,19.0,95.0,20.0,90.0,0.75,738.0,3.0,1.0,0.0,24.0,69.0,1003.0,18.0,200.0,11.0,,,,,,,,0.0,0.0,0.0,,79.0,4.0,,81.0,89.0,87.0,88.0,93.0,94.0,,60.0
2026-08-22 12:00:00+00:00,,,,,,,0.0,0.0,0.0,24.3,65,17.3,975.5,100,31.7,heavy-rain,19.0,95.0,20.0,90.0,0.75,738.0,3.0,1.0,0.0,24.7,68.0,1000.9,18.4,240.0,18.0,,,,,,,,0.0,0.0,0.0,,79.0,2.0,,80.0,89.0,87.0,88.0,93.0,94.0,,60.0
2026-08-22 13:00:00+00:00,,,,,,,0.0,0.0,0.0,21.7,61,13.8,976.2,7,33.8,heavy-rain,19.0,95.0,20.0,90.0,0.75,738.0,3.0,1.0,0.0,24.0,54.0,1004.0,14.1,230.0,10.0,,,,,,,,0.0,0.0,0.0,,79.0,2.0,,80.0,89.0,87.0,88.0,93.0,94.0,,59.0
2026-08-22 14:00:00+00:00,,,,,,,0.0,0.0,0.0,19.4,63,12.2,978.1,91,31.7,,,,,,,,,,0.0,21.0,56.0,1005.0,11.9,240.0,8.0,,,,,,,,0.0,0.0,0.0,,79.0,1.0,,79.0,89.0,87.0,88.0,93.0,94.0,,59.0
2026-08-22 15:00:00+00:00,,,,,,,0.0,0.0,0.0,18.6,66,12.2,979.1,100,27.4,,,,,,,,,,0.0,19.3,61.0,1005.8,11.6,270.0,14.0,,,,,,,,0.0,0.0,0.0,,78.0,1.0,,79.0,89.0,87.0,88.0,93.0,94.0,,59.0
2026-08-22 16:00:00+00:00,,,,,,,0.0,0.0,0.0,18.1,64,11.2,979.9,0,22.0,,,,,,,,,,0.0,19.0,60.0,1007.0,11.1,240.0,7.0,,,,,,,,0.0,0.0,0.0,,78.0,1.0,,79.0,89.0,87.0,88.0,93.0,94.0,,59.0
2026-08-22 17:00:00+00:00,,,,,,,0.0,0.0,0.0,17.2,71,11.9,980.6,9,18.4,,,,,,,,,,0.0,18.0,64.0,1008.0,11.1,230.0,5.0,,,,,,,,0.0,0.0,0.0,,78.0,0.0,,79.0,89.0,87.0,88.0,93.0,94.0,,59.0
2026-08-22 18:00:00+00:00,,,,,,,0.0,0.0,0.0,16.7,75,12.3,981.3,100,21.2,,,,,,,,,,0.0,17.7,63.0,1007.8,10.6,270.0,14.0,,,,,,,,0.0,0.0,0.0,,78.0,0.0,,78.0,89.0,87.0,88.0,93.0,94.0,,59.0
2026-08-22 19:00:00+00:00,,,,,,,0.0,0.0,0.0,16.1,75,11.7,981.7,0,17.6,,,,,,,,,,0.0,16.0,68.0,1009.0,10.1,260.0,7.0,,,,,,,,0.0,0.0,0.0,,78.0,0.0,,78.0,89.0,87.0,88.0,93.0,94.0,,59.0
2026-08-22 20:00:00+00:00,,,,,,,0.0,0.0,0.0,15.5,75,11.1,982.6,96,18.7,,,,,,,,,,0.0,16.0,68.0,1009.0,10.1,240.0,5.0,,,,,,,,0.0,0.0,0.0,,78.0,0.0,,78.0,89.0,87.0,88.0,93.0,94.0,,59.0
2026-08-22 21:00:00+00:00,,,,,,,0.0,0.0,0.0,15.0,77,11.0,982.8,100,18.7,,,,,,,,,,0.0,14.8,75.0,1009.5,10.4,270.0,11.0,,,,,,,,0.0,0.0,0.0,,78.0,0.0,,78.0,89.0,87.0,88.0,93.0,94.0,,59.0
2026-08-22 22:00:00+00:00,,,,,,,0.0,0.0,0.0,14.5,80,11.1,983.1,100,15.8,,,,,,,,,,0.0,14.0,82.0,1010.0,11.0,230.0,3.0,,,,,,,,0.0,0.0,0.0,,78.0,0.0,,78.0,89.0,87.0,88.0,93.0,94.0,,58.0
2026-08-22 23:00:00+00:00,,,,,,,0.0,0.0,0.0,14.3,84,11.6,983.3,0,16.9,,,,,,,,,,0.0,13.0,88.0,1010.0,11.1,220.0,4.0,,,,,,,,0.0,0.0,0.0,,78.0,0.0,,78.0,89.0,87.0,88.0,93.0,94.0,,58.0
2026-08-23 00:00:00+00:00,,,,,,,0.0,0.0,0.0,14.2,87,12.1,983.2,1,18.0,,,,,,,,,,0.0,13.8,82.0,1010.0,10.8,260.0,11.0,,,,,,,,0.0,0.0,0.0,,78.0,0.0,,78.0,89.0,87.0,88.0,93.0,94.0,,58.0
2026-08-23 01:00:00+00:00,,,,,,,0.0,0.0,0.0,14.4,86,12.1,983.5,94,16.9,,,,,,,,,,0.0,12.0,94.0,1010.0,11.1,220.0,4.0,,,,,,,,0.0,0.0,0.0,,78.0,0.0,,78.0,89.0,87.0,88.0,93.0,94.0,,57.0
2026-08-23 02:00:00+00:00,,,,,,,0.0,0.0,0.0,14.6,78,10.8,983.2,80,17.3,,,,,,,,,,0.0,12.0,94.0,1010.0,11.1,240.0,3.0,,,,,,,,0.0,0.0,0.0,,78.0,0.0,,78.0,89.0,87.0,88.0,93.0,94.0,,56.0
2026-08-23 03:00:00+00:00,,,,,,,0.0,0.0,0.0,14.3,75,10.0,983.5,100,18.0,,,,,,,,,,0.0,13.1,85.0,1010.5,10.6,270.0,11.0,,,,,,,,0.0,0.0,0.0,,78.0,0.0,,78.0,89.0,87.0,88.0,93.0,94.0,,56.0
2026-08-23 04:00:00+00:00,,,,,,,0.0,0.0,0.0,13.9,80,10.5,983.6,12,16.9,,,,,,,,,,0.0,13.0,88.0,1011.0,11.1,250.0,4.0,,,,,,,,0.0,0.0,0.0,,78.0,0.0,,78.0,89.0,87.0,88.0,93.0,94.0,,55.0
2026-08-23 05:00:00+00:00,,,,,,,0.0,0.0,0.0,14.4,79,10.8,983.7,8,18.0,,,,,,,,,,0.0,13.0,88.0,1011.0,11.1,240.0,4.0,,,,,,,,0.0,0.0,0.0,,78.0,0.0,,78.0,89.0,87.0,88.0,93.0,94.0,,54.0
2026-08-23 06:00:00+00:00,,,,,,,0.0,0.0,0.0,15.4,74,10.8,984.3,100,19.4,,,,,,,,,,0.0,14.4,78.0,1011.5,10.6,270.0,11.0,,,,,,,,0.0,0.0,0.0,,78.0,0.0,,78.0,89.0,87.0,88.0,93.0,94.0,,54.0
2026-08-23 07:00:00+00:00,,,,,,,0.0,0.0,0.0,16.0,70,10.5,985.2,32,18.4,,,,,,,,,,0.0,15.0,77.0,1012.0,11.0,260.0,6.0,,,,,,,,0.0,0.0,0.0,,78.0,0.0,,78.0,89.0,87.0,88.0,93.0,94.0,,54.0
2026-08-23 08:00:00+00:00,,,,,,,0.0,0.0,0.0,16.2,67,10.1,985.3,100,19.4,,,,,,,,,,0.0,17.0,63.0,1012.0,9.9,250.0,6.0,,,,,,,,0.0,0.0,0.0,,78.0,0.0,,78.0,89.0,87.0,88.0,93.0,94.0,,53.0
2026-08-23 09:00:00+00:00,,,,,,,0.0,0.0,0.0,17.1,65,10.5,985.8,95,18.4,,,,,,,,,,0.0,18.4,60.0,1011.9,10.5,280.0,14.0,,,,,,,,0.0,0.0,0.0,,78.0,0.0,,78.0,89.0,87.0,88.0,93.0,94.0,,53.0
2026-08-23 10:00:00+00:00,,,,,,,0.0,0.0,0.0,16.8,67,10.6,986.3,100,17.6,,,,,,,,,,0.0,18.0,60.0,1013.0,10.1,250.0,7.0,,,,,,,,0.0,0.0,0.0,,78.0,0.0,,78.0,89.0,87.0,88.0,93.0,94.0,,53.0
2026-08-23 11:00:00+00:00,,,,,,,0.0,0.0,0.0,17.0,67,10.9,986.4,100,17.6,,,,,,,,,,0.0,19.0,56.0,1013.0,10.0,260.0,8.0,,,,,,,,0.0,0.0,0.0,,78.0,0.0,,78.0,89.0,87.0,88.0,93.0,94.0,,53.0
2026-08-23 12:00:00+00:00,20.6,50.0,0.0,987.23,10.8,-0.0,0.0,0.0,0.0,17.3,65,10.7,986.6,100,17.6,,,,,,,,,,0.0,19.8,50.0,1012.3,9.1,300.0,18.0,9.807120299447918,10.792879700552083,8.928473350358916,21.76826506886957,,,987.23,0.0,0.0,0.0,,55.0,0.0,0.0,55.0,62.0,61.0,62.0,65.0,66.0,0.0,48.0
2026-08-23 13:00:00+00:00,20.1,53.0,17.0,987.54,9.9,-0.89,0.0,0.0,0.0,18.4,60,10.5,986.5,96,17.3,cloudy,19.0,55.0,15.0,0.0,0.0,,6.9,0.0,0.0,20.0,53.0,1013.0,10.1,250.0,7.0,10.217162379968373,9.882837620031628,9.192264019612443,21.455121162408282,-0.9100420805204549,0.30999999999994543,987.54,0.0,0.0,0.0,9.0,41.0,27.0,17.0,39.0,45.0,44.0,46.0,47.0,48.0,4.0,46.0
2026-08-23 14:00:00+00:00,19.5,53.0,2.0,987.91,9.8,-0.11,0.0,0.0,0.0,18.6,60,10.7,986.4,2,18.7,cloudy,20.0,59.0,19.0,0.0,0.0,740.0,3.0,0.0,0.0,20.0,53.0,1013.0,10.1,260.0,9.0,9.661324097605965,9.838675902394035,8.87491298265973,20.602907911723662,-0.4771018990790239,0.339999999999975,987.91,0.0,0.0,0.0,5.0,30.0,23.0,2.0,29.0,33.0,31.0,34.0,33.0,34.0,2.0,42.0
2026-08-23 15:00:00+00:00,19.0,55.0,1.0,988.0,9.3,-0.02,0.0,0.0,0.0,18.7,59,10.6,986.6,4,17.6,cloudy,20.0,52.0,15.0,0.0,0.0,740.0,6.4,0.0,0.0,19.3,55.0,1013.1,10.0,290.0,14.0,9.749754776721055,9.250245223278945,8.94294427761105,20.142482188860683,-0.31629619837634143,0.23000000000001816,988.0,0.0,1.0,1.0,3.0,22.0,19.0,0.0,21.0,24.0,21.0,24.0,23.0,24.0,1.0,25.0
2026-08-23 16:00:00+00:00,18.3,55.0,5.0,988.37,9.2,-0.25,0.0,0.0,0.0,18.4,62,11.0,986.8,61,18.7,cloudy,20.0,57.0,16.0,0.0,0.0,740.0,5.9,0.0,0.0,18.0,60.0,1014.0,10.1,260.0,7.0,9.098227762485303,9.201772237514698,8.580592232026937,19.155715081432728,-0.31845183243966874,0.23000000000001816,988.37,0.0,1.0,1.0,3.0,16.0,16.0,5.0,16.0,18.0,15.0,18.0,16.0,17.0,1.0,24.0
2026-08-23 17:00:00+00:00,17.2,59.0,20.0,988.89,8.1,-1.07,0.0,0.0,0.0,17.9,65,11.2,986.8,70,18.0,clear,19.0,54.0,16.0,0.0,0.0,741.0,4.0,0.0,0.0,17.0,63.0,1014.0,9.9,260.0,5.0,9.112510232526423,8.087489767473576,8.621387518716121,18.06188341299446,-0.5813777279026846,0.44499999999999323,988.89,0.0,1.0,1.0,6.0,13.0,17.0,20.0,13.0,14.0,11.0,14.0,12.0,12.0,2.0,22.0
2026-08-23 18:00:00+00:00,16.2,63.0,24.0,989.33,7.1,-0.88,0.2,0.2,0.0,16.5,75,12.1,987.8,100,16.6,clear,18.0,63.0,15.0,0.0,0.0,741.0,4.9,0.0,0.0,16.1,65.0,1014.7,9.5,300.0,11.0,9.144293415330358,7.055706584669641,8.669714587964826,17.07562876951243,-1.0730328264225282,0.4800000000000182,989.33,1.0,0.0,,11.0,12.0,32.0,25.0,12.0,13.0,9.0,12.0,10.0,11.0,4.0,21.0
2026-08-23 19:00:00+00:00,15.7,66.0,29.0,989.41,6.3,-0.79,0.0,0.0,0.0,15.9,75,11.5,988.2,58,14.8,clear,16.0,69.0,14.0,0.0,0.0,741.0,3.7,0.0,0.0,16.0,68.0,1015.0,10.1,270.0,6.0,9.361478941044714,6.338521058955285,8.812513948624122,16.67025279340274,-0.8744843542591455,0.2599999999999909,989.41,0.0,0.0,0.0,16.0,16.0,30.0,29.0,16.0,16.0,11.0,12.0,13.0,14.0,10.0,23.0
2026-08-23 20:00:00+00:00,14.9,71.0,45.0,989.42,5.2,-1.1,0.0,0.0,0.0,15.4,78,11.6,987.8,0,16.9,clear,15.0,58.0,11.0,0.0,0.0,742.0,4.0,0.0,0.0,14.0,77.0,1015.0,10.0,250.0,3.0,9.684924543194667,5.215075456805334,9.03091639621486,16.013449295961898,-0.9203155639321539,0.04499999999995907,989.42,0.0,0.0,0.0,30.0,30.0,30.0,45.0,30.0,30.0,24.0,30.0,24.0,26.0,22.0,26.0
2026-08-23 21:00:00+00:00,14.2,77.0,57.0,989.6,4.0,-1.19,0.0,0.0,0.0,14.9,81,11.7,988.2,1,16.2,clear,14.0,77.0,11.0,0.0,0.0,742.0,4.0,0.0,0.0,14.4,79.0,1015.1,10.8,310.0,11.0,10.222573460875411,3.977426539124588,9.384392422328897,15.55761729487759,-1.1805472599153486,0.09500000000002728,989.6,0.0,0.0,0.0,46.0,46.0,35.0,57.0,46.0,46.0,41.0,46.0,40.0,44.0,34.0,30.0
2026-08-23 22:00:00+00:00,13.8,81.0,57.0,989.64,3.2,-0.79,0.0,0.0,0.0,14.5,82,11.5,988.4,1,15.8,clear,14.0,81.0,12.0,0.0,0.0,742.0,3.5,0.0,0.0,14.0,82.0,1015.0,11.0,280.0,3.0,10.593561699695876,3.206438300304125,9.63272203490644,15.330661633998902,-1.0043185782506043,0.11000000000001366,989.64,0.0,0.0,0.0,53.0,53.0,34.0,57.0,53.0,53.0,48.0,53.0,50.0,54.0,41.0,32.0
2026-08-23 23:00:00+00:00,13.8,83.0,57.0,989.62,2.8,-0.6,0.0,0.0,0.0,14.0,84,11.4,988.5,18,15.8,clear,14.0,65.0,12.0,0.0,0.0,742.0,2.0,0.0,0.0,13.0,88.0,1015.0,11.1,280.0,3.0,10.9606125994845,2.8393874005155,9.870567023422648,15.50561624224579,-0.5690195693045439,0.009999999999990905,989.62,0.0,0.0,0.0,53.0,53.0,29.0,56.0,53.0,53.0,51.0,53.0,52.0,54.0,42.0,38.0
2026-08-24 00:00:00+00:00,,,,989.79,,,0.0,0.0,0.0,13.7,86,11.4,988.6,98,14.4,clear,14.0,82.0,12.0,0.0,0.0,742.0,3.4,0.0,0.0,13.7,83.0,1015.5,10.9,310.0,11.0,,,,,,0.07499999999998863,989.79,0.0,0.0,0.0,,52.0,20.0,,52.0,52.0,50.0,52.0,50.0,52.0,41.0,42.0
2026-08-24 01:00:00+00:00,13.6,81.0,37.0,989.93,3.2,0.25,0.0,0.0,0.0,13.6,86,11.3,988.7,2,13.0,cloudy,12.0,87.0,10.0,0.0,0.0,742.0,3.1,0.0,0.0,13.0,88.0,1015.0,11.1,290.0,4.0,10.398520772655846,3.2014792273441532,9.515036920043329,15.039216256829057,0.1810459134143265,0.15499999999997272,989.93,0.0,0.0,0.0,42.0,49.0,14.0,37.0,49.0,49.0,47.0,49.0,47.0,49.0,37.0,42.0
2026-08-24 02:00:00+00:00,13.7,81.0,40.0,990.11,3.2,0.1,0.0,0.0,0.0,13.0,87,10.9,988.8,99,14.4,cloudy,13.0,80.0,10.0,0.0,0.0,743.0,4.0,0.0,0.0,14.0,77.0,1016.0,10.0,290.0,6.0,10.49604170989936,3.2039582901006387,9.573722277669726,15.18480826828187,0.0024790627564854617,0.160000000000025,990.11,0.0,0.0,0.0,43.0,47.0,10.0,40.0,47.0,47.0,45.0,47.0,46.0,47.0,39.0,42.0
2026-08-24 03:00:00+00:00,13.6,81.0,40.0,990.29,3.2,0.1,0.0,0.0,0.0,13.2,87,11.1,989.0,100,15.5,cloudy,13.0,88.0,11.0,0.0,0.0,743.0,3.5,0.0,0.0,13.6,81.0,1016.0,10.4,290.0,7.0,10.398520772655846,3.2014792273441532,9.515036920043329,15.039216256829057,0.0,0.18000000000000682,990.29,0.0,0.0,0.0,43.0,46.0,7.0,40.0,46.0,46.0,44.0,46.0,45.0,46.0,40.0,41.0
2026-08-24 04:00:00+00:00,13.5,80.0,38.0,990.48,3.4,0.14,0.0,0.0,0.0,13.3,86,11.0,989.1,100,13.7,cloudy,13.0,88.0,11.0,0.0,0.0,743.0,3.3,0.0,0.0,14.0,77.0,1016.0,10.0,270.0,4.0,10.114897648191114,3.385102351808886,9.339915612150087,14.808095630266624,0.09057203085412358,0.18500000000000227,990.48,0.0,0.0,0.0,40.0,44.0,5.0,38.0,44.0,44.0,43.0,44.0,43.0,44.0,39.0,41.0
2026-08-24 05:00:00+00:00,15.8,71.0,0.0,990.62,5.3,1.58,0.0,0.0,0.0,13.9,81,10.7,989.1,38,13.0,overcast,13.0,86.0,11.0,0.0,0.0,743.0,3.0,0.0,0.0,14.0,77.0,1016.0,10.0,270.0,5.0,10.548849877289936,5.251150122710065,9.53762148281053,17.30960579881392,1.0248354476829558,0.16500000000002046,990.62,0.0,0.0,0.0,12.0,35.0,3.0,0.0,35.0,35.0,33.0,35.0,34.0,34.0,17.0,49.0
2026-08-24 06:00:00+00:00,16.1,70.0,17.0,991.13,5.5,0.25,0.0,0.0,0.0,14.6,76,10.4,989.6,93,13.3,overcast,13.0,82.0,10.0,0.0,0.0,743.0,3.7,0.0,0.0,13.7,77.0,1016.9,9.7,310.0,11.0,10.623421607403198,5.476578392596803,9.575132460197919,17.64475414912023,1.0457380203939586,0.32499999999998863,991.13,0.0,0.0,0.0,10.0,27.0,2.0,17.0,27.0,27.0,26.0,27.0,26.0,27.0,15.0,50.0
2026-08-24 07:00:00+00:00,20.4,55.0,0.0,991.2,9.3,3.89,0.0,0.0,0.0,15.4,71,10.2,990.2,43,14.8,overcast,13.0,79.0,10.0,0.0,0.0,743.0,3.7,0.0,0.0,16.0,68.0,1017.0,10.1,250.0,4.0,11.052440461875872,9.347559538124127,9.707594118821426,22.149976893694998,2.048204707707031,0.29000000000002046,991.2,0.0,0.0,0.0,0.0,19.0,2.0,0.0,19.0,19.0,18.0,19.0,18.0,19.0,0.0,68.0
2026-08-24 08:00:00+00:00,20.6,57.0,13.0,991.37,8.8,-0.69,0.0,0.0,0.0,16.7,62,9.4,989.8,69,13.3,overcast,14.0,83.0,14.0,0.0,0.0,743.0,1.0,0.0,0.0,17.0,68.0,1017.0,11.0,240.0,5.0,11.779098407842147,8.820901592157854,10.178459619409162,22.709522178511314,1.6721615997805257,0.12000000000000455,991.37,0.0,0.0,0.0,0.0,13.0,1.0,13.0,13.0,13.0,13.0,13.0,13.0,13.0,0.0,57.0
2026-08-24 09:00:00+00:00,18.9,58.0,6.0,991.53,8.4,-0.33,0.0,0.0,0.0,17.3,59,9.2,990.2,100,13.3,cloudy,16.0,66.0,14.0,0.0,0.0,743.0,3.9,0.0,0.0,16.3,68.0,1017.0,10.4,300.0,14.0,10.451354577595907,8.448645422404091,9.375311641129446,20.363884168628864,-0.44945705786001794,0.16499999999996362,991.53,0.0,0.0,0.0,4.0,11.0,13.0,6.0,11.0,11.0,10.0,11.0,10.0,10.0,2.0,45.0
2026-08-24 10:00:00+00:00,20.8,50.0,0.0,991.42,10.8,2.4,0.0,0.0,0.0,17.8,58,9.5,990.2,73,12.6,cloudy,17.0,64.0,15.0,0.0,0.0,743.0,4.0,0.0,0.0,16.0,68.0,1017.0,10.1,260.0,5.0,9.991079359250557,10.808920640749443,9.03290775649413,22.05153671921742,0.9940095242957946,0.024999999999977263,991.42,0.0,0.0,0.0,0.0,7.0,9.0,0.0,7.0,7.0,7.0,7.0,7.0,7.0,0.0,28.0
2026-08-24 11:00:00+00:00,17.6,61.0,32.0,991.61,7.6,-2.96,0.0,0.0,0.0,17.1,62,9.8,989.7,100,14.0,cloudy,17.0,78.0,17.0,0.0,0.0,744.0,2.0,0.0,0.0,17.0,63.0,1017.0,9.9,240.0,5.0,9.985579545669344,7.6144204543306575,9.12896624579108,18.84903402366344,-0.41711248403671686,0.040000000000020464,991.61,0.0,0.0,0.0,4.0,6.0,13.0,31.0,6.0,6.0,6.0,6.0,6.0,6.0,2.0,18.0
2026-08-24 12:00:00+00:00,19.1,52.0,0.0,991.27,10.1,2.49,0.0,0.0,0.0,18.4,56,9.5,989.7,100,14.8,cloudy,18.0,56.0,15.0,0.0,0.0,744.0,4.7,0.0,0.0,18.2,57.0,1016.7,9.5,300.0,11.0,9.00773244688985,10.092267553110151,8.505097167739704,19.91675328361586,-0.3583265438196462,-0.07499999999998863,991.27,0.0,0.0,0.0,4.0,6.0,12.0,0.0,6.0,6.0,5.0,6.0,5.0,5.0,2.0,29.0
2026-08-24 13:00:00+00:00,18.9,50.0,0.0,991.03,10.7,0.61,0.0,0.0,0.0,18.9,53,9.1,989.7,0,15.5,cloudy,18.0,59.0,16.0,0.0,0.0,744.0,4.3,0.0,0.0,19.0,52.0,1016.0,8.9,300.0,4.0,8.243007122770347,10.656992877229651,8.082165207870213,19.395762214335228,1.521286211449497,-0.29000000000002046,991.03,0.0,0.0,0.0,0.0,4.0,8.0,0.0,4.0,4.0,3.0,4.0,3.0,4.0,0.0,19.0
2026-08-24 14:00:00+00:00,18.5,52.0,7.0,990.99,10.0,-0.36,0.0,0.0,0.0,18.5,55,9.3,989.4,0,16.6,cloudy,19.0,70.0,19.0,0.0,0.0,744.0,2.0,0.0,0.0,19.0,49.0,1016.0,8.0,280.0,6.0,8.452980150815286,10.047019849184714,8.209191765436445,19.082443873536636,-0.022623851962718423,-0.13999999999998636,990.99,0.0,0.0,0.0,0.0,3.0,6.0,7.0,3.0,3.0,2.0,3.0,2.0,3.0,0.0,33.0
2026-08-24 15:00:00+00:00,18.7,54.0,14.0,991.03,9.5,-0.74,0.0,0.0,0.0,18.3,56,9.4,989.6,0,15.8,cloudy,18.0,57.0,15.0,0.0,0.0,744.0,4.0,0.0,0.0,18.2,55.0,1016.5,9.0,310.0,11.0,9.197549614358499,9.5024503856415,8.626312607361166,19.598718852291725,-0.5772712457940755,0.0,991.03,0.0,0.0,0.0,6.0,6.0,17.0,14.0,6.0,6.0,6.0,6.0,6.0,9.0,2.0,27.0
2026-08-24 16:00:00+00:00,16.4,72.0,53.0,991.34,5.1,-4.84,0.0,0.0,0.0,16.9,69,11.2,989.9,100,10.4,cloudy,17.0,64.0,14.0,0.0,0.0,744.0,3.8,0.0,0.0,18.0,56.0,1016.0,9.1,270.0,4.0,11.33595437323627,5.064045626763729,10.028258153069018,18.288449161683616,-2.4914871112104926,0.17500000000001137,991.34,0.0,0.0,0.0,37.0,37.0,75.0,54.0,37.0,37.0,37.0,37.0,37.0,43.0,29.0,24.0
2026-08-24 17:00:00+00:00,14.7,73.0,34.0,991.13,4.8,-0.32,0.0,0.0,0.0,16.9,65,10.3,989.4,1,15.5,light-rain,18.0,56.0,16.0,90.0,0.25,744.0,3.0,1.0,0.0,14.0,82.0,1017.0,11.0,250.0,5.0,9.907422167004619,4.792577832995381,9.17285741526925,15.913556033134785,-2.3549362763230604,0.05000000000001137,991.13,0.0,0.0,0.0,40.0,40.0,74.0,34.0,40.0,40.0,40.0,40.0,40.0,46.0,31.0,20.0
2026-08-24 18:00:00+00:00,14.0,78.0,55.0,991.3,3.8,-0.98,0.0,0.0,0.0,16.0,65,9.4,990.0,4,15.1,light-rain,15.0,72.0,13.0,90.0,0.25,744.0,3.0,1.0,0.0,14.0,73.0,1017.1,9.2,290.0,4.0,10.221885431169031,3.7781145688309685,9.39049741431834,15.357299862555145,-0.6429655289663803,-0.020000000000038654,991.3,0.0,0.0,0.0,43.0,43.0,57.0,55.0,43.0,43.0,43.0,43.0,43.0,45.0,38.0,18.0
2026-08-24 19:00:00+00:00,13.9,77.0,32.0,991.32,4.0,0.19,0.0,0.0,0.0,15.3,67,9.2,990.5,63,12.2,cloudy,14.0,79.0,12.0,0.0,0.0,744.0,2.8,0.0,0.0,12.0,88.0,1017.0,10.1,240.0,3.0,9.931770816549975,3.968229183450026,9.213418460601993,15.124591083266395,-0.41217432477267746,0.09500000000002728,991.32,0.0,0.0,0.0,39.0,42.0,44.0,32.0,42.0,42.0,42.0,42.0,42.0,43.0,34.0,26.0
2026-08-24 20:00:00+00:00,13.8,78.0,40.0,991.14,3.8,-0.19,0.0,0.0,0.0,14.7,75,10.3,989.8,3,10.8,cloudy,14.0,55.0,12.0,0.0,0.0,744.0,1.0,0.0,0.0,12.0,88.0,1017.0,10.1,250.0,2.0,10.02771761888219,3.77228238111781,9.275954552132127,15.068229721628573,-0.002916093856579316,-0.07999999999998408,991.14,0.0,0.0,0.0,37.0,40.0,31.0,41.0,40.0,40.0,40.0,40.0,40.0,41.0,33.0,35.0
2026-08-24 21:00:00+00:00,13.4,78.0,36.0,991.21,3.8,-0.01,0.0,0.0,0.0,14.0,82,11.0,990.2,0,11.9,clear,13.0,84.0,11.0,0.0,0.0,744.0,3.0,0.0,0.0,13.4,78.0,1017.0,9.6,300.0,7.0,9.639368678216726,3.760631321783274,9.050507352989063,14.493114494464484,-0.10379893083337599,-0.05500000000000683,991.21,0.0,1.0,1.0,38.0,40.0,22.0,37.0,40.0,40.0,40.0,40.0,40.0,40.0,33.0,37.0
2026-08-24 22:00:00+00:00,12.9,81.0,54.0,991.3,3.2,-0.65,0.0,0.0,0.0,13.5,85,11.0,990.2,3,11.9,cloudy,12.0,87.0,10.0,0.0,0.0,744.0,3.1,0.0,0.0,12.0,88.0,1017.0,10.1,240.0,2.0,9.715847682275548,3.184152317724452,9.112925227562258,14.027283715628492,-0.29406503169667886,0.07999999999998408,991.3,0.0,1.0,1.0,47.0,47.0,18.0,54.0,47.0,47.0,47.0,47.0,47.0,47.0,38.0,36.0
2026-08-24 23:00:00+00:00,12.3,87.0,70.0,991.24,2.1,-0.99,0.0,0.0,0.0,13.5,87,11.4,990.3,56,11.2,cloudy,13.0,81.0,12.0,0.0,0.0,745.0,1.0,0.0,0.0,10.0,100.0,1017.0,10.0,240.0,2.0,10.196585935187457,2.1034140648125437,9.430483330282714,13.645636500749983,-0.8286086284853651,0.014999999999986358,991.24,0.0,1.0,1.0,64.0,64.0,25.0,70.0,64.0,64.0,64.0,64.0,64.0,67.0,50.0,36.0
2026-08-25 00:00:00+00:00,11.8,92.0,74.0,991.13,1.3,-0.79,0.2,0.2,0.0,13.4,91,12.0,989.8,100,11.2,cloudy,12.0,88.0,10.0,0.0,0.0,745.0,3.2,0.0,0.0,11.4,92.0,1017.2,10.1,320.0,4.0,10.541358913822329,1.258641086177672,9.666684309512007,13.306083530292897,-0.96275561577339,-0.08499999999997954,991.13,1.0,1.0,,75.0,75.0,29.0,74.0,75.0,75.0,75.0,75.0,75.0,79.0,59.0,39.0
2026-08-25 01:00:00+00:00,12.2,94.0,75.0,991.31,0.9,-0.69,0.1,0.1,0.0,13.3,91,11.8,990.6,100,12.2,cloudy,11.0,90.0,9.0,0.0,0.0,745.0,2.8,0.0,0.0,11.0,94.0,1017.0,10.1,290.0,2.0,11.261871245066917,0.9381287549330821,10.126093291533602,14.05204448717387,-0.5826426549397307,0.03499999999996817,991.31,1.0,0.0,,75.0,75.0,25.0,75.0,75.0,75.0,75.0,75.0,75.0,79.0,62.0,45.0
2026-08-25 02:00:00+00:00,12.6,92.0,55.0,991.71,1.3,0.21,0.0,0.0,0.0,13.3,89,11.5,989.9,100,10.4,overcast,11.0,79.0,10.0,0.0,0.0,744.0,1.0,0.0,0.0,11.0,94.0,1017.0,10.1,290.0,3.0,11.333466308422693,1.2665336915773064,10.15994470779314,14.487223965112713,0.003946302699817221,0.29000000000002046,991.71,0.0,0.0,0.0,65.0,72.0,18.0,55.0,72.0,72.0,72.0,72.0,72.0,76.0,59.0,49.0
2026-08-25 03:00:00+00:00,12.2,92.0,60.0,991.94,1.3,-0.03,0.0,0.0,0.0,13.1,90,11.5,990.7,100,10.8,overcast,11.0,91.0,9.0,0.0,0.0,744.0,2.7,0.0,0.0,12.3,89.0,1017.9,10.5,320.0,7.0,10.937415679471709,1.2625843205282905,9.910644498096715,13.894447795957403,0.1622277827976042,0.31500000000005457,991.94,0.0,0.0,0.0,64.0,70.0,12.0,60.0,70.0,70.0,70.0,70.0,70.0,72.0,60.0,49.0
2026-08-25 04:00:00+00:00,12.7,92.0,57.0,992.16,1.3,0.1,0.0,0.0,0.0,13.1,90,11.5,991.0,100,12.2,overcast,12.0,92.0,10.0,0.0,0.0,744.0,2.8,0.0,0.0,11.0,100.0,1018.0,11.0,250.0,2.0,11.432478006818032,1.2675219931819672,10.223115557196177,14.636117659504498,0.0004941508023303953,0.2249999999999659,992.16,0.0,0.0,0.0,66.0,69.0,9.0,57.0,69.0,69.0,69.0,69.0,69.0,70.0,63.0,50.0
2026-08-25 05:00:00+00:00,13.4,87.0,37.0,992.21,2.1,0.8,0.0,0.0,0.0,13.4,85,11.0,991.0,100,11.9,overcast,12.0,94.0,12.0,0.0,0.0,744.0,1.0,0.0,0.0,13.0,88.0,1018.0,11.1,270.0,4.0,11.278504901612727,2.121495098387273,10.094796662949339,15.260204628441151,0.42945538892949114,0.1349999999999909,992.21,0.0,0.0,0.0,51.0,63.0,6.0,36.0,63.0,63.0,63.0,63.0,63.0,65.0,54.0,49.0
2026-08-25 06:00:00+00:00,13.8,84.0,29.0,992.37,2.7,0.89,0.0,0.0,0.0,13.6,84,11.0,990.9,100,11.5,overcast,12.0,86.0,10.0,0.0,0.0,744.0,3.1,0.0,0.0,13.3,83.0,1018.3,10.5,340.0,7.0,11.141223427806827,2.658776572193174,9.989489517680752,15.59309354636923,0.6956272895056034,0.10500000000001819,992.37,0.0,0.0,0.0,43.0,57.0,4.0,30.0,57.0,57.0,57.0,57.0,56.0,58.0,49.0,52.0
2026-08-25 07:00:00+00:00,14.7,78.0,18.0,992.72,3.8,1.0,0.0,0.0,0.0,14.3,81,11.1,991.6,98,11.2,overcast,13.0,80.0,11.0,0.0,0.0,744.0,3.1,0.0,0.0,14.0,82.0,1018.0,11.0,310.0,5.0,10.90143782202884,3.79856217797116,9.80113532042468,16.37715576143169,0.8385335397919436,0.25499999999999545,992.72,0.0,0.0,0.0,29.0,49.0,3.0,18.0,49.0,49.0,48.0,49.0,48.0,49.0,36.0,51.0
2026-08-25 08:00:00+00:00,14.6,76.0,19.0,993.28,4.2,0.78,0.0,0.0,0.0,14.9,76,10.7,991.5,96,10.8,cloudy,14.0,92.0,14.0,0.0,0.0,744.0,1.0,0.0,0.0,15.0,77.0,1019.0,11.0,310.0,4.0,10.413991135359748,4.186008864640252,9.491751353391177,16.046431386948463,0.7636161462235389,0.4549999999999841,993.28,0.0,1.0,1.0,25.0,42.0,2.0,19.0,42.0,42.0,41.0,42.0,41.0,41.0,32.0,44.0
2026-08-25 09:00:00+00:00,15.8,76.0,28.0,993.52,4.2,0.31,0.0,0.0,0.0,16.0,71,10.8,991.9,4,8.6,cloudy,16.0,66.0,14.0,0.0,0.0,744.0,3.2,0.0,0.0,14.1,78.0,1019.4,10.3,330.0,7.0,11.575237970085816,4.224762029914185,10.209284967515499,17.807113249434618,0.2130999259715125,0.39999999999997726,993.52,0.0,1.0,1.0,30.0,38.0,1.0,27.0,38.0,38.0,37.0,38.0,37.0,38.0,35.0,49.0
2026-08-25 10:00:00+00:00,16.9,66.0,0.0,993.68,6.4,1.89,0.0,0.0,0.0,17.5,61,9.9,992.5,95,9.7,cloudy,17.0,63.0,15.0,0.0,0.0,744.0,3.4,0.0,0.0,16.0,68.0,1019.0,10.1,290.0,4.0,10.503292830051926,6.396707169948073,9.472672755333319,18.388208680231656,1.1053491526539103,0.19999999999998863,993.68,0.0,1.0,1.0,0.0,27.0,1.0,0.0,27.0,27.0,26.0,27.0,26.0,27.0,4.0,45.0
2026-08-25 11:00:00+00:00,19.6,56.0,,993.6,9.0,2.56,0.1,0.1,0.0,16.5,67,10.4,992.6,100,11.5,cloudy,16.0,87.0,17.0,0.0,0.0,744.0,2.0,0.0,0.0,17.0,63.0,1019.0,9.9,280.0,4.0,10.578545037374154,9.021454962625848,9.432445851651304,21.123583777415305,2.3983464663558314,0.040000000000020464,993.6,1.0,0.0,,0.0,19.0,1.0,0.0,19.0,19.0,18.0,19.0,18.0,19.0,0.0,56.0
2026-08-25 12:00:00+00:00,18.1,62.0,34.0,993.53,7.4,-1.56,0.0,0.0,0.0,17.5,63,10.4,992.2,2,12.6,cloudy,18.0,57.0,16.0,0.0,0.0,744.0,3.5,0.0,0.0,17.9,60.0,1018.9,10.0,320.0,11.0,10.70108640677509,7.398913593224911,9.558630082194993,19.681524166379912,0.5011032116384194,-0.07499999999998863,993.53,0.0,0.0,0.0,0.0,13.0,1.0,33.0,13.0,13.0,13.0,13.0,13.0,13.0,0.0,43.0
2026-08-25 13:00:00+00:00,18.0,59.0,0.0,993.26,8.1,0.67,0.0,0.0,0.0,18.3,60,10.4,992.4,96,9.4,cloudy,17.0,61.0,15.0,0.0,0.0,744.0,3.5,0.0,0.0,16.0,72.0,1019.0,11.0,320.0,6.0,9.863502694245705,8.136497305754295,9.042273088409326,19.193691339561624,-0.4424788284357764,-0.17000000000001592,993.26,0.0,0.0,0.0,4.0,10.0,13.0,0.0,10.0,10.0,10.0,10.0,10.0,10.0,2.0,36.0
2026-08-25 14:00:00+00:00,17.2,66.0,42.0,993.59,6.4,-1.73,0.0,0.0,0.0,17.8,59,9.7,991.8,0,10.1,cloudy,18.0,82.0,19.0,0.0,0.0,746.0,1.0,0.0,0.0,17.0,68.0,1019.0,11.0,330.0,6.0,10.788705792771847,6.411294207228153,9.644264003987526,18.82320856368872,-0.4938096929983793,0.030000000000029562,993.59,0.0,0.0,0.0,12.0,12.0,15.0,42.0,12.0,12.0,10.0,12.0,11.0,11.0,10.0,21.0
2026-08-25 15:00:00+00:00,17.4,65.0,31.0,993.38,6.7,-1.05,0.0,0.0,0.0,18.3,60,10.4,991.9,4,8.3,rain,18.0,61.0,16.0,90.0,0.5,746.0,3.0,1.0,0.0,17.7,62.0,1018.9,10.3,300.0,4.0,10.749064549368589,6.65093545063141,9.612269153190526,19.00432297077183,-0.7427809275614425,0.060000000000002274,993.38,0.0,0.0,0.0,11.0,12.0,22.0,31.0,12.0,12.0,10.0,12.0,11.0,14.0,7.0,29.0
2026-08-25 16:00:00+00:00,16.7,66.0,20.0,993.59,6.4,-0.33,0.0,0.0,0.0,17.9,63,10.7,991.9,99,9.4,cloudy,17.0,65.0,15.0,0.0,0.0,746.0,2.8,0.0,0.0,17.0,59.0,1019.0,8.9,330.0,3.0,10.3130085203055,6.386991479694499,9.359755626639519,18.099452842805274,-0.01215136376682668,0.0,993.59,0.0,0.0,0.0,7.0,10.0,16.0,20.0,10.0,10.0,9.0,10.0,9.0,12.0,7.0,26.0
2026-08-25 17:00:00+00:00,15.6,74.0,58.0,993.7,4.6,-1.77,0.0,0.0,0.0,17.0,70,11.5,992.0,0,8.6,cloudy,18.0,69.0,17.0,0.0,0.0,745.0,3.0,0.0,0.0,14.0,82.0,1019.0,11.0,300.0,1.0,10.979120177112561,4.620879822887439,9.821089197939624,17.31453781970588,-1.0150278138719855,0.160000000000025,993.7,0.0,0.0,0.0,37.0,37.0,30.0,58.0,37.0,37.0,37.0,37.0,37.0,40.0,31.0,28.0
2026-08-25 18:00:00+00:00,14.4,79.0,61.0,994.25,3.6,-1.19,0.0,0.0,0.0,15.7,72,10.7,992.7,0,7.6,cloudy,15.0,70.0,14.0,0.0,0.0,745.0,1.6,0.0,0.0,12.3,92.0,1020.3,11.0,0.0,0.0,10.801801690449224,3.598198309550776,9.746651584830081,16.02945725850271,-1.3943965850718616,0.3299999999999841,994.25,0.0,0.0,0.0,53.0,53.0,42.0,61.0,53.0,53.0,53.0,53.0,53.0,56.0,43.0,23.0
2026-08-25 19:00:00+00:00,13.9,85.0,68.0,994.54,2.5,-1.03,0.0,0.0,0.0,14.9,77,10.9,993.1,0,7.2,cloudy,14.0,75.0,13.0,0.0,0.0,745.0,1.4,0.0,0.0,9.0,100.0,1020.0,9.0,310.0,1.0,11.418027555804496,2.4819724441955042,10.17065674222298,15.828964182826539,-1.0694536893459674,0.4199999999999591,994.54,0.0,0.0,0.0,62.0,62.0,39.0,68.0,62.0,62.0,62.0,62.0,62.0,65.0,52.0,26.0
2026-08-25 20:00:00+00:00,13.7,87.0,76.0,994.56,2.1,-1.28,0.0,0.0,0.0,14.4,80,11.0,992.9,0,6.1,cloudy,13.0,62.0,11.0,0.0,0.0,745.0,1.0,0.0,0.0,9.0,100.0,1020.0,9.0,320.0,2.0,11.573560392401715,2.126439607598284,10.282886890830445,15.706275547413858,-0.735879350976246,0.15499999999997272,994.56,0.0,0.0,0.0,63.0,63.0,34.0,75.0,63.0,63.0,63.0,63.0,63.0,66.0,52.0,31.0
2026-08-25 21:00:00+00:00,12.7,90.0,62.0,994.81,1.6,-0.34,0.0,0.0,0.0,13.3,83,10.5,993.2,0,7.2,cloudy,12.0,79.0,11.0,0.0,0.0,745.0,1.3,0.0,0.0,9.0,95.0,1021.2,8.2,0.0,0.0,11.100455658719431,1.599544341280568,10.000873914648434,14.473267275602227,-0.44121405145746817,0.1349999999999909,994.81,0.0,0.0,0.0,66.0,66.0,28.0,62.0,66.0,66.0,65.0,66.0,64.0,66.0,55.0,33.0
2026-08-25 22:00:00+00:00,12.0,92.0,62.0,994.84,1.3,-0.2,0.0,0.0,0.0,12.6,85,10.2,993.5,0,5.8,clear,11.0,83.0,10.0,0.0,0.0,745.0,1.2,0.0,0.0,7.0,100.0,1020.0,7.0,10.0,1.0,10.739388063743231,1.260611936256769,9.788002953218058,13.599719625713785,-0.43291383567075753,0.1400000000000432,994.84,0.0,0.0,0.0,70.0,70.0,23.0,63.0,70.0,70.0,69.0,70.0,67.0,68.0,58.0,33.0
2026-08-25 23:00:00+00:00,11.6,94.0,71.0,995.12,0.9,-0.5,0.0,0.0,0.0,12.3,86,10.0,993.2,0,7.6,clear,9.0,83.0,8.0,0.0,0.0,745.0,0.0,0.0,0.0,7.0,100.0,1020.0,7.0,240.0,1.0,10.66626719229351,0.9337328077064893,9.754213017804041,13.165018473065729,-0.3329057667870394,0.15500000000002956,995.12,0.0,0.0,0.0,73.0,73.0,19.0,71.0,73.0,73.0,71.0,73.0,72.0,72.0,60.0,32.0
2026-08-26 00:00:00+00:00,12.4,94.0,61.0,995.08,0.9,0.07,0.0,0.0,0.0,11.7,87,9.6,993.3,0,8.6,clear,10.0,86.0,9.0,0.0,0.0,745.0,1.1,0.0,0.0,9.3,95.0,1021.6,8.5,0.0,0.0,11.460403643631693,0.9395963563683072,10.252764961982901,14.34995889655624,-0.16050778994423087,0.12000000000000455,995.08,0.0,0.0,0.0,71.0,72.0,15.0,60.0,72.0,72.0,71.0,72.0,71.0,72.0,60.0,43.0
2026-08-26 01:00:00+00:00,12.0,93.0,57.0,995.12,1.1,0.19,0.0,0.0,0.0,11.2,88,9.3,993.6,0,6.8,clear,9.0,89.0,8.0,0.0,0.0,745.0,1.1,0.0,0.0,11.0,94.0,1021.0,10.1,10.0,2.0,10.902130453450306,1.0978695465496937,9.894394289666081,13.677488317297628,0.08206836942160223,0.0,995.12,0.0,0.0,0.0,67.0,70.0,10.0,57.0,70.0,70.0,69.0,70.0,69.0,70.0,58.0,44.0
2026-08-26 02:00:00+00:00,11.8,94.0,66.0,995.33,0.9,-0.21,0.0,0.0,0.0,11.0,86,8.7,993.4,0,6.1,clear,9.0,96.0,9.0,0.0,0.0,746.0,0.0,0.0,0.0,10.0,94.0,1021.0,9.1,20.0,1.0,10.864803019407693,0.9351969805923073,9.876829620588355,13.45958534616883,-0.002199687887999957,0.125,995.33,0.0,0.0,0.0,69.0,70.0,7.0,66.0,70.0,70.0,69.0,70.0,69.0,70.0,62.0,45.0
2026-08-26 03:00:00+00:00,11.6,,,995.68,,,0.0,0.0,0.0,10.8,85,8.4,993.7,0,7.6,partly-cloudy,10.0,91.0,9.0,0.0,0.0,746.0,1.3,0.0,0.0,9.3,95.0,1022.0,8.5,0.0,0.0,,,,,,0.2799999999999727,995.68,0.0,0.0,0.0,,70.0,5.0,,70.0,70.0,68.0,70.0,69.0,69.0,64.0,39.0
2026-08-26 04:00:00+00:00,12.1,94.0,61.0,996.0,0.9,0.08,0.0,0.0,0.0,10.4,87,8.4,994.0,0,6.1,partly-cloudy,10.0,92.0,9.0,0.0,0.0,746.0,1.4,0.0,0.0,10.0,100.0,1022.0,10.0,330.0,2.0,11.16260461722017,0.9373953827798296,10.063269731833216,13.903510578465685,0.0010992010937611596,0.33499999999997954,996.0,0.0,0.0,0.0,69.0,70.0,4.0,60.0,70.0,70.0,68.0,70.0,69.0,69.0,67.0,44.0
2026-08-26 05:00:00+00:00,13.6,88.0,34.0,996.27,2.0,1.02,0.0,0.0,0.0,11.6,86,9.4,994.5,0,6.1,cloudy,10.0,96.0,10.0,0.0,0.0,747.0,0.0,0.0,0.0,13.0,88.0,1022.0,11.1,360.0,2.0,11.64825681430357,1.9517431856964294,10.337324061281643,15.643654698777247,1.0143478029165998,0.2950000000000159,996.27,0.0,0.0,0.0,50.0,64.0,3.0,34.0,64.0,64.0,62.0,64.0,63.0,64.0,55.0,50.0
2026-08-26 06:00:00+00:00,15.2,81.0,18.0,996.5,3.2,1.29,0.0,0.0,0.0,13.5,83,10.7,994.8,0,5.8,cloudy,11.0,88.0,10.0,0.0,0.0,747.0,1.4,0.0,0.0,14.2,85.0,1022.4,11.7,90.0,4.0,11.958742082644028,3.2412579173559717,10.492529055276028,17.400776549796273,1.151931267288071,0.25,996.5,0.0,0.0,0.0,35.0,55.0,2.0,18.0,55.0,55.0,54.0,55.0,54.0,56.0,42.0,57.0
2026-08-26 07:00:00+00:00,18.8,65.0,0.0,996.74,6.7,3.5,0.0,0.0,0.0,16.1,75,11.7,995.7,3,5.0,clear,14.0,83.0,13.0,0.0,0.0,747.0,1.4,0.0,0.0,16.0,72.0,1023.0,11.0,50.0,2.0,12.078312148391413,6.721687851608587,10.445011981582605,21.06204431599815,2.3849723329560795,0.23500000000001364,996.74,0.0,0.0,0.0,0.0,39.0,1.0,0.0,39.0,39.0,38.0,39.0,38.0,39.0,0.0,66.0
2026-08-26 08:00:00+00:00,20.5,52.0,0.0,997.1,10.2,4.9,0.0,0.0,0.0,17.7,64,10.8,995.1,88,5.0,cloudy,15.0,94.0,16.0,0.0,0.0,747.0,0.0,0.0,0.0,17.0,68.0,1023.0,11.0,360.0,2.0,10.301774567134165,10.198225432865835,9.231715143776366,21.89424386672495,3.4784837577549315,0.30000000000001137,997.1,0.0,0.0,0.0,0.0,27.0,1.0,0.0,27.0,27.0,26.0,27.0,27.0,27.0,0.0,61.0
2026-08-26 09:00:00+00:00,19.8,54.0,10.0,997.23,9.6,-0.58,0.0,0.0,0.0,18.3,59,10.2,995.7,100,5.4,cloudy,18.0,65.0,17.0,0.0,0.0,747.0,2.4,0.0,0.0,17.4,65.0,1022.9,10.7,80.0,7.0,10.218996402449847,9.581003597550154,9.202803981477375,21.155967108217094,1.4296578729707836,0.24500000000000458,997.23,0.0,0.0,0.0,0.0,19.0,1.0,11.0,19.0,19.0,18.0,19.0,19.0,19.0,0.0,48.0
2026-08-26 10:00:00+00:00,20.7,51.0,0.0,997.46,10.5,1.0,0.0,0.0,0.0,19.2,53,9.4,996.2,91,5.8,cloudy,19.0,63.0,19.0,0.0,0.0,747.0,2.4,0.0,0.0,18.0,60.0,1023.0,10.1,40.0,4.0,10.195387237345043,10.504612762654956,9.16017036126267,22.045084317927934,0.15319366489456063,0.18000000000000682,997.46,0.0,0.0,0.0,0.0,13.0,0.0,0.0,13.0,13.0,13.0,13.0,13.0,13.0,0.0,31.0
2026-08-26 11:00:00+00:00,21.4,42.0,0.0,997.37,13.4,3.05,0.0,0.0,0.0,19.8,50,9.1,995.6,97,6.5,cloudy,19.0,83.0,22.0,0.0,0.0,747.0,0.0,0.0,0.0,18.0,60.0,1023.0,10.1,360.0,2.0,7.950757525796416,13.449242474203583,7.856166302337535,21.77691401572857,1.9341194383267146,0.06999999999999318,997.37,0.0,0.0,0.0,0.0,9.0,0.0,0.0,9.0,9.0,9.0,9.0,9.0,9.0,0.0,23.0
2026-08-26 12:00:00+00:00,20.6,46.0,7.0,997.34,12.0,-0.38,0.0,0.0,0.0,20.2,48,8.9,995.5,12,8.6,cloudy,20.0,56.0,19.0,0.0,0.0,747.0,2.4,0.0,0.0,19.9,50.0,1022.7,9.2,60.0,7.0,8.568033736912708,12.031966263087293,8.214195482330203,21.230403863360007,0.7636767502161685,-0.060000000000002274,997.34,0.0,0.0,0.0,0.0,7.0,0.0,7.0,7.0,7.0,6.0,7.0,6.0,7.0,0.0,24.0
2026-08-26 13:00:00+00:00,19.5,51.0,25.0,997.34,10.4,-1.34,0.0,0.0,0.0,20.1,49,9.1,995.8,88,11.2,cloudy,19.0,55.0,18.0,0.0,0.0,747.0,2.3,0.0,0.0,19.0,56.0,1023.0,10.0,60.0,3.0,9.088845959945136,10.411154040054864,8.540010605955588,20.35166610373409,-1.5190442170743592,-0.014999999999986358,997.34,0.0,0.0,0.0,15.0,15.0,40.0,25.0,15.0,15.0,13.0,15.0,14.0,19.0,7.0,18.0
2026-08-26 14:00:00+00:00,19.1,54.0,28.0,997.41,9.5,-2.79,0.0,0.0,0.0,20.4,49,9.4,995.3,11,8.3,cloudy,20.0,62.0,21.0,0.0,0.0,748.0,0.0,0.0,0.0,20.0,46.0,1023.0,8.0,50.0,3.0,9.569020850211013,9.530979149788989,8.832216289575847,20.161820717601085,-1.250493556649152,0.03499999999996817,997.41,0.0,0.0,0.0,13.0,14.0,39.0,28.0,14.0,14.0,13.0,14.0,13.0,18.0,6.0,15.0
2026-08-26 15:00:00+00:00,19.2,51.0,0.0,997.41,10.4,1.04,0.0,0.0,0.0,20.1,49,9.0,995.6,98,10.4,cloudy,20.0,50.0,18.0,0.0,0.0,748.0,2.7,0.0,0.0,18.2,58.0,1023.1,9.8,70.0,7.0,8.812147999140702,10.387852000859297,8.39077740476215,19.93325942138334,-0.011651019597783465,0.03499999999996817,997.41,0.0,0.0,0.0,0.0,10.0,28.0,0.0,10.0,10.0,9.0,10.0,9.0,12.0,0.0,17.0
2026-08-26 16:00:00+00:00,18.3,52.0,8.0,997.64,10.0,-0.41,0.0,0.0,0.0,19.3,54,9.8,995.9,1,10.8,cloudy,19.0,53.0,17.0,0.0,0.0,748.0,2.5,0.0,0.0,18.0,64.0,1023.0,11.1,40.0,3.0,8.26804100298367,10.03195899701633,8.112559928461831,18.80603971335458,0.25048992361367084,0.11500000000000908,997.64,0.0,0.0,0.0,0.0,7.0,19.0,8.0,7.0,7.0,6.0,7.0,6.0,9.0,0.0,18.0
2026-08-26 17:00:00+00:00,17.6,59.0,28.0,998.07,8.1,-1.88,0.0,0.0,0.0,18.2,60,10.3,995.9,1,9.0,cloudy,18.0,51.0,17.0,0.0,0.0,748.0,0.0,0.0,0.0,17.0,63.0,1024.0,9.9,60.0,3.0,9.488024387740158,8.111975612259844,8.82965587707662,18.625950940920376,-1.1379381942997266,0.3300000000000409,998.07,0.0,0.0,0.0,11.0,11.0,34.0,28.0,11.0,11.0,11.0,11.0,11.0,15.0,5.0,18.0
2026-08-26 18:00:00+00:00,16.6,62.0,24.0,998.36,7.3,-0.94,0.0,0.0,0.0,17.0,66,10.6,996.5,20,9.0,cloudy,16.0,61.0,14.0,0.0,0.0,748.0,2.0,0.0,0.0,13.5,86.0,1024.3,11.2,0.0,0.0,9.284625970398052,7.31537402960195,8.739873531153055,17.536629794944453,-1.3582924837071906,0.36000000000001364,998.36,0.0,0.0,0.0,14.0,14.0,41.0,24.0,14.0,14.0,13.0,14.0,13.0,17.0,5.0,15.0
2026-08-26 19:00:00+00:00,16.0,67.0,34.0,998.6,6.1,-0.94,0.0,0.0,0.0,16.5,68,10.6,997.1,100,7.9,cloudy,15.0,70.0,14.0,0.0,0.0,748.0,1.4,0.0,0.0,15.0,72.0,1024.0,10.0,30.0,2.0,9.87144107524501,6.128558924754991,9.109655815587082,17.19727804281161,-0.9917083437524264,0.26499999999998636,998.6,0.0,0.0,0.0,20.0,20.0,37.0,34.0,20.0,20.0,19.0,20.0,19.0,22.0,13.0,18.0
2026-08-26 20:00:00+00:00,15.6,69.0,37.0,998.92,5.7,-0.89,0.0,0.0,0.0,15.8,70,10.3,997.1,75,9.0,cloudy,14.0,53.0,13.0,0.0,0.0,748.0,0.0,0.0,0.0,14.0,77.0,1024.0,10.0,40.0,2.0,9.92904037761429,5.670959622385709,9.15750208997073,16.823352831887913,-0.8222072036081203,0.2799999999999727,998.92,0.0,0.0,0.0,23.0,23.0,34.0,37.0,23.0,23.0,22.0,23.0,21.0,24.0,17.0,19.0
2026-08-26 21:00:00+00:00,14.9,74.0,49.0,999.11,4.6,-1.0,0.0,0.0,0.0,14.9,74,10.3,997.5,6,8.3,cloudy,13.0,73.0,11.0,0.0,0.0,748.0,1.9,0.0,0.0,11.5,92.0,1025.4,10.2,0.0,0.0,10.303869007923264,4.596130992076736,9.412504412956332,16.295214759171554,-0.7662139663391274,0.25499999999999545,999.11,0.0,0.0,0.0,35.0,35.0,30.0,48.0,35.0,35.0,34.0,35.0,32.0,35.0,27.0,22.0
2026-08-26 22:00:00+00:00,14.4,74.0,34.0,999.28,4.6,-0.19,0.0,0.0,0.0,14.9,72,9.9,997.8,100,8.6,cloudy,12.0,78.0,11.0,0.0,0.0,748.0,1.5,0.0,0.0,13.0,82.0,1025.0,10.0,20.0,2.0,9.821506784794147,4.578493215205853,9.129774902245899,15.574744773787351,-0.546233203589928,0.18000000000000682,999.28,0.0,0.0,0.0,33.0,35.0,26.0,33.0,35.0,35.0,33.0,35.0,32.0,34.0,26.0,22.0
2026-08-26 23:00:00+00:00,13.9,76.0,40.0,999.2,4.2,-0.33,0.0,0.0,0.0,14.8,72,9.8,997.3,97,8.3,cloudy,11.0,71.0,10.0,0.0,0.0,749.0,0.0,0.0,0.0,12.0,88.0,1025.0,10.1,20.0,2.0,9.736516030293862,4.163483969706139,9.09376367539937,15.036544445821376,-0.2163235111852986,0.045000000000015916,999.2,0.0,0.0,0.0,35.0,35.0,20.0,40.0,35.0,35.0,33.0,35.0,33.0,34.0,28.0,22.0
2026-08-27 00:00:00+00:00,12.9,80.0,55.0,999.31,3.4,-0.8,0.0,0.0,0.0,14.1,76,10.0,997.6,25,9.0,clear,11.0,79.0,9.0,0.0,0.0,749.0,1.5,0.0,0.0,8.9,95.0,1025.9,8.1,0.0,0.0,9.530604554845903,3.3693954451540975,9.000419977839266,13.944786385805918,-0.6045488850258778,0.014999999999986358,999.31,0.0,0.0,0.0,48.0,48.0,20.0,55.0,48.0,48.0,46.0,48.0,46.0,47.0,38.0,22.0
2026-08-27 01:00:00+00:00,12.2,85.0,67.0,999.41,2.4,-0.99,0.0,0.0,0.0,14.0,75,9.6,997.8,97,9.0,clear,11.0,84.0,10.0,0.0,0.0,749.0,1.5,0.0,0.0,11.0,87.0,1025.0,8.9,40.0,2.0,9.750595402130633,2.449404597869366,9.156573721067616,13.342859376699774,-0.8570396859183865,0.10499999999996135,999.41,0.0,0.0,0.0,61.0,61.0,26.0,67.0,61.0,61.0,59.0,61.0,59.0,61.0,48.0,23.0
2026-08-27 02:00:00+00:00,11.6,88.0,62.0,999.61,1.9,-0.5,0.0,0.0,0.0,13.7,77,9.7,997.8,0,9.7,clear,10.0,80.0,9.0,0.0,0.0,749.0,0.0,0.0,0.0,7.0,100.0,1025.0,7.0,320.0,2.0,9.678435002404328,1.921564997595672,9.13160367624208,12.71054920882749,-0.7239152237792128,0.1500000000000341,999.61,0.0,0.0,0.0,65.0,65.0,25.0,63.0,65.0,65.0,64.0,65.0,64.0,66.0,54.0,24.0
2026-08-27 03:00:00+00:00,11.2,90.0,64.0,999.69,1.6,-0.4,0.0,0.0,0.0,12.6,81,9.4,997.9,0,9.7,clear,10.0,85.0,8.0,0.0,0.0,749.0,1.6,0.0,0.0,7.3,95.0,1026.4,6.6,0.0,0.0,9.619100555521873,1.580899444478126,9.108143070537194,12.284084992203864,-0.43425257669562,0.1400000000000432,999.69,0.0,0.0,0.0,66.0,66.0,21.0,64.0,66.0,66.0,65.0,66.0,65.0,65.0,59.0,27.0
2026-08-27 04:00:00+00:00,12.0,90.0,54.0,1000.2,1.6,0.1,0.0,0.0,0.0,12.4,81,9.2,998.0,3,8.6,clear,10.0,89.0,8.0,0.0,0.0,749.0,1.6,0.0,0.0,9.0,100.0,1026.0,9.0,320.0,2.0,10.40917012788293,1.5908298721170695,9.575220280322014,13.444182242546093,-0.16536756273930123,0.2950000000000159,1000.2,0.0,0.0,0.0,63.0,65.0,16.0,54.0,65.0,65.0,64.0,65.0,64.0,65.0,60.0,34.0
2026-08-27 05:00:00+00:00,17.2,70.0,0.0,1000.19,5.5,3.91,0.0,0.0,0.0,13.8,75,9.5,998.3,3,7.2,clear,8.0,88.0,7.0,0.0,0.0,750.0,0.0,0.0,0.0,12.0,94.0,1026.0,11.1,360.0,2.0,11.677338394565046,5.522661605434953,10.228764852714042,19.25825150694258,1.9708810804784138,0.25,1000.19,0.0,0.0,0.0,9.0,49.0,11.0,0.0,49.0,49.0,47.0,49.0,48.0,50.0,14.0,58.0
2026-08-27 06:00:00+00:00,20.7,56.0,0.0,1000.19,9.1,3.56,0.0,0.0,0.0,15.3,68,9.5,998.4,1,6.8,clear,12.0,80.0,11.0,0.0,0.0,750.0,1.6,0.0,0.0,15.3,80.0,1026.1,11.9,90.0,4.0,11.604149569288015,9.095850430711984,10.058226279033521,22.72156317262675,3.7525102792974567,-0.0049999999999954525,1000.19,0.0,0.0,0.0,0.0,34.0,8.0,0.0,34.0,34.0,33.0,34.0,33.0,35.0,0.0,73.0
2026-08-27 07:00:00+00:00,21.4,49.0,,1000.37,11.2,2.07,0.0,0.0,0.0,17.0,61,9.5,999.2,0,7.6,clear,15.0,77.0,14.0,0.0,0.0,750.0,1.7,0.0,0.0,16.0,72.0,1026.0,11.0,80.0,2.0,10.239793843030144,11.160206156969855,9.165527352727127,22.76556635168333,2.818772275767451,0.08999999999997499,1000.37,0.0,0.0,0.0,0.0,24.0,6.0,0.0,24.0,24.0,23.0,24.0,23.0,24.0,0.0,69.0
2026-08-27 08:00:00+00:00,21.4,48.0,,1000.53,11.5,0.32,0.0,0.0,0.0,18.3,54,8.8,998.9,5,9.0,clear,16.0,96.0,18.0,0.0,0.0,750.0,0.0,0.0,0.0,18.0,64.0,1026.0,11.1,40.0,4.0,9.931195814209518,11.46880418579048,8.97847577410004,22.62433030368979,1.1864768775392485,0.16999999999995907,1000.53,0.0,0.0,0.0,0.0,17.0,4.0,0.0,17.0,17.0,16.0,17.0,16.0,17.0,0.0,39.0
2026-08-27 09:00:00+00:00,21.8,46.0,0.0,1000.38,12.1,0.58,0.0,0.0,0.0,19.3,48,8.0,998.5,12,8.6,clear,18.0,57.0,16.0,0.0,0.0,750.0,3.0,0.0,0.0,18.2,63.0,1026.0,11.0,120.0,7.0,9.660807090853915,12.139192909146086,8.805401811873699,22.902677149889005,0.4894933760881158,0.0049999999999954525,1000.38,0.0,0.0,0.0,0.0,12.0,3.0,0.0,12.0,12.0,11.0,12.0,11.0,12.0,0.0,22.0
2026-08-27 10:00:00+00:00,22.6,45.0,0.0,1000.21,12.5,0.3,0.0,0.0,0.0,20.1,44,7.5,998.6,59,8.6,partly-cloudy,19.0,52.0,18.0,0.0,0.0,750.0,2.9,0.0,0.0,20.0,49.0,1026.0,9.0,80.0,4.0,10.059762901799584,12.540237098200418,9.01924695887279,23.88285967250633,0.5357164562049688,-0.15999999999996817,1000.21,0.0,0.0,0.0,0.0,8.0,2.0,0.0,8.0,8.0,8.0,8.0,8.0,8.0,0.0,23.0
2026-08-27 11:00:00+00:00,20.5,49.0,27.0,1000.11,11.1,-1.45,0.0,0.0,0.0,20.8,39,6.4,998.3,36,8.3,cloudy,20.0,72.0,23.0,0.0,0.0,751.0,0.0,0.0,0.0,19.0,52.0,1026.0,8.9,60.0,4.0,9.414016007351321,11.085983992648679,8.699116193173882,21.493325951336967,-0.5266044582487037,-0.1349999999999909,1000.11,0.0,0.0,0.0,5.0,7.0,16.0,27.0,7.0,7.0,7.0,7.0,7.0,8.0,2.0,16.0
2026-08-27 12:00:00+00:00,20.1,48.0,0.0,1000.07,11.4,0.3,0.0,0.0,0.0,21.2,38,6.3,998.5,80,8.3,cloudy,20.0,44.0,18.0,0.0,0.0,751.0,3.2,0.0,0.0,18.9,56.0,1025.7,9.9,90.0,7.0,8.741226775449014,11.358773224550987,8.325069300781081,20.803222939539577,-0.5907319368247155,-0.06999999999999318,1000.07,0.0,0.0,0.0,6.0,7.0,18.0,0.0,7.0,7.0,7.0,7.0,7.0,8.0,3.0,14.0
2026-08-27 13:00:00+00:00,20.2,50.0,11.0,999.97,10.8,-0.6,0.0,0.0,0.0,21.1,40,7.0,998.2,79,9.4,cloudy,20.0,47.0,19.0,0.0,0.0,751.0,2.7,0.0,0.0,19.0,52.0,1026.0,8.9,40.0,3.0,9.439167920376683,10.760832079623317,8.722735653725863,21.204397586448444,-0.16257595651268097,-0.06999999999999318,999.97,0.0,0.0,0.0,2.0,5.0,14.0,11.0,5.0,5.0,5.0,5.0,5.0,6.0,1.0,12.0
2026-08-27 14:00:00+00:00,19.8,47.0,0.0,999.99,11.6,0.81,0.0,0.0,0.0,21.0,41,7.3,998.0,83,9.0,cloudy,20.0,56.0,20.0,0.0,0.0,751.0,1.0,0.0,0.0,19.0,52.0,1026.0,8.9,40.0,4.0,8.155851683391036,11.644148316608964,8.009847909804384,20.26010100159636,0.1426875460289887,-0.040000000000020464,999.99,0.0,0.0,0.0,0.0,4.0,10.0,0.0,4.0,4.0,4.0,4.0,4.0,4.0,0.0,17.0
2026-08-27 15:00:00+00:00,19.1,48.0,0.0,1000.04,11.3,0.56,0.0,0.0,0.0,20.6,43,7.6,998.1,38,8.3,cloudy,20.0,47.0,17.0,0.0,0.0,751.0,3.1,0.0,0.0,19.1,50.0,1025.7,8.4,90.0,11.0,7.82552076509673,11.274479234903271,7.850858924067417,19.426618415645407,0.25682357763997743,0.03499999999996817,1000.04,0.0,0.0,0.0,0.0,3.0,7.0,0.0,3.0,3.0,3.0,3.0,3.0,3.0,0.0,16.0
2026-08-27 16:00:00+00:00,18.6,46.0,0.0,1000.0,11.9,0.59,0.0,0.0,0.0,19.9,46,8.0,998.4,58,11.9,cloudy,19.0,47.0,17.0,0.0,0.0,751.0,2.6,0.0,0.0,18.0,60.0,1026.0,10.1,30.0,3.0,6.745736189000379,11.854263810999623,7.305048250497687,18.50835102881606,0.10505774719532913,0.0049999999999954525,1000.0,0.0,0.0,0.0,0.0,2.0,5.0,0.0,2.0,2.0,2.0,2.0,2.0,2.0,0.0,14.0
2026-08-27 17:00:00+00:00,17.6,52.0,28.0,999.84,10.0,-1.87,0.0,0.0,0.0,18.8,52,8.8,998.1,0,11.2,cloudy,19.0,55.0,19.0,0.0,0.0,751.0,0.0,0.0,0.0,16.0,63.0,1026.0,9.0,44.0,1.0,7.6206684607542945,9.979331539245706,7.782069586576003,17.845160151319654,-0.6475738478287826,-0.0999999999999659,999.84,0.0,0.0,0.0,6.0,6.0,19.0,28.0,6.0,6.0,6.0,6.0,6.0,7.0,3.0,14.0
2026-08-27 18:00:00+00:00,16.3,57.0,24.0,1000.1,8.5,-1.28,0.0,0.0,0.0,17.4,58,9.0,998.8,0,9.0,cloudy,16.0,57.0,14.0,0.0,0.0,751.0,1.7,0.0,0.0,12.1,86.0,1026.4,9.8,50.0,4.0,7.759748292395609,8.54025170760439,7.891408500464616,16.600355006000196,-1.657006051697616,0.05000000000001137,1000.1,0.0,0.0,0.0,15.0,15.0,50.0,24.0,15.0,15.0,15.0,15.0,15.0,20.0,6.0,13.0
2026-08-27 19:00:00+00:00,15.2,62.0,32.0,1000.27,7.2,-1.34,0.0,0.0,0.0,16.5,61,8.9,998.8,0,8.3,clear,15.0,65.0,13.0,0.0,0.0,751.0,1.6,0.0,0.0,10.0,94.0,1026.0,9.1,330.0,1.0,7.962180385325036,7.237819614674963,8.031318536137206,15.581520322066282,-1.370755962285371,0.214999999999975,1000.27,0.0,0.0,0.0,14.0,15.0,47.0,32.0,15.0,15.0,15.0,15.0,15.0,19.0,5.0,12.0
2026-08-27 20:00:00+00:00,14.5,65.0,32.0,1000.39,6.5,-0.99,0.0,0.0,0.0,15.9,64,9.1,998.7,0,8.3,clear,13.0,52.0,12.0,0.0,0.0,751.0,0.0,0.0,0.0,9.0,93.0,1026.0,7.9,20.0,1.0,7.99446253228582,6.50553746771418,8.068540326382674,14.894555282062985,-1.0173571199451055,0.1449999999999818,1000.39,0.0,0.0,0.0,16.0,16.0,42.0,32.0,16.0,16.0,16.0,16.0,16.0,18.0,9.0,14.0
2026-08-27 21:00:00+00:00,13.6,70.0,41.0,1000.9,5.4,-1.0,0.0,0.0,0.0,14.8,69,9.2,999.3,0,9.0,clear,12.0,74.0,10.0,0.0,0.0,751.0,1.4,0.0,0.0,8.8,95.0,1027.6,8.0,0.0,0.0,8.227453244163891,5.372546755836108,8.222871412383125,14.089384419481902,-0.9326364294194276,0.3149999999999977,1000.9,0.0,0.0,0.0,28.0,28.0,38.0,42.0,28.0,28.0,28.0,28.0,28.0,30.0,19.0,16.0
2026-08-27 22:00:00+00:00,12.8,76.0,58.0,1001.14,4.1,-1.28,0.0,0.0,0.0,14.2,71,9.0,999.5,0,8.3,clear,11.0,77.0,9.0,0.0,0.0,751.0,1.5,0.0,0.0,7.0,100.0,1027.0,7.0,330.0,1.0,8.671791508579238,4.128208491420763,8.497649050153989,13.473938511041748,-1.1886644881467086,0.375,1001.14,0.0,0.0,0.0,45.0,45.0,37.0,58.0,45.0,45.0,45.0,45.0,45.0,48.0,32.0,19.0
2026-08-27 23:00:00+00:00,12.1,81.0,59.0,1001.07,3.2,-0.9,0.0,0.0,0.0,13.8,73,9.1,999.4,0,6.8,clear,9.0,68.0,8.0,0.0,0.0,750.0,0.0,0.0,0.0,8.0,93.0,1027.0,6.9,300.0,1.0,8.935593010974092,3.164406989025908,8.671540939132877,12.885844221869366,-1.1040698834051001,0.08500000000003638,1001.07,0.0,0.0,0.0,55.0,55.0,36.0,59.0,55.0,55.0,54.0,55.0,54.0,58.0,41.0,20.0
2026-08-28 00:00:00+00:00,11.4,84.0,68.0,1001.09,2.6,-1.09,0.0,0.0,0.0,13.0,75,8.7,999.6,0,7.2,clear,9.0,80.0,7.0,0.0,0.0,750.0,1.4,0.0,0.0,7.0,95.0,1027.9,6.3,0.0,0.0,8.79041269124549,2.609587308754511,8.60814453666158,12.124040617223661,-0.7593105913331257,-0.024999999999977263,1001.09,0.0,0.0,0.0,58.0,58.0,32.0,68.0,58.0,58.0,57.0,58.0,55.0,57.0,46.0,22.0
2026-08-28 01:00:00+00:00,10.7,87.0,59.0,1001.06,2.1,-0.36,0.0,0.0,0.0,12.6,76,8.5,999.4,0,7.2,clear,10.0,85.0,8.0,0.0,0.0,750.0,1.4,0.0,0.0,6.0,93.0,1027.0,5.0,320.0,1.0,8.622748619565177,2.077251380434822,8.532191027704794,11.353327531589201,-0.543577804295543,-0.005000000000052296,1001.06,0.0,0.0,0.0,62.0,62.0,27.0,59.0,62.0,62.0,61.0,62.0,59.0,60.0,51.0,24.0
2026-08-28 02:00:00+00:00,10.4,89.0,63.0,1001.08,1.7,-0.4,0.0,0.0,0.0,12.5,77,8.6,999.4,0,7.6,clear,8.0,89.0,7.0,0.0,0.0,750.0,0.0,0.0,0.0,5.0,100.0,1027.0,5.0,330.0,1.0,8.66353938174668,1.7364606182533198,8.564797063123738,11.070466216551326,-0.4365633452505957,-0.0049999999999954525,1001.08,0.0,0.0,0.0,65.0,65.0,23.0,62.0,65.0,65.0,63.0,65.0,64.0,64.0,55.0,26.0
2026-08-28 03:00:00+00:00,10.1,90.0,59.0,1001.14,1.6,-0.16,0.0,0.0,0.0,11.9,78,8.2,999.3,0,9.0,clear,9.0,87.0,7.0,0.0,0.0,750.0,1.1,0.0,0.0,6.2,95.0,1028.0,5.5,0.0,0.0,8.532704441741243,1.5672955582587562,8.498362794388976,10.715641812501993,-0.2549779110880328,0.040000000000020464,1001.14,0.0,0.0,0.0,65.0,65.0,18.0,59.0,65.0,65.0,64.0,65.0,64.0,64.0,58.0,29.0
2026-08-28 04:00:00+00:00,11.0,89.0,52.0,1001.17,1.7,0.17,0.0,0.0,0.0,11.7,78,8.0,999.0,0,7.6,clear,9.0,89.0,8.0,0.0,0.0,750.0,1.1,0.0,0.0,7.0,100.0,1027.0,7.0,320.0,1.0,9.255338653623179,1.7446613463768212,8.894582707514385,11.923856936811204,0.004100364061750739,0.04499999999995907,1001.17,0.0,0.0,0.0,60.0,63.0,13.0,52.0,63.0,63.0,62.0,63.0,62.0,63.0,58.0,37.0
2026-08-28 05:00:00+00:00,16.7,70.0,0.0,1001.15,5.5,3.83,0.0,0.0,0.0,13.6,71,8.4,999.1,58,6.5,clear,8.0,95.0,7.0,0.0,0.0,751.0,0.0,0.0,0.0,11.0,94.0,1027.0,10.1,0.0,0.0,11.198308734834042,5.501691265165958,9.927013543405549,18.52093483327832,1.9671978534536008,0.0049999999999954525,1001.15,0.0,0.0,0.0,10.0,47.0,9.0,0.0,47.0,47.0,46.0,47.0,47.0,49.0,14.0,62.0
2026-08-28 06:00:00+00:00,19.3,58.0,0.0,1001.2,8.5,2.99,0.0,0.0,0.0,15.4,63,8.4,999.7,24,7.2,clear,11.0,80.0,10.0,0.0,0.0,751.0,1.3,0.0,0.0,14.9,81.0,1027.3,11.7,70.0,4.0,10.825956594000976,8.474043405999025,9.598737055510005,20.94099532589528,3.3646910298111012,0.015000000000043201,1001.2,0.0,0.0,0.0,0.0,33.0,6.0,0.0,33.0,33.0,32.0,33.0,33.0,34.0,0.0,72.0
2026-08-28 07:00:00+00:00,22.4,45.0,,1001.22,12.5,3.84,0.0,0.0,0.0,16.8,57,8.3,1000.2,51,7.9,clear,14.0,72.0,13.0,0.0,0.0,751.0,1.4,0.0,0.0,17.0,63.0,1027.0,9.9,60.0,2.0,9.878188378484708,12.52181162151529,8.916415943409996,23.600327917247643,3.5100601781746663,0.03500000000002501,1001.22,0.0,0.0,0.0,0.0,23.0,4.0,0.0,23.0,23.0,23.0,23.0,23.0,24.0,0.0,77.0
2026-08-28 08:00:00+00:00,22.3,42.0,,1001.3,13.5,1.08,0.0,0.0,0.0,18.0,53,8.3,999.6,5,8.6,clear,16.0,97.0,18.0,0.0,0.0,751.0,0.0,0.0,0.0,19.0,56.0,1027.0,10.0,130.0,2.0,8.761424768954248,13.538575231045753,8.274356168036324,23.01176425163654,2.5322659125233646,0.049999999999954525,1001.3,0.0,0.0,0.0,0.0,16.0,3.0,0.0,16.0,16.0,16.0,16.0,16.0,17.0,0.0,44.0
2026-08-28 09:00:00+00:00,24.4,42.0,0.0,1001.21,13.7,0.18,0.0,0.0,0.0,19.2,49,8.2,999.6,2,8.6,clear,18.0,52.0,16.0,0.0,0.0,751.0,2.7,0.0,0.0,20.1,54.0,1026.7,10.5,220.0,7.0,10.651891557701237,13.748108442298761,9.325685129702853,25.958213671184044,0.6131484103917356,-0.0049999999999954525,1001.21,0.0,0.0,0.0,0.0,11.0,2.0,0.0,11.0,11.0,11.0,11.0,11.0,12.0,0.0,41.0
2026-08-28 10:00:00+00:00,24.4,39.0,0.0,1000.92,14.9,0.96,0.0,0.0,0.0,20.0,46,8.1,999.4,52,7.6,clear,19.0,52.0,18.0,0.0,0.0,751.0,2.7,0.0,0.0,19.0,56.0,1027.0,10.0,120.0,2.0,9.542658213408112,14.857341786591887,8.659564763295508,25.450126980385186,0.6593832777730668,-0.18999999999999773,1000.92,0.0,0.0,0.0,0.0,8.0,2.0,0.0,8.0,8.0,8.0,8.0,8.0,8.0,0.0,24.0
2026-08-28 11:00:00+00:00,22.4,41.0,18.0,1000.33,13.9,-0.98,0.0,0.0,0.0,20.7,43,7.7,999.1,23,8.3,clear,21.0,72.0,24.0,0.0,0.0,751.0,0.0,0.0,0.0,20.0,53.0,1026.0,10.1,120.0,4.0,8.494838382171277,13.905161617828721,8.12384563732911,22.999854324603408,0.07852658776497988,-0.4399999999999977,1000.33,0.0,0.0,0.0,0.0,6.0,1.0,18.0,6.0,6.0,5.0,6.0,5.0,6.0,0.0,18.0
2026-08-28 12:00:00+00:00,20.3,44.0,28.0,999.84,12.7,-2.8,0.0,0.0,0.0,21.2,41,7.4,998.6,15,7.6,partly-cloudy,20.0,45.0,19.0,0.0,0.0,751.0,2.6,0.0,0.0,20.5,50.0,1025.2,9.7,150.0,7.0,7.640566661484432,12.65943333851557,7.720927647204319,20.553028630083322,-1.0989542240381587,-0.5399999999999636,999.84,0.0,0.0,0.0,11.0,11.0,33.0,28.0,16.0,16.0,11.0,11.0,11.0,13.0,5.0,8.0
2026-08-28 13:00:00+00:00,20.6,42.0,0.0,999.45,13.4,0.91,0.0,0.0,0.0,21.3,40,7.1,998.3,0,11.2,clear,21.0,45.0,19.0,0.0,0.0,751.0,3.1,0.0,0.0,21.0,49.0,1025.0,9.9,150.0,5.0,7.229928923102143,13.370071076897858,7.499917614301489,20.692542657850442,-0.26754527046543153,-0.4399999999999977,999.45,0.0,0.0,0.0,3.0,8.0,25.0,0.0,12.0,12.0,9.0,8.0,9.0,11.0,1.0,9.0
2026-08-28 14:00:00+00:00,20.2,45.0,28.0,999.21,12.3,-1.49,0.0,0.0,0.0,21.1,40,7.0,997.7,0,11.5,clear,21.0,57.0,21.0,0.0,0.0,751.0,2.0,0.0,0.0,21.0,49.0,1025.0,9.9,120.0,4.0,7.880016893365252,12.319983106634748,7.850462088353278,20.5484578278036,-0.16972511594041073,-0.3149999999999977,999.21,0.0,0.0,0.0,2.0,6.0,19.0,28.0,9.0,9.0,7.0,6.0,8.0,9.0,1.0,13.0
2026-08-28 15:00:00+00:00,19.6,48.0,19.0,998.63,11.3,-1.01,0.0,0.0,0.0,20.8,41,7.1,997.6,17,12.2,clear,20.0,43.0,17.0,0.0,0.0,751.0,3.4,0.0,0.0,21.1,48.0,1023.9,9.7,160.0,7.0,8.283411304314747,11.316588695685255,8.08495358712969,20.11235752349883,-1.026741190606302,-0.410000000000025,998.63,0.0,0.0,0.0,10.0,10.0,31.0,19.0,10.0,10.0,12.0,10.0,14.0,18.0,4.0,20.0
2026-08-28 16:00:00+00:00,19.2,48.0,0.0,998.11,11.3,-0.01,0.0,0.0,0.0,20.1,44,7.5,997.2,20,11.5,clear,20.0,48.0,17.0,0.0,0.0,751.0,3.3,0.0,0.0,18.0,60.0,1024.0,10.1,130.0,5.0,7.9171048792732615,11.282895120726739,7.897202263305554,19.563361808360792,-0.5185439929540046,-0.5500000000000114,998.11,0.0,0.0,0.0,5.0,9.0,26.0,0.0,10.0,10.0,11.0,9.0,13.0,15.0,2.0,18.0
2026-08-28 17:00:00+00:00,18.6,51.0,22.0,998.23,10.3,-1.16,0.0,0.0,0.0,19.0,47,7.5,997.2,0,11.5,clear,21.0,49.0,20.0,0.0,0.0,751.0,2.0,0.0,0.0,15.0,77.0,1024.0,11.0,130.0,3.0,8.25867688395425,10.341323116045752,8.099075234247435,19.102193531948238,-0.4876327898197514,-0.19999999999998863,998.23,0.0,0.0,0.0,5.0,8.0,23.0,22.0,9.0,9.0,10.0,8.0,12.0,13.0,2.0,18.0
2026-08-28 18:00:00+00:00,17.5,54.0,16.0,998.33,9.4,-0.85,0.0,0.0,0.0,17.9,52,7.9,997.2,39,11.5,clear,17.0,57.0,15.0,0.0,0.0,751.0,2.2,0.0,0.0,13.5,82.0,1024.4,10.5,0.0,0.0,8.082888695311826,9.417111304688174,8.033354855750463,17.930389682010436,-0.9328919080192825,0.11000000000001366,998.33,0.0,0.0,0.0,9.0,9.0,28.0,16.0,9.0,9.0,12.0,14.0,13.0,15.0,4.0,17.0
2026-08-28 19:00:00+00:00,16.4,59.0,20.0,998.2,8.0,-1.04,0.0,0.0,0.0,17.1,55,8.0,997.2,77,9.4,clear,15.0,64.0,13.0,0.0,0.0,751.0,2.4,0.0,0.0,11.0,87.0,1024.0,8.9,150.0,2.0,8.36137435543655,8.03862564456345,8.21760043098711,16.944493063046295,-1.1513487357411512,-0.014999999999986358,998.2,0.0,0.0,0.0,12.0,12.0,35.0,19.0,12.0,12.0,14.0,13.0,16.0,18.0,4.0,16.0
2026-08-28 20:00:00+00:00,15.6,64.0,34.0,997.67,6.8,-1.24,0.0,0.0,0.0,16.3,59,8.3,996.6,100,7.2,clear,13.0,54.0,10.0,0.0,0.0,749.0,2.0,0.0,0.0,12.0,82.0,1024.0,9.0,150.0,2.0,8.80957583960405,6.790424160395949,8.493914982001836,16.332167844069954,-1.3133435721461124,-0.3300000000000409,997.67,0.0,0.0,0.0,16.0,16.0,39.0,34.0,16.0,16.0,18.0,16.0,17.0,21.0,7.0,18.0
2026-08-28 21:00:00+00:00,14.8,66.0,26.0,997.55,6.3,-0.6,0.0,0.0,0.0,15.6,62,8.4,996.4,93,9.0,clear,13.0,69.0,10.0,0.0,0.0,749.0,2.9,0.0,0.0,10.8,91.0,1023.9,9.4,0.0,0.0,8.504948345614514,6.295051654385487,8.343967840502613,15.404065977333643,-0.871786995088981,-0.3250000000000455,997.55,0.0,0.0,0.0,17.0,17.0,35.0,26.0,17.0,17.0,19.0,17.0,19.0,21.0,10.0,20.0
2026-08-28 22:00:00+00:00,14.3,69.0,32.0,997.79,5.6,-0.6,0.0,0.0,0.0,14.6,67,8.5,996.3,24,9.7,clear,13.0,71.0,11.0,0.0,0.0,749.0,2.7,0.0,0.0,12.0,82.0,1024.0,9.0,130.0,4.0,8.68526896138471,5.614731038615291,8.461006870838967,14.979613170743372,-0.5878465608903287,0.060000000000002274,997.79,0.0,0.0,0.0,22.0,22.0,30.0,32.0,22.0,22.0,24.0,27.0,23.0,24.0,16.0,23.0
2026-08-28 23:00:00+00:00,13.7,71.0,32.0,997.58,5.2,-0.4,0.0,0.0,0.0,14.2,68,8.4,996.0,11,10.1,clear,10.0,62.0,8.0,0.0,0.0,749.0,1.0,0.0,0.0,12.0,82.0,1024.0,9.0,130.0,3.0,8.532834589134833,5.167165410865167,8.391781255735193,14.315696136395218,-0.5639431217601603,0.015000000000043201,997.58,0.0,0.0,0.0,27.0,27.0,26.0,32.0,27.0,27.0,28.0,27.0,29.0,30.0,20.0,25.0
2026-08-29 00:00:00+00:00,13.5,70.0,24.0,996.99,5.4,-0.1,0.0,0.0,0.0,13.6,70,8.2,995.3,100,9.4,clear,11.0,74.0,8.0,0.0,0.0,749.0,3.1,0.0,0.0,11.5,83.0,1023.2,8.7,200.0,4.0,8.131594196415145,5.368405803584855,8.172426160631325,13.950208676483296,-0.12316261751521829,-0.39999999999997726,996.99,0.0,0.0,0.0,20.0,25.0,19.0,25.0,25.0,25.0,26.0,25.0,27.0,28.0,16.0,28.0
2026-08-29 01:00:00+00:00,13.4,,,996.79,,,0.0,0.0,0.0,13.2,72,8.2,995.5,95,11.2,clear,12.0,77.0,9.0,0.0,0.0,749.0,3.1,0.0,0.0,11.0,87.0,1023.0,8.9,140.0,3.0,,,,,,-0.39500000000003865,996.79,0.0,0.0,0.0,,23.0,14.0,,23.0,23.0,24.0,23.0,25.0,26.0,16.0,30.0
2026-08-29 02:00:00+00:00,12.9,71.0,27.0,996.09,5.1,-0.11,0.0,0.0,0.0,12.9,74,8.4,994.8,82,10.4,clear,12.0,74.0,11.0,0.0,0.0,748.0,1.0,0.0,0.0,10.0,87.0,1022.0,7.9,130.0,2.0,7.764654269503217,5.135345730496783,7.98787273033235,13.202310417402751,-0.11653003654403582,-0.4499999999999886,996.09,0.0,0.0,0.0,22.0,23.0,11.0,27.0,23.0,23.0,24.0,23.0,25.0,25.0,19.0,33.0
2026-08-29 03:00:00+00:00,12.1,74.0,42.0,995.92,4.5,-0.6,0.0,0.0,0.0,12.4,76,8.3,994.1,88,10.8,clear,11.0,77.0,8.0,0.0,0.0,748.0,3.5,0.0,0.0,10.4,86.0,1022.3,8.2,130.0,4.0,7.602211556943718,4.497788443056281,7.922148512294235,12.337870029855964,-0.6375572874405018,-0.4350000000000023,995.92,0.0,0.0,0.0,35.0,35.0,19.0,42.0,35.0,35.0,37.0,35.0,38.0,39.0,29.0,31.0
2026-08-29 04:00:00+00:00,12.0,75.0,45.0,995.61,4.3,-0.66,0.0,0.0,0.0,12.4,76,8.3,993.9,99,11.2,clear,10.0,81.0,7.0,0.0,0.0,748.0,3.3,0.0,0.0,10.0,87.0,1022.0,7.9,130.0,2.0,7.702681721283458,4.297318278716542,7.97935023360168,12.27765186878841,-0.4190137258901205,-0.2400000000000091,995.61,0.0,0.0,0.0,35.0,35.0,17.0,45.0,35.0,35.0,37.0,35.0,39.0,39.0,31.0,32.0
2026-08-29 05:00:00+00:00,13.7,70.0,8.0,995.25,5.4,0.75,0.0,0.0,0.0,13.6,70,8.2,993.8,100,13.3,cloudy,10.0,74.0,8.0,0.0,0.0,747.0,2.0,0.0,0.0,12.0,82.0,1022.0,9.0,130.0,3.0,8.323310729051613,5.376689270948386,8.273587153541738,14.228784923206552,0.4394504139460524,-0.33499999999997954,995.25,0.0,0.0,0.0,14.0,29.0,12.0,9.0,29.0,29.0,31.0,29.0,32.0,33.0,17.0,43.0
2026-08-29 06:00:00+00:00,16.9,60.0,0.0,995.18,7.8,2.43,0.0,0.0,0.0,14.9,65,8.4,993.4,97,14.8,cloudy,12.0,73.0,9.0,0.0,0.0,747.0,3.3,0.0,0.0,15.4,69.0,1021.1,9.7,200.0,7.0,9.080154282045346,7.819845717954653,8.611520686666653,17.747916982028777,1.7612637196190553,-0.21500000000003183,995.18,0.0,0.0,0.0,0.0,20.0,8.0,0.0,20.0,20.0,22.0,20.0,23.0,24.0,0.0,62.0
2026-08-29 07:00:00+00:00,21.1,49.0,,994.72,11.1,4.62,0.0,0.0,0.0,16.7,60,8.9,993.7,65,15.1,cloudy,14.0,67.0,11.0,0.0,0.0,747.0,4.0,0.0,0.0,17.0,63.0,1021.0,9.9,160.0,4.0,9.964560907710503,11.135439092289499,9.00771021154697,22.33947694681516,2.879374910670556,-0.26499999999998636,994.72,0.0,0.0,0.0,0.0,14.0,6.0,0.0,14.0,14.0,15.0,14.0,16.0,16.0,0.0,79.0
2026-08-29 08:00:00+00:00,22.1,46.0,,994.12,12.2,1.1,0.0,0.0,0.0,19.0,54,9.5,992.8,88,16.9,clear,16.0,78.0,16.0,0.0,0.0,747.0,1.0,0.0,0.0,19.0,56.0,1020.0,10.0,150.0,8.0,9.933929553347316,12.166070446652686,8.958827181312499,23.32557020948056,2.173112364349016,-0.5299999999999727,994.12,0.0,0.0,0.0,0.0,10.0,4.0,0.0,10.0,10.0,11.0,10.0,11.0,12.0,0.0,76.0
2026-08-29 09:00:00+00:00,23.8,41.0,,993.64,14.0,1.87,0.0,0.0,0.0,20.6,48,9.2,992.5,89,18.7,clear,19.0,53.0,16.0,0.0,0.0,747.0,5.4,0.0,0.0,20.9,53.0,1019.1,11.0,190.0,11.0,9.75169619986144,14.04830380013856,8.799531917020866,24.943353331946547,1.4564323539245307,-0.5400000000000205,993.64,0.0,0.0,0.0,0.0,7.0,3.0,0.0,7.0,7.0,7.0,7.0,8.0,8.0,0.0,67.0
2026-08-29 10:00:00+00:00,23.9,40.0,,993.05,14.4,1.33,0.0,0.0,0.0,22.0,43,8.9,991.5,79,20.5,clear,20.0,51.0,16.0,0.0,0.0,747.0,6.3,0.0,0.0,22.0,43.0,1019.0,8.8,160.0,9.0,9.473132819404029,14.42686718059597,8.633755620989687,24.919374817987652,1.130398366971642,-0.535000000000025,993.05,0.0,0.0,0.0,0.0,5.0,2.0,0.0,5.0,5.0,5.0,5.0,5.0,6.0,0.0,44.0
2026-08-29 11:00:00+00:00,23.3,40.0,1.0,992.61,14.4,-0.08,0.0,0.0,0.0,22.6,40,8.3,991.2,99,21.6,cloudy,22.0,75.0,24.0,0.0,0.0,746.0,2.0,0.0,0.0,22.0,46.0,1019.0,9.8,140.0,8.0,8.936151132925191,14.36384886707481,8.344240649544822,24.08608284762218,0.15777253346812434,-0.5149999999999864,992.61,0.0,0.0,0.0,0.0,3.0,1.0,1.0,4.0,4.0,4.0,3.0,5.0,5.0,0.0,36.0
2026-08-29 12:00:00+00:00,22.1,42.0,16.0,991.34,13.5,-0.88,0.0,0.0,0.0,22.8,39,8.2,990.2,74,20.5,cloudy,23.0,41.0,18.0,0.0,0.0,746.0,7.4,0.0,0.0,23.2,43.0,1016.6,9.9,200.0,14.0,8.581300728115064,13.518699271884937,8.179798730763586,22.735955408656164,-0.4540839543555162,-0.8549999999999613,991.34,0.0,0.0,0.0,5.0,5.0,14.0,16.0,12.0,12.0,8.0,5.0,10.0,11.0,4.0,24.0
2026-08-29 13:00:00+00:00,22.5,40.0,0.0,990.7,14.3,0.01,0.0,0.0,0.0,23.0,40,8.7,989.6,98,20.9,cloudy,23.0,44.0,18.0,0.0,0.0,746.0,7.3,0.0,0.0,22.0,43.0,1017.0,8.8,150.0,7.0,8.219972673520648,14.280027326479352,7.971292484131146,22.98631916031144,-0.04191077029772837,-0.9549999999999841,990.7,0.0,0.0,0.0,0.0,3.0,10.0,0.0,11.0,11.0,7.0,3.0,9.0,10.0,11.0,26.0
2026-08-29 14:00:00+00:00,22.4,41.0,6.0,990.44,13.9,-0.33,0.0,0.0,0.0,23.0,41,9.0,989.4,98,20.2,cloudy,24.0,51.0,23.0,0.0,0.0,745.0,3.0,0.0,0.0,22.0,43.0,1016.0,8.8,140.0,8.0,8.494838382171277,13.905161617828721,8.12384563732911,22.999854324603408,0.19323117297189185,-0.4499999999999886,990.44,0.0,0.0,0.0,0.0,2.0,7.0,6.0,8.0,8.0,6.0,3.0,7.0,8.0,12.0,28.0
2026-08-29 15:00:00+00:00,22.1,43.0,13.0,990.22,13.2,-0.69,0.0,0.0,0.0,22.4,43,9.2,989.4,100,19.4,cloudy,23.0,41.0,18.0,0.0,0.0,745.0,6.2,0.0,0.0,21.9,47.0,1015.5,10.1,190.0,7.0,8.92977947657504,13.17022052342496,8.374555843400815,22.883359108862262,-0.5549034015271959,-0.2400000000000091,990.22,0.0,0.0,0.0,6.0,6.0,17.0,13.0,7.0,7.0,10.0,10.0,13.0,15.0,18.0,34.0
2026-08-29 16:00:00+00:00,21.6,45.0,15.0,989.72,12.4,-0.78,0.0,0.0,0.0,21.7,46,9.6,988.6,100,18.7,cloudy,22.0,45.0,18.0,0.0,0.0,745.0,5.5,0.0,0.0,20.0,53.0,1016.0,10.1,130.0,4.0,9.15176126752257,12.448238732477432,8.515159508783697,22.47886217732522,-0.7284614426756448,-0.36000000000001364,989.72,0.0,1.0,1.0,7.0,7.0,22.0,15.0,7.0,9.0,12.0,12.0,17.0,19.0,24.0,31.0
2026-08-29 17:00:00+00:00,20.8,48.0,20.0,989.31,11.4,-1.1,0.0,0.0,0.0,20.9,50,10.1,988.3,100,16.6,cloudy,21.0,45.0,17.0,0.0,0.0,744.0,5.0,0.0,0.0,19.0,56.0,1015.0,10.0,120.0,4.0,9.382042355800795,11.417957644199205,8.671591446234364,21.779275250448723,-0.8761314396128775,-0.455000000000041,989.31,0.0,1.0,1.0,9.0,9.0,26.0,21.0,9.0,10.0,14.0,13.0,16.0,18.0,28.0,30.0
2026-08-29 18:00:00+00:00,20.1,51.0,24.0,989.24,10.5,-1.29,0.0,0.0,0.0,20.2,53,10.3,988.3,100,18.0,light-rain,20.0,54.0,17.0,90.0,0.25,744.0,3.9,1.0,0.0,19.4,58.0,1014.7,10.9,190.0,7.0,9.642166705000992,10.45783329499901,8.845386132079899,21.1943618732608,-0.9952027187392113,-0.2400000000000091,989.24,0.0,1.0,1.0,10.0,10.0,30.0,24.0,10.0,11.0,15.0,17.0,16.0,18.0,28.0,29.0
2026-08-29 19:00:00+00:00,18.5,65.0,39.0,989.46,6.7,-3.72,0.1,0.1,0.0,19.4,59,11.2,988.3,100,16.6,light-rain,18.0,62.0,16.0,90.0,0.25,744.0,3.6,1.0,0.6,18.0,64.0,1015.0,11.1,160.0,4.0,11.793504077680888,6.706495922319112,10.261489706795555,20.616804841920796,-2.3557308609400467,0.07500000000004547,989.46,1.0,1.0,,18.0,18.0,71.0,39.0,18.0,20.0,22.0,27.0,24.0,30.0,30.0,29.0
2026-08-29 20:00:00+00:00,17.9,76.0,60.0,989.31,4.3,-2.3,0.8,0.8,0.0,17.4,79,13.7,988.1,100,14.4,rain,18.0,46.0,14.0,90.0,0.5,743.0,4.0,1.0,0.7,17.0,72.0,1015.0,11.9,190.0,2.0,13.606997369171346,4.293002630828653,11.578673384701423,20.983762988587618,-3.0824153320851777,0.03499999999996817,989.31,1.0,1.0,,46.0,46.0,92.0,60.0,46.0,47.0,50.0,46.0,52.0,58.0,55.0,35.0
2026-08-29 21:00:00+00:00,16.9,86.0,77.0,988.67,2.4,-2.28,0.3,0.3,0.0,16.9,84,14.2,987.7,100,9.4,rain,16.0,77.0,15.0,90.0,0.5,743.0,2.9,1.0,0.7,15.6,94.0,1014.4,14.6,0.0,0.0,14.541171333252947,2.3588286667470513,12.343179650888871,20.522514340907918,-2.1738336277860304,-0.39500000000003865,988.67,1.0,1.0,,68.0,68.0,84.0,77.0,68.0,70.0,71.0,68.0,71.0,77.0,79.0,40.0
2026-08-29 22:00:00+00:00,16.8,89.0,64.0,988.63,1.8,-0.5,0.2,0.2,0.0,16.7,86,14.3,987.4,100,10.1,rain,16.0,78.0,14.0,90.0,0.5,743.0,3.4,1.0,0.0,15.0,94.0,1014.0,14.0,130.0,2.0,14.975075947858835,1.8249240521411654,12.697424141211908,20.68265053563918,-1.2340392893437437,-0.339999999999975,988.63,1.0,1.0,,71.0,71.0,70.0,63.0,71.0,73.0,74.0,71.0,74.0,80.0,82.0,50.0
2026-08-29 23:00:00+00:00,16.7,88.0,56.0,988.43,2.0,-0.2,0.0,0.0,0.0,16.6,88,14.6,987.2,100,10.1,overcast,15.0,54.0,13.0,0.0,0.0,742.0,2.0,0.0,0.0,15.0,94.0,1014.0,14.0,193.0,1.0,14.701019525837777,1.998980474162222,12.479674168852691,20.417603790407032,-0.17992409629241468,-0.12000000000000455,988.43,0.0,1.0,0.0,59.0,68.0,51.0,56.0,68.0,69.0,70.0,68.0,70.0,74.0,79.0,53.0
2026-08-30 00:00:00+00:00,16.4,93.0,75.0,988.58,1.1,-0.78,0.0,0.0,0.0,16.7,90,15.0,987.3,100,11.2,overcast,16.0,85.0,15.0,0.0,0.0,742.0,2.7,0.0,0.0,15.8,95.0,1014.2,15.0,220.0,4.0,15.264018759761154,1.135981240238845,12.953166781047482,20.459455167174674,-0.34447140595116027,-0.024999999999977263,988.58,0.0,1.0,0.0,70.0,70.0,39.0,75.0,70.0,72.0,72.0,70.0,75.0,76.0,86.0,59.0
2026-08-30 01:00:00+00:00,16.4,96.0,77.0,988.74,0.6,-0.69,0.1,0.1,0.0,16.5,92,15.2,987.5,100,11.9,overcast,16.0,90.0,15.0,0.0,0.0,742.0,2.8,0.0,0.0,16.0,94.0,1014.0,15.0,210.0,3.0,15.759769183816543,0.6402308161834558,13.37101087075869,20.769598882244818,-0.6793748289893831,0.15500000000002956,988.74,1.0,0.0,,79.0,79.0,33.0,77.0,79.0,81.0,81.0,79.0,83.0,88.0,92.0,61.0
2026-08-30 02:00:00+00:00,16.4,96.0,64.0,988.68,0.6,0.0,0.0,0.0,0.0,16.5,90,14.8,987.6,100,10.1,overcast,16.0,94.0,17.0,0.0,0.0,742.0,1.0,0.0,0.0,16.0,100.0,1014.0,16.0,220.0,3.0,15.759769183816543,0.6402308161834558,13.37101087075869,20.769598882244818,-0.24787521202769455,0.049999999999954525,988.68,0.0,0.0,0.0,75.0,78.0,25.0,64.0,78.0,80.0,80.0,78.0,81.0,85.0,94.0,61.0
2026-08-30 03:00:00+00:00,16.1,95.0,60.0,989.05,0.8,0.15,0.0,0.0,0.0,16.2,90,14.5,987.8,100,12.6,overcast,16.0,90.0,16.0,0.0,0.0,742.0,2.4,0.0,0.0,15.9,91.0,1014.6,14.4,290.0,7.0,15.297906287851495,0.8020937121485066,12.994822624554319,20.180380630948886,0.08093144798252538,0.15499999999997272,989.05,0.0,0.0,0.0,70.0,76.0,18.0,60.0,76.0,77.0,77.0,76.0,78.0,81.0,90.0,60.0
2026-08-30 04:00:00+00:00,15.7,94.0,58.0,989.64,1.0,0.19,0.0,0.0,0.0,15.9,90,14.2,988.0,100,10.4,overcast,15.0,90.0,14.0,0.0,0.0,742.0,2.5,0.0,0.0,16.0,94.0,1015.0,15.0,270.0,3.0,14.73602323122028,0.9639767687797196,12.551156229858599,19.438541857270565,0.16187297629813194,0.4800000000000182,989.64,0.0,0.0,0.0,67.0,73.0,12.0,58.0,73.0,75.0,74.0,73.0,75.0,77.0,85.0,55.0
2026-08-30 05:00:00+00:00,16.0,91.0,48.0,989.93,1.5,0.45,0.0,0.0,0.0,16.0,88,14.0,988.5,100,9.0,overcast,15.0,95.0,16.0,0.0,0.0,742.0,0.0,0.0,0.0,16.0,82.0,1016.0,12.9,290.0,3.0,14.530174900828193,1.469825099171807,12.37281610773768,19.616004505908307,0.3338656935116502,0.4399999999999977,989.93,0.0,0.0,0.0,60.0,69.0,9.0,49.0,69.0,70.0,70.0,69.0,71.0,72.0,78.0,55.0
2026-08-30 06:00:00+00:00,16.4,87.0,30.0,990.38,2.2,1.08,0.0,0.0,0.0,16.2,87,14.1,989.1,100,9.0,cloudy,15.0,87.0,14.0,0.0,0.0,742.0,2.6,0.0,0.0,15.8,87.0,1016.1,13.6,290.0,7.0,14.22880299175545,2.1711970082445493,12.117478601625063,19.839167737034366,0.603610119732415,0.37000000000000455,990.38,0.0,0.0,0.0,49.0,63.0,6.0,31.0,63.0,64.0,64.0,63.0,64.0,65.0,66.0,56.0
2026-08-30 07:00:00+00:00,17.1,85.0,41.0,990.84,2.5,0.4,0.0,0.0,0.0,16.6,85,14.1,989.4,100,8.6,cloudy,16.0,80.0,15.0,0.0,0.0,742.0,2.7,0.0,0.0,16.0,88.0,1017.0,14.0,250.0,3.0,14.556145602853888,2.543854397146113,12.34659747300618,20.73138557285646,0.537014648987153,0.455000000000041,990.84,0.0,0.0,0.0,46.0,58.0,4.0,40.0,58.0,58.0,58.0,58.0,58.0,58.0,58.0,60.0
2026-08-30 08:00:00+00:00,18.0,79.0,23.0,991.16,3.7,0.79,0.0,0.0,0.0,17.6,81,14.3,989.7,100,7.2,cloudy,16.0,94.0,17.0,0.0,0.0,742.0,1.0,0.0,0.0,17.0,83.0,1017.0,14.1,270.0,3.0,14.301218982136724,3.6987810178632756,12.10745040651418,21.481383319074038,0.763792004809363,0.38999999999998636,991.16,0.0,0.0,0.0,30.0,50.0,3.0,23.0,50.0,50.0,49.0,50.0,48.0,49.0,39.0,59.0
2026-08-30 09:00:00+00:00,19.5,71.0,0.0,991.27,5.4,1.69,0.0,0.0,0.0,18.5,78,14.6,989.9,94,7.6,cloudy,18.0,68.0,16.0,0.0,0.0,742.0,3.5,0.0,0.0,18.1,76.0,1016.7,13.8,270.0,7.0,14.099263563712094,5.400736436287906,11.889034372996996,22.864084183629814,1.4284410195708963,0.214999999999975,991.27,0.0,0.0,0.0,11.0,38.0,2.0,0.0,38.0,38.0,37.0,38.0,36.0,36.0,17.0,61.0
2026-08-30 10:00:00+00:00,19.4,70.0,0.0,991.45,5.6,1.48,0.0,0.0,0.0,19.8,73,14.8,990.1,92,8.6,cloudy,19.0,67.0,18.0,0.0,0.0,742.0,3.2,0.0,0.0,18.0,77.0,1017.0,13.9,240.0,4.0,13.78460520031423,5.6153947996857685,11.652958790168338,22.583994479706558,0.9583068909112465,0.14500000000003865,991.45,0.0,0.0,0.0,8.0,29.0,1.0,0.0,29.0,29.0,27.0,29.0,26.0,27.0,15.0,55.0
2026-08-30 11:00:00+00:00,19.4,71.0,28.0,991.58,5.4,-0.3,0.0,0.0,0.0,20.6,70,14.9,990.1,64,10.1,cloudy,19.0,87.0,22.0,0.0,0.0,743.0,1.0,0.0,0.0,19.0,68.0,1017.0,13.0,240.0,3.0,14.00333348787774,5.396666512122259,11.819429630027887,22.70883725798808,-0.0020349620828232773,0.15500000000002956,991.58,0.0,0.0,0.0,18.0,26.0,1.0,28.0,26.0,26.0,24.0,26.0,23.0,23.0,21.0,49.0
2026-08-30 12:00:00+00:00,20.9,66.0,0.0,991.32,6.6,1.2,0.0,0.0,0.0,21.1,66,14.5,989.8,54,11.9,cloudy,21.0,63.0,20.0,0.0,0.0,743.0,3.5,0.0,0.0,20.3,68.0,1016.7,14.2,240.0,7.0,14.307467341379677,6.592532658620321,11.992886648169058,24.38503401543922,0.48856892946727637,-0.06499999999999773,991.32,0.0,0.0,0.0,0.0,18.0,1.0,0.0,18.0,18.0,17.0,18.0,16.0,16.0,3.0,47.0
2026-08-30 13:00:00+00:00,20.9,66.0,13.0,991.09,6.6,-0.0,0.0,0.0,0.0,21.3,65,14.4,989.8,55,9.7,cloudy,22.0,60.0,22.0,0.0,0.0,743.0,3.4,0.0,0.0,19.0,73.0,1017.0,14.0,220.0,3.0,14.307467341379677,6.592532658620321,11.992886648169058,24.38503401543922,0.5979330732490311,-0.24500000000000458,991.09,0.0,0.0,0.0,0.0,13.0,1.0,12.0,13.0,13.0,12.0,13.0,11.0,11.0,5.0,48.0
2026-08-30 14:00:00+00:00,20.8,68.0,24.0,991.06,6.1,-0.4,0.0,0.0,0.0,21.6,62,14.0,989.8,98,8.3,cloudy,21.0,79.0,23.0,0.0,0.0,744.0,1.0,0.0,0.0,20.0,68.0,1017.0,13.9,190.0,2.0,14.674703825434712,6.125296174565289,12.284754548832016,24.50188993813569,-0.2336182420275161,-0.1300000000000523,991.06,0.0,0.0,0.0,12.0,13.0,7.0,24.0,13.0,13.0,11.0,13.0,11.0,13.0,15.0,49.0
2026-08-30 15:00:00+00:00,21.1,66.0,4.0,990.92,6.6,0.48,0.0,0.0,0.0,21.6,61,13.8,989.6,97,6.5,cloudy,22.0,54.0,20.0,0.0,0.0,744.0,3.7,0.0,0.0,20.7,69.0,1016.2,14.8,120.0,4.0,14.497600514218442,6.602399485781559,12.132834162491836,24.696744458975523,0.004933413580618927,-0.08500000000003638,990.92,0.0,0.0,0.0,4.0,10.0,5.0,3.0,10.0,10.0,9.0,10.0,9.0,10.0,9.0,41.0
2026-08-30 16:00:00+00:00,21.0,67.0,18.0,990.77,6.4,-0.22,0.0,0.0,0.0,21.4,63,14.1,989.2,100,6.5,cloudy,21.0,54.0,19.0,0.0,0.0,744.0,2.7,0.0,0.0,19.0,78.0,1017.0,15.1,170.0,2.0,14.635549468243386,6.364450531756614,12.245452753312483,24.678553113352123,0.11957717859566232,-0.1449999999999818,990.77,0.0,0.0,0.0,6.0,9.0,3.0,18.0,9.0,9.0,8.0,9.0,8.0,9.0,13.0,41.0
2026-08-30 17:00:00+00:00,19.8,70.0,38.0,990.82,5.6,-0.95,0.0,0.0,0.0,20.7,67,14.3,989.3,100,5.0,cloudy,21.0,71.0,22.0,0.0,0.0,744.0,1.0,0.0,0.0,16.0,94.0,1017.0,15.0,120.0,2.0,14.16766345402901,5.6323365459709915,11.929560716729933,23.203661066207346,-0.48503146990528384,-0.049999999999954525,990.82,0.0,0.0,0.0,20.0,20.0,15.0,38.0,20.0,20.0,20.0,20.0,20.0,21.0,22.0,36.0
2026-08-30 18:00:00+00:00,18.4,78.0,64.0,991.25,3.9,-1.51,0.0,0.0,0.0,19.4,73,14.5,989.8,96,4.7,cloudy,19.0,64.0,18.0,0.0,0.0,744.0,1.9,0.0,0.0,15.2,93.0,1017.0,14.1,0.0,0.0,14.49245463187709,3.907545368122909,12.241127828022085,21.993705143254914,-1.2284525818168526,0.2400000000000091,991.25,0.0,0.0,0.0,48.0,48.0,37.0,64.0,48.0,48.0,48.0,48.0,48.0,49.0,39.0,30.0
2026-08-30 19:00:00+00:00,17.9,80.0,47.0,991.3,3.5,-0.4,0.0,0.0,0.0,18.8,76,14.5,990.1,97,7.6,cloudy,18.0,72.0,18.0,0.0,0.0,744.0,1.7,0.0,0.0,15.0,88.0,1017.0,13.0,150.0,2.0,14.398612647163269,3.50138735283673,12.188077247054128,21.438434724829072,-1.0654745965671308,0.23999999999995225,991.3,0.0,0.0,0.0,51.0,51.0,35.0,47.0,51.0,51.0,51.0,51.0,51.0,53.0,41.0,29.0
2026-08-30 20:00:00+00:00,17.7,80.0,47.0,991.41,3.5,-0.4,0.0,0.0,0.0,18.7,75,14.2,990.2,72,7.2,cloudy,15.0,71.0,15.0,0.0,0.0,744.0,0.0,0.0,0.0,15.0,88.0,1017.0,13.0,130.0,1.0,14.203940357561088,3.4960596424389117,12.043931584402031,21.124713899331383,-0.2057428628419986,0.07999999999998408,991.41,0.0,0.0,0.0,42.0,48.0,27.0,47.0,48.0,48.0,48.0,48.0,48.0,50.0,37.0,34.0
2026-08-30 21:00:00+00:00,17.1,82.0,48.0,991.35,3.1,-0.29,0.0,0.0,0.0,18.2,78,14.3,990.1,68,5.0,cloudy,16.0,75.0,15.0,0.0,0.0,744.0,2.0,0.0,0.0,14.4,95.0,1017.2,13.6,0.0,0.0,14.000413245301635,3.0995867546983664,11.910835209253019,20.40716019969682,-0.20090029906918172,0.025000000000034106,991.35,0.0,0.0,0.0,47.0,48.0,20.0,48.0,48.0,48.0,48.0,48.0,48.0,49.0,39.0,39.0
2026-08-30 22:00:00+00:00,16.4,86.0,67.0,991.38,2.3,-0.95,0.0,0.0,0.0,17.6,79,13.9,990.0,0,7.2,cloudy,16.0,78.0,15.0,0.0,0.0,744.0,2.0,0.0,0.0,14.0,94.0,1017.0,13.0,140.0,2.0,14.050193340569828,2.34980665943017,11.978197238387992,19.73578649867765,-0.5731264915043708,-0.014999999999986358,991.38,0.0,0.0,0.0,59.0,59.0,19.0,67.0,59.0,59.0,59.0,59.0,59.0,60.0,47.0,40.0
2026-08-30 23:00:00+00:00,15.8,88.0,65.0,991.22,2.0,-0.69,0.0,0.0,0.0,17.0,80,13.6,989.6,0,7.6,clear,14.0,83.0,14.0,0.0,0.0,744.0,0.0,0.0,0.0,13.0,100.0,1017.0,13.0,190.0,2.0,13.814791316627813,1.9852086833721874,11.821277330807419,19.001131130924293,-0.5571890356630896,-0.06499999999999773,991.22,0.0,0.0,0.0,63.0,63.0,19.0,66.0,63.0,63.0,63.0,63.0,63.0,64.0,51.0,39.0
2026-08-31 00:00:00+00:00,15.4,89.0,60.0,991.07,1.8,-0.3,0.0,0.0,0.0,16.2,81,13.0,989.5,0,7.2,clear,15.0,77.0,14.0,0.0,0.0,744.0,2.3,0.0,0.0,12.0,95.0,1017.2,11.2,0.0,0.0,13.59461380519442,1.80538619480558,11.669594308522365,18.476812314978094,-0.272210232312295,-0.15499999999997272,991.07,0.0,0.0,0.0,62.0,63.0,15.0,60.0,63.0,63.0,63.0,63.0,63.0,63.0,54.0,41.0
2026-08-31 01:00:00+00:00,15.1,90.0,62.0,990.71,1.6,-0.3,0.0,0.0,0.0,15.8,79,12.2,989.4,0,7.6,clear,14.0,82.0,13.0,0.0,0.0,744.0,2.1,0.0,0.0,11.0,100.0,1017.0,11.0,140.0,3.0,13.470397908565099,1.6296020914349008,11.587752692671222,18.10736398679976,-0.1778032959686433,-0.25499999999999545,990.71,0.0,0.0,0.0,63.0,63.0,12.0,61.0,63.0,63.0,63.0,63.0,63.0,63.0,60.0,45.0
2026-08-31 02:00:00+00:00,15.0,90.0,62.0,990.71,1.6,,0.0,0.0,0.0,15.6,79,12.0,989.4,24,8.3,clear,12.0,84.0,11.0,0.0,0.0,744.0,1.0,0.0,0.0,13.0,94.0,1016.0,12.1,130.0,1.0,13.371655865642735,1.628344134357265,11.517511534002653,17.9525092842845,-0.08852103022415747,-0.18000000000000682,990.71,0.0,0.0,0.0,62.0,63.0,10.0,57.0,63.0,63.0,63.0,63.0,63.0,63.0,61.0,48.0
2026-08-31 03:00:00+00:00,14.6,91.0,58.0,990.57,1.5,-0.06,0.0,0.0,0.0,15.0,82,12.0,989.2,83,9.4,clear,13.0,82.0,11.0,0.0,0.0,744.0,2.7,0.0,0.0,11.6,96.0,1016.6,11.0,0.0,0.0,13.145970074915285,1.4540299250847148,11.365123331034173,17.42829284489882,-0.08778608317509295,-0.06999999999999318,990.57,0.0,0.0,0.0,64.0,64.0,7.0,58.0,64.0,64.0,64.0,64.0,64.0,64.0,66.0,49.0
2026-08-31 04:00:00+00:00,14.9,90.0,55.0,990.43,1.6,0.07,0.0,0.0,0.0,15.0,82,11.9,988.9,70,9.4,clear,14.0,83.0,13.0,0.0,0.0,744.0,2.4,0.0,0.0,12.0,100.0,1016.0,12.0,130.0,2.0,13.272913340066225,1.6270866599337754,11.447640502244187,17.79796389628973,-0.0006287372117448342,-0.1400000000000432,990.43,0.0,0.0,0.0,61.0,63.0,5.0,54.0,63.0,63.0,63.0,63.0,63.0,63.0,68.0,52.0
2026-08-31 05:00:00+00:00,18.9,73.0,0.0,990.36,4.9,3.12,0.0,0.0,0.0,16.3,76,12.1,989.3,87,9.4,clear,12.0,90.0,12.0,0.0,0.0,744.0,0.0,0.0,0.0,15.0,94.0,1016.0,14.0,170.0,2.0,13.951502470255479,4.94849752974452,11.79996120349051,22.17911283292943,1.7472338023299028,-0.10500000000001819,990.36,0.0,0.0,0.0,16.0,49.0,4.0,0.0,49.0,49.0,49.0,49.0,49.0,50.0,31.0,67.0
2026-08-31 06:00:00+00:00,22.2,60.0,0.0,990.39,8.1,3.17,0.0,0.0,0.0,18.0,69,12.2,989.1,3,10.4,clear,14.0,76.0,12.0,0.0,0.0,744.0,2.8,0.0,0.0,18.7,75.0,1015.6,14.2,240.0,7.0,14.063108723920557,8.136891276079442,11.752799996013428,25.54322683657561,3.254902308072834,-0.01999999999998181,990.39,0.0,0.0,0.0,0.0,34.0,3.0,0.0,34.0,34.0,35.0,34.0,35.0,35.0,7.0,79.0
2026-08-31 07:00:00+00:00,25.9,50.0,,990.23,11.2,3.58,0.0,0.0,0.0,19.1,65,12.4,988.9,68,9.0,clear,18.0,71.0,17.0,0.0,0.0,744.0,2.8,0.0,0.0,21.0,69.0,1016.0,15.1,210.0,3.0,14.67818032209982,11.221819677900179,12.077956488125892,29.603964509268497,3.136661074077829,-0.06499999999999773,990.23,0.0,0.0,0.0,0.0,24.0,2.0,0.0,24.0,24.0,24.0,24.0,24.0,25.0,9.0,88.0
2026-08-31 08:00:00+00:00,25.0,52.0,14.0,990.27,10.5,-0.75,0.0,0.0,0.0,22.0,55,12.6,989.0,100,11.2,clear,19.0,93.0,22.0,0.0,0.0,744.0,0.0,0.0,0.0,23.0,61.0,1016.0,15.1,210.0,4.0,14.457596798385136,10.542403201614864,11.943245130892883,28.5731404089682,1.2027559627677107,-0.060000000000002274,990.27,0.0,0.0,0.0,0.0,17.0,1.0,14.0,17.0,17.0,17.0,17.0,17.0,17.0,9.0,69.0
2026-08-31 09:00:00+00:00,26.4,45.0,0.0,989.81,12.9,2.41,0.0,0.0,0.0,22.9,53,12.8,988.9,100,13.3,clear,22.0,56.0,21.0,0.0,0.0,744.0,3.5,0.0,0.0,24.1,59.0,1014.7,15.6,230.0,7.0,13.507229596806619,12.89277040319338,11.177375039397392,29.427904873050768,0.8354753626466005,-0.21000000000003638,989.81,0.0,0.0,0.0,0.0,12.0,1.0,0.0,12.0,12.0,12.0,12.0,12.0,12.0,16.0,56.0
2026-08-31 10:00:00+00:00,29.5,36.0,0.0,989.65,16.6,3.69,0.0,0.0,0.0,24.4,47,12.4,988.1,53,11.9,cloudy,23.0,53.0,22.0,0.0,0.0,744.0,3.5,0.0,0.0,26.0,45.0,1015.0,13.1,230.0,3.0,12.856887601353444,16.643112398646558,10.603523005111834,32.171517258558545,3.0503545985158467,-0.3100000000000023,989.65,0.0,0.0,0.0,0.0,8.0,1.0,0.0,8.0,8.0,8.0,8.0,8.0,8.0,18.0,48.0
2026-08-31 11:00:00+00:00,28.7,38.0,16.0,989.46,15.7,-0.86,0.0,0.0,0.0,25.4,42,11.6,988.4,100,12.2,cloudy,24.0,77.0,28.0,0.0,0.0,743.0,1.0,0.0,0.0,27.0,42.0,1015.0,13.0,200.0,3.0,12.976570774233544,15.723429225766456,10.715100344923577,31.436108044432316,1.415329411286538,-0.17499999999995453,989.46,0.0,0.0,0.0,0.0,6.0,0.0,16.0,6.0,6.0,6.0,6.0,6.0,6.0,20.0,50.0
2026-08-31 12:00:00+00:00,27.5,40.0,28.0,989.09,14.8,-1.89,0.0,0.0,0.0,25.6,40,11.0,988.1,100,10.1,cloudy,25.0,47.0,24.0,0.0,0.0,743.0,4.3,0.0,0.0,27.3,42.0,1013.6,13.2,240.0,11.0,12.692286861824977,14.807713138175023,10.55973835164401,30.0834091085685,-0.9176996302357674,-0.2799999999999727,989.09,0.0,0.0,0.0,9.0,9.0,28.0,28.0,9.0,11.0,10.0,9.0,11.0,12.0,33.0,37.0
2026-08-31 13:00:00+00:00,27.0,39.0,0.0,988.68,15.1,0.35,0.0,0.0,0.0,25.8,40,11.2,988.0,99,7.9,cloudy,25.0,50.0,24.0,0.0,0.0,743.0,4.0,0.0,0.0,27.0,39.0,1014.0,11.8,210.0,5.0,11.860632458006336,15.139367541993664,10.015103540774026,29.150821474723244,-0.2920308418863958,-0.3900000000000432,988.68,0.0,0.0,0.0,3.0,7.0,22.0,0.0,7.0,9.0,9.0,7.0,10.0,11.0,35.0,20.0
2026-08-31 14:00:00+00:00,26.8,39.0,0.0,988.48,15.1,0.35,0.0,0.0,0.0,26.4,39,11.3,987.4,63,7.6,cloudy,28.0,58.0,31.0,0.0,0.0,742.0,1.0,0.0,0.0,26.0,42.0,1014.0,12.1,190.0,4.0,11.682415541935956,15.117584458064044,9.904707360044277,28.86080239180643,0.15493565994451064,-0.3050000000000068,988.48,0.0,0.0,0.0,0.0,5.0,15.0,0.0,5.0,6.0,6.0,5.0,7.0,8.0,35.0,23.0
2026-08-31 15:00:00+00:00,26.5,39.0,0.0,988.14,15.1,0.2,0.0,0.0,0.0,26.2,40,11.6,987.2,100,7.9,cloudy,25.0,47.0,23.0,0.0,0.0,742.0,3.6,0.0,0.0,27.0,40.0,1012.6,12.2,230.0,7.0,11.415062431468431,15.084937568531569,9.741080278366567,28.42749708747885,-0.02721498673104783,-0.2699999999999818,988.14,0.0,0.0,0.0,0.0,4.0,11.0,0.0,4.0,5.0,5.0,4.0,6.0,6.0,39.0,27.0
2026-08-31 16:00:00+00:00,25.4,44.0,28.0,988.05,13.1,-1.84,0.0,0.0,0.0,25.3,45,12.5,987.1,82,6.8,cloudy,25.0,53.0,24.0,0.0,0.0,742.0,3.0,0.0,0.0,25.0,47.0,1013.0,12.9,200.0,2.0,12.257857962075834,13.142142037924165,10.335362550562099,27.75484445270309,-0.9877212100699398,-0.21500000000003183,988.05,0.0,0.0,0.0,10.0,10.0,30.0,28.0,10.0,11.0,12.0,10.0,14.0,17.0,40.0,27.0
2026-08-31 17:00:00+00:00,24.1,47.0,22.0,987.89,12.0,-1.18,0.0,0.0,0.0,24.0,49,12.6,986.7,100,4.3,cloudy,26.0,42.0,25.0,0.0,0.0,742.0,2.0,0.0,0.0,19.0,83.0,1013.0,16.0,0.0,1.0,12.080567924545422,12.01943207545458,10.260298543304645,26.363204262480405,-1.5327527465384945,-0.125,987.89,0.0,0.0,0.0,15.0,15.0,40.0,22.0,15.0,16.0,17.0,15.0,19.0,23.0,40.0,23.0
2026-08-31 18:00:00+00:00,23.0,54.0,28.0,987.73,9.8,-2.33,0.0,0.0,0.0,23.2,49,11.9,986.9,100,8.6,cloudy,23.0,59.0,23.0,0.0,0.0,742.0,2.1,0.0,0.0,18.0,80.0,1013.2,14.5,0.0,0.0,13.188707807181913,9.811292192818087,11.073585351498451,25.851692195088148,-1.6654249225530389,-0.15999999999996817,987.73,0.0,0.0,0.0,15.0,15.0,50.0,28.0,15.0,16.0,17.0,15.0,19.0,23.0,45.0,23.0
2026-08-31 19:00:00+00:00,22.6,56.0,7.0,987.53,9.2,-0.39,0.0,0.0,0.0,22.5,54,12.7,987.3,100,10.4,cloudy,20.0,62.0,19.0,0.0,0.0,742.0,2.0,0.0,0.0,18.0,83.0,1013.0,15.1,150.0,1.0,13.37495395028719,9.22504604971281,11.223951771041696,25.554336481341213,-1.3971930128708847,-0.18000000000000682,987.53,0.0,0.0,0.0,14.0,15.0,48.0,7.0,15.0,16.0,17.0,15.0,18.0,23.0,45.0,27.0
2026-08-31 20:00:00+00:00,21.7,60.0,20.0,987.53,8.1,-1.09,0.0,0.0,0.0,21.5,60,13.4,986.4,100,10.4,cloudy,18.0,40.0,16.0,0.0,0.0,741.0,1.0,0.0,0.6,19.0,78.0,1013.0,15.1,140.0,2.0,13.593279517269398,8.106720482730601,11.4192620061371,24.77606369678837,-0.8522858550437428,-0.10000000000002274,987.53,0.0,0.0,0.0,9.0,13.0,41.0,20.0,13.0,14.0,15.0,13.0,16.0,20.0,42.0,30.0
2026-08-31 21:00:00+00:00,21.3,61.0,22.0,987.67,7.8,-1.1,0.0,0.0,0.0,20.4,66,13.9,986.9,100,7.2,cloudy,20.0,62.0,19.0,0.0,0.0,741.0,2.5,0.0,0.9,17.2,87.0,1013.1,15.0,0.0,0.0,13.471171173194868,7.8288288268051325,11.34432932217104,24.307794788330952,-0.6981086114538391,0.06999999999999318,987.67,0.0,0.0,0.0,7.0,11.0,35.0,22.0,11.0,13.0,13.0,11.0,14.0,17.0,38.0,34.0
2026-08-31 22:00:00+00:00,21.0,65.0,27.0,987.86,6.8,-0.85,0.0,0.0,0.0,20.0,70,14.3,986.5,100,9.4,overcast,19.0,72.0,19.0,0.0,0.0,741.0,2.0,0.0,0.2,20.0,78.0,1013.0,16.0,190.0,4.0,14.166393172235914,6.833606827764086,11.879916850228527,24.40292466220728,-0.6365568274832577,0.16500000000002046,987.86,0.0,1.0,1.0,8.0,10.0,30.0,26.0,10.0,12.0,12.0,10.0,13.0,16.0,37.0,36.0
2026-08-31 23:00:00+00:00,20.1,73.0,55.0,987.72,5.0,-2.09,0.0,0.0,0.0,19.9,73,14.9,986.0,100,9.7,light-rain,17.0,68.0,17.0,90.0,0.25,741.0,0.0,1.0,0.4,18.0,94.0,1013.0,17.0,320.0,1.0,15.106504296332332,4.993495703667669,12.661042894937895,24.062714053883106,-1.4176665615687318,0.025000000000034106,987.72,0.0,1.0,1.0,37.0,37.0,43.0,54.0,37.0,39.0,38.0,37.0,39.0,44.0,59.0,40.0
2026-09-01 00:00:00+00:00,19.9,72.0,21.0,987.2,5.2,0.2,0.0,0.0,0.0,19.3,75,14.7,986.2,100,11.2,overcast,19.0,76.0,19.0,0.0,0.0,741.0,2.0,0.0,0.5,16.8,95.0,1012.7,16.0,0.0,0.0,14.699809939950159,5.20019006004984,12.34243848254566,23.61688099818047,-0.8167083838571232,-0.3299999999999841,987.2,0.0,1.0,1.0,29.0,35.0,37.0,21.0,35.0,36.0,35.0,35.0,36.0,41.0,60.0,42.0
2026-09-01 01:00:00+00:00,19.4,76.0,48.0,987.18,4.3,-0.83,0.1,0.1,0.0,19.2,79,15.5,985.9,100,8.3,cloudy,17.0,82.0,17.0,0.0,0.0,741.0,2.1,0.0,0.4,17.0,100.0,1012.0,17.0,0.0,1.0,15.057924913536574,4.342075086463424,12.651783829325623,23.33305114939569,-0.32571030860212247,-0.27000000000003865,987.18,1.0,1.0,,34.0,34.0,29.0,48.0,34.0,36.0,35.0,34.0,36.0,39.0,68.0,43.0
2026-09-01 02:00:00+00:00,19.0,79.0,55.0,987.13,3.7,-0.89,0.0,0.0,0.0,19.1,80,15.6,985.6,100,6.1,cloudy,17.0,75.0,18.0,0.0,0.0,741.0,0.0,0.0,0.3,17.0,100.0,1012.0,17.0,218.0,1.0,15.27303678838494,3.7269632116150593,12.84531996238678,23.065019871272618,-0.7366134242173903,-0.03500000000002501,987.13,0.0,1.0,0.0,45.0,45.0,27.0,54.0,45.0,46.0,45.0,45.0,46.0,48.0,78.0,47.0
2026-09-01 03:00:00+00:00,18.8,82.0,52.0,987.0,3.1,-0.5,0.1,0.1,0.0,18.3,85,15.7,985.6,100,6.8,overcast,16.0,86.0,16.0,0.0,0.0,741.0,2.0,0.0,0.0,16.2,96.0,1012.6,15.6,0.0,0.0,15.660026509560948,3.1399734904390524,13.176784345996516,23.106502060182287,-0.6010507980121861,-0.08999999999997499,987.0,1.0,0.0,,50.0,50.0,24.0,52.0,50.0,53.0,50.0,50.0,54.0,57.0,88.0,49.0
2026-09-01 04:00:00+00:00,18.3,85.0,59.0,986.64,2.6,-0.6,0.0,0.0,0.0,18.6,82,15.5,985.1,100,6.8,overcast,16.0,90.0,16.0,0.0,0.0,741.0,2.0,0.0,0.2,16.0,100.0,1012.0,16.0,190.0,2.0,15.73274535932676,2.567254640673241,13.260915267677994,22.65246876221421,-0.5798542854709092,-0.24500000000000458,986.64,0.0,0.0,0.0,56.0,56.0,22.0,59.0,56.0,59.0,56.0,56.0,58.0,61.0,100.0,52.0
2026-09-01 05:00:00+00:00,18.9,84.0,42.0,986.43,2.8,0.2,0.0,0.0,0.0,19.0,81,15.7,985.1,99,7.9,overcast,16.0,93.0,18.0,0.0,0.0,741.0,0.0,0.0,0.3,17.0,94.0,1012.0,16.0,214.0,1.0,16.135187432583454,2.764812567416545,13.578037549221955,23.51028052008318,-0.18758046151125374,-0.285000000000025,986.43,0.0,0.0,0.0,50.0,55.0,17.0,42.0,55.0,58.0,55.0,55.0,57.0,59.0,100.0,57.0
2026-09-01 06:00:00+00:00,20.0,76.0,3.0,986.21,4.4,1.5,0.0,0.0,0.0,19.1,82,15.9,985.1,100,9.4,overcast,17.0,87.0,17.0,0.0,0.0,741.0,2.6,0.0,0.3,18.1,95.0,1011.5,17.3,0.0,0.0,15.638219145443944,4.361780854556056,13.104550710262053,24.292753886092523,0.8972631069414073,-0.214999999999975,986.21,0.0,0.0,0.0,23.0,45.0,12.0,4.0,45.0,48.0,46.0,45.0,47.0,49.0,88.0,61.0
2026-09-01 07:00:00+00:00,20.6,71.0,4.0,986.55,5.4,1.0,0.0,0.0,0.0,19.5,78,15.5,985.2,100,9.0,overcast,18.0,86.0,18.0,0.0,0.0,741.0,2.7,0.0,0.6,19.0,83.0,1012.0,16.0,200.0,3.0,15.154395248807083,5.445604751192919,12.67843215750966,24.592036397794793,1.340396091888187,0.060000000000002274,986.55,0.0,0.0,0.0,10.0,35.0,8.0,4.0,35.0,38.0,35.0,35.0,37.0,38.0,74.0,64.0
2026-09-01 08:00:00+00:00,20.1,74.0,38.0,986.9,4.8,-0.58,0.0,0.0,0.0,19.9,77,15.8,985.2,100,9.4,overcast,19.0,88.0,21.0,0.0,0.0,741.0,0.0,0.0,0.7,20.0,83.0,1012.0,17.0,200.0,3.0,15.318462746035438,4.781537253964563,12.834481838704164,24.19309369845685,0.20987819970425384,0.34499999999997044,986.9,0.0,0.0,0.0,23.0,31.0,6.0,39.0,31.0,34.0,32.0,31.0,34.0,35.0,82.0,59.0
2026-09-01 09:00:00+00:00,21.1,72.0,17.0,986.64,5.2,0.41,0.0,0.0,0.0,20.6,73,15.6,985.2,100,10.4,overcast,20.0,84.0,20.0,0.0,0.0,741.0,3.5,0.0,0.8,20.0,79.0,1011.7,16.2,240.0,11.0,15.852724420514553,5.247275579485448,13.23581908635473,25.528721227973296,-0.09916458585373533,0.045000000000015916,986.64,0.0,0.0,0.0,21.0,28.0,5.0,16.0,28.0,31.0,29.0,28.0,31.0,32.0,82.0,57.0
2026-09-01 10:00:00+00:00,21.3,70.0,11.0,986.44,5.7,0.5,0.0,0.0,0.0,20.2,75,15.6,985.5,100,12.2,overcast,20.0,83.0,20.0,0.0,0.0,741.0,3.9,0.0,0.7,21.0,73.0,1012.0,16.0,200.0,3.0,15.603909555032352,5.696090444967648,13.018082828720864,25.571157953822404,0.45727659550154254,-0.22999999999996135,986.44,0.0,0.0,0.0,10.0,23.0,4.0,11.0,23.0,26.0,23.0,23.0,25.0,27.0,77.0,54.0
2026-09-01 11:00:00+00:00,20.8,70.0,29.0,986.56,5.7,-0.5,0.0,0.0,0.0,19.9,77,15.8,985.6,100,11.9,light-rain,21.0,85.0,24.0,90.0,0.25,740.0,0.0,1.0,0.7,21.0,73.0,1012.0,16.0,190.0,6.0,15.125199859095407,5.674800140904594,12.64607085909178,24.774151406904387,0.21376228070957293,-0.040000000000020464,986.56,0.0,0.0,0.0,13.0,20.0,2.0,30.0,20.0,23.0,20.0,20.0,22.0,23.0,77.0,54.0
2026-09-01 12:00:00+00:00,22.2,67.0,1.0,985.97,6.4,0.69,0.0,0.0,0.0,19.2,85,16.6,985.0,100,9.4,light-rain,20.0,83.0,20.0,90.0,0.25,740.0,4.0,1.0,0.7,21.8,71.0,1011.0,16.3,240.0,11.0,15.778288793734268,6.421711206265732,13.123959995548326,26.581353300842764,0.3628103806490417,-0.23500000000001364,985.97,0.0,0.0,0.0,3.0,15.0,2.0,1.0,15.0,18.0,15.0,15.0,17.0,17.0,74.0,56.0
2026-09-01 13:00:00+00:00,22.2,63.0,0.0,985.5,7.4,1.0,0.0,0.0,0.0,20.9,72,15.7,984.2,100,11.9,overcast,19.0,80.0,18.0,0.0,0.0,740.0,3.8,0.0,1.4,19.0,88.0,1011.0,17.0,190.0,6.0,14.818661091906723,7.3813389080932765,12.340439995814098,25.98813817840439,0.8532693835943412,-0.5299999999999727,985.5,0.0,0.0,0.0,0.0,10.0,1.0,0.0,10.0,12.0,11.0,10.0,12.0,12.0,70.0,53.0
2026-09-01 14:00:00+00:00,22.1,62.0,,985.15,7.6,0.17,0.0,0.0,0.0,21.6,64,14.5,983.3,99,10.8,cloudy,22.0,80.0,24.0,0.0,0.0,740.0,1.0,0.0,1.3,20.0,83.0,1011.0,17.0,200.0,5.0,14.4760625779483,7.623937422051702,12.07494098350815,25.684029412778145,0.601113107892985,-0.410000000000025,985.15,0.0,0.0,0.0,0.0,7.0,1.0,0.0,7.0,9.0,7.0,7.0,8.0,9.0,73.0,56.0
2026-09-01 15:00:00+00:00,21.8,60.0,,984.93,8.1,0.53,0.0,0.0,0.0,21.1,65,14.3,984.1,100,18.7,cloudy,19.0,73.0,17.0,0.0,0.0,740.0,4.8,0.0,1.2,21.2,70.0,1009.8,15.5,280.0,7.0,13.68724970338787,8.11275029661213,11.485306711139604,24.92892671724653,0.36570569425942695,-0.285000000000025,984.93,0.0,0.0,0.0,0.0,5.0,1.0,0.0,5.0,6.0,5.0,5.0,6.0,6.0,75.0,45.0
2026-09-01 16:00:00+00:00,16.9,79.0,66.0,985.45,3.7,-4.34,0.0,0.0,0.0,18.6,68,12.6,984.7,100,14.0,cloudy,19.0,74.0,17.0,0.0,0.0,740.0,4.2,0.0,0.0,16.0,82.0,1011.0,12.9,290.0,5.0,13.232097608218373,3.6679023917816256,11.338502237444427,19.775507359671224,-1.9780175151350379,0.1500000000000341,985.45,0.0,0.0,0.0,53.0,53.0,59.0,66.0,53.0,56.0,54.0,53.0,59.0,62.0,100.0,26.0
2026-09-01 17:00:00+00:00,16.8,81.0,48.0,986.56,3.3,-0.39,0.0,0.0,0.0,17.3,74,12.6,985.1,100,13.3,rain,21.0,74.0,22.0,90.0,0.5,739.0,1.0,1.0,0.0,15.0,88.0,1012.0,13.0,190.0,4.0,13.518720899211777,3.2812791007882236,11.556082645372635,19.8343223976042,-2.4157355979119535,0.8149999999999977,986.56,0.0,0.0,0.0,57.0,57.0,72.0,49.0,53.0,56.0,58.0,57.0,62.0,66.0,100.0,25.0
2026-09-01 18:00:00+00:00,16.6,85.0,63.0,986.55,2.5,-0.8,0.0,0.0,0.0,17.0,75,12.5,985.9,41,10.4,rain,17.0,80.0,15.0,90.0,0.5,739.0,4.2,1.0,0.0,15.4,91.0,1012.2,13.9,330.0,4.0,14.065864394148422,2.5341356058515796,11.982084679806608,19.944815041456106,-0.566883392965023,0.5499999999999545,986.55,0.0,0.0,0.0,57.0,57.0,56.0,63.0,53.0,56.0,58.0,57.0,61.0,65.0,100.0,27.0
2026-09-01 19:00:00+00:00,16.0,86.0,61.0,987.16,2.3,-0.59,0.0,0.0,0.0,16.0,85,13.5,985.8,100,13.7,light-rain,16.0,84.0,15.0,90.0,0.25,739.0,3.5,1.0,0.0,15.0,94.0,1012.0,14.0,230.0,4.0,13.65739861278956,2.34260138721044,11.692991046872972,19.11210315942983,-0.4693388567888919,0.30000000000001137,987.16,0.0,0.0,0.0,58.0,58.0,43.0,61.0,58.0,59.0,58.0,63.0,60.0,63.0,91.0,50.0
2026-09-01 20:00:00+00:00,15.6,88.0,57.0,987.43,2.0,-0.26,0.0,0.0,0.0,15.7,85,13.2,985.7,9,14.0,cloudy,15.0,63.0,13.0,0.0,0.0,739.0,2.0,0.0,0.0,14.0,100.0,1013.0,14.0,250.0,4.0,13.617845299483339,1.982154700516661,11.679133100252526,18.689855785596183,-0.27599045266745925,0.4399999999999977,987.43,0.0,0.0,0.0,60.0,60.0,33.0,58.0,60.0,62.0,60.0,62.0,60.0,62.0,88.0,49.0
2026-09-01 21:00:00+00:00,15.6,87.0,47.0,987.66,2.2,0.2,0.0,0.0,0.0,15.8,82,12.7,986.2,57,14.0,overcast,15.0,84.0,13.0,0.0,0.0,739.0,4.1,0.0,0.0,15.0,89.0,1013.2,13.2,280.0,7.0,13.44211263334072,2.1578873666592795,11.546415678658747,18.591618788032587,-0.09235701027558019,0.25,987.66,0.0,0.0,0.0,56.0,59.0,24.0,47.0,59.0,60.0,59.0,60.0,58.0,59.0,81.0,49.0
2026-09-01 22:00:00+00:00,15.0,88.0,52.0,987.61,2.0,-0.01,0.0,0.0,0.0,15.5,84,12.8,986.6,100,13.3,overcast,15.0,88.0,13.0,0.0,0.0,739.0,4.0,0.0,0.0,14.0,94.0,1013.0,13.0,240.0,3.0,13.026993250768244,1.9730067492317556,11.26156683324704,17.76345352241151,-0.0045739756424527656,0.09000000000003183,987.61,0.0,0.0,0.0,57.0,59.0,17.0,53.0,59.0,60.0,58.0,59.0,57.0,58.0,81.0,49.0
2026-09-01 23:00:00+00:00,14.9,88.0,52.0,987.58,2.0,-0.0,0.0,0.0,0.0,15.5,86,13.2,986.6,100,13.0,overcast,15.0,90.0,16.0,0.0,0.0,740.0,0.0,0.0,0.0,13.0,100.0,1013.0,13.0,240.0,3.0,12.928515867991083,1.9714841320089178,11.193248491083207,17.610120254149955,-0.09320161732518083,-0.03999999999996362,987.58,0.0,0.0,0.0,58.0,58.0,13.0,53.0,58.0,60.0,57.0,57.0,57.0,57.0,81.0,51.0
2026-09-02 00:00:00+00:00,14.6,88.0,52.0,987.7,2.0,-0.0,0.0,0.0,0.0,15.3,87,13.2,986.8,100,14.8,overcast,14.0,88.0,12.0,0.0,0.0,740.0,4.1,0.0,0.0,14.4,88.0,1013.2,12.4,280.0,7.0,12.63308022014228,1.9669197798577205,10.990448935505574,17.15192055330875,-0.003043484687017539,0.045000000000015916,987.7,0.0,0.0,0.0,58.0,58.0,9.0,53.0,58.0,60.0,57.0,56.0,57.0,57.0,80.0,49.0
2026-09-02 01:00:00+00:00,14.6,89.0,57.0,987.75,1.8,-0.14,0.0,0.0,0.0,15.1,87,12.9,987.1,100,16.2,overcast,14.0,89.0,12.0,0.0,0.0,740.0,3.9,0.0,0.0,13.0,94.0,1013.0,12.1,240.0,4.0,12.805731413725372,1.7942685862746277,11.115340400681774,17.244044650505437,-0.08860777286714505,0.08499999999997954,987.75,0.0,0.0,0.0,60.0,60.0,7.0,57.0,60.0,62.0,58.0,60.0,60.0,60.0,83.0,53.0
2026-09-02 02:00:00+00:00,14.5,90.0,58.0,987.95,1.6,-0.12,0.0,0.0,0.0,15.4,83,12.6,986.5,100,13.0,overcast,14.0,91.0,13.0,0.0,0.0,742.0,2.0,0.0,0.0,13.0,94.0,1013.0,12.1,230.0,4.0,12.877938411147868,1.622061588852132,11.171825067299087,17.182845775164132,-0.17242909550279428,0.125,987.95,0.0,0.0,0.0,63.0,63.0,6.0,58.0,63.0,65.0,61.0,63.0,63.0,64.0,85.0,53.0
2026-09-02 03:00:00+00:00,14.8,89.0,52.0,988.02,1.8,0.1,0.0,0.0,0.0,15.2,85,12.7,986.6,100,14.8,overcast,13.0,88.0,11.0,0.0,0.0,742.0,3.9,0.0,0.0,14.7,87.0,1013.6,12.6,280.0,7.0,13.002955208222724,1.7970447917772763,11.251714209162612,17.55040715125294,0.0013881027513242827,0.1349999999999909,988.02,0.0,0.0,0.0,59.0,62.0,4.0,52.0,62.0,64.0,60.0,62.0,62.0,63.0,85.0,56.0
2026-09-02 04:00:00+00:00,14.7,89.0,56.0,988.38,1.8,-0.07,0.0,0.0,0.0,14.9,84,12.3,987.0,100,14.8,overcast,13.0,89.0,11.0,0.0,0.0,742.0,3.7,0.0,0.0,14.0,94.0,1014.0,13.0,240.0,4.0,12.904343577364928,1.795656422635071,11.18334671176662,17.397075163684875,0.08679741689146958,0.214999999999975,988.38,0.0,1.0,1.0,59.0,61.0,3.0,56.0,61.0,63.0,59.0,61.0,61.0,61.0,84.0,55.0
2026-09-02 05:00:00+00:00,15.4,86.0,42.0,988.71,2.3,0.4,0.0,0.0,0.0,15.5,80,12.0,987.3,22,11.9,overcast,14.0,89.0,13.0,0.0,0.0,742.0,2.0,0.0,0.0,14.0,94.0,1014.0,13.0,240.0,3.0,13.068185963987066,2.3318140360129345,11.276237196999139,18.185852349304675,0.26738462211782915,0.3450000000000273,988.71,0.0,1.0,1.0,51.0,58.0,2.0,42.0,58.0,59.0,56.0,58.0,58.0,58.0,76.0,58.0
2026-09-02 06:00:00+00:00,19.5,65.0,0.0,988.88,6.8,4.06,0.0,0.0,0.0,15.7,78,11.9,987.7,100,11.2,overcast,14.0,86.0,12.0,0.0,0.0,742.0,4.0,0.0,0.0,16.1,79.0,1014.3,12.5,280.0,7.0,12.742799204490202,6.757200795509798,10.884327242884574,22.110358759661096,2.4807721864373633,0.25,988.88,0.0,1.0,1.0,0.0,41.0,2.0,0.0,41.0,42.0,39.0,41.0,40.0,41.0,21.0,68.0
2026-09-02 07:00:00+00:00,16.8,76.0,60.0,989.26,4.3,-2.5,0.1,0.1,0.0,15.3,86,13.0,987.9,100,11.2,overcast,15.0,83.0,13.0,0.0,0.0,742.0,4.0,0.0,0.0,16.0,82.0,1015.0,12.9,240.0,3.0,12.542809509825611,4.2571904901743896,10.84274421047309,19.304117311332334,0.9626882270807275,0.27499999999997726,989.26,1.0,0.0,,24.0,36.0,1.0,61.0,36.0,36.0,34.0,36.0,35.0,35.0,48.0,59.0
2026-09-02 08:00:00+00:00,15.8,88.0,80.0,989.65,2.0,-2.29,0.0,0.0,0.0,15.6,85,13.1,988.3,100,11.9,light-rain,17.0,88.0,18.0,90.0,0.25,742.0,1.0,1.0,0.0,16.0,82.0,1015.0,12.9,250.0,4.0,13.814791316627813,1.9852086833721874,11.821277330807419,19.001131130924293,-2.385996056068805,0.3849999999999909,989.65,0.0,1.0,1.0,72.0,72.0,72.0,81.0,72.0,72.0,71.0,72.0,69.0,76.0,82.0,54.0
2026-09-02 09:00:00+00:00,16.9,80.0,15.0,990.04,3.5,1.31,0.0,0.0,0.0,16.7,78,12.9,988.5,100,13.0,light-rain,17.0,73.0,15.0,90.0,0.25,742.0,4.4,1.0,0.0,16.1,81.0,1015.5,12.8,300.0,7.0,13.42521117897253,3.4747888210274684,11.482027582222203,19.882222642705038,-0.3912008345734605,0.38999999999998636,990.04,0.0,1.0,1.0,44.0,64.0,54.0,15.0,64.0,64.0,62.0,64.0,61.0,67.0,54.0,32.0
2026-09-02 10:00:00+00:00,17.5,77.0,22.0,990.13,4.1,0.67,0.0,0.0,0.0,17.0,79,13.3,988.6,96,13.0,cloudy,18.0,69.0,16.0,0.0,0.0,742.0,4.5,0.0,0.0,16.0,82.0,1016.0,12.9,240.0,5.0,13.420710936427506,4.079289063572494,11.454968960977515,20.479722324348213,1.0470401901001536,0.2400000000000091,990.13,0.0,1.0,1.0,26.0,52.0,38.0,22.0,52.0,52.0,51.0,52.0,50.0,54.0,40.0,49.0
2026-09-02 11:00:00+00:00,18.4,74.0,18.0,990.19,4.7,0.58,0.1,0.1,0.0,17.6,74,12.9,989.1,100,14.0,cloudy,17.0,78.0,18.0,0.0,0.0,742.0,1.0,0.0,0.0,17.0,77.0,1016.0,12.9,250.0,5.0,13.679472363494419,4.7205276365055795,11.613377682995312,21.52454077693415,0.6228694077390555,0.07500000000004547,990.19,1.0,1.0,,20.0,43.0,26.0,18.0,43.0,43.0,41.0,43.0,40.0,43.0,31.0,59.0
2026-09-02 12:00:00+00:00,18.7,72.0,18.0,990.09,5.2,0.34,0.1,0.1,0.0,18.3,73,13.4,988.7,28,11.2,overcast,19.0,64.0,16.0,0.0,0.0,742.0,4.9,0.0,0.0,17.3,78.0,1015.5,13.4,290.0,7.0,13.546687447006171,5.153312552993828,11.50175014314822,21.749958469722298,0.537011744710667,-0.01999999999998181,990.09,1.0,1.0,,16.0,35.0,18.0,19.0,35.0,35.0,33.0,35.0,32.0,34.0,27.0,53.0
2026-09-02 13:00:00+00:00,19.1,66.0,0.0,989.94,6.5,1.31,0.0,0.0,0.0,19.3,66,12.8,988.4,100,13.0,overcast,19.0,63.0,17.0,0.0,0.0,742.0,4.2,0.0,0.0,18.0,77.0,1016.0,13.9,250.0,5.0,12.59594505580942,6.504054944190582,10.794931020592701,21.632225321512436,0.8917636538425012,-0.125,989.94,0.0,1.0,0.0,0.0,24.0,13.0,0.0,24.0,24.0,23.0,24.0,22.0,24.0,10.0,49.0
2026-09-02 14:00:00+00:00,19.2,65.0,7.0,989.79,6.7,0.22,0.1,0.1,0.0,19.5,66,13.0,988.2,84,12.6,cloudy,18.0,85.0,18.0,0.0,0.0,743.0,3.0,0.0,0.0,19.0,68.0,1015.0,13.0,260.0,5.0,12.458030198349642,6.741969801650358,10.694128064892938,21.65944828215524,0.7943286243282647,-0.1500000000000341,989.79,1.0,1.0,,0.0,17.0,9.0,7.0,17.0,17.0,16.0,17.0,16.0,17.0,9.0,44.0
2026-09-02 15:00:00+00:00,18.9,68.0,30.0,989.77,6.0,-0.69,0.2,0.2,0.0,17.8,71,12.5,988.2,100,12.6,cloudy,18.0,61.0,15.0,0.0,0.0,743.0,4.6,0.0,0.0,19.3,65.0,1015.0,12.6,290.0,7.0,12.861571304594303,6.038428695405695,10.991744682703489,21.574036611495913,-0.23281312439244317,-0.08500000000003638,989.77,1.0,0.0,,13.0,16.0,8.0,30.0,16.0,16.0,15.0,16.0,15.0,16.0,21.0,42.0
2026-09-02 16:00:00+00:00,18.7,70.0,38.0,989.51,5.6,-0.89,0.0,0.0,0.0,17.8,75,13.3,988.1,71,14.4,cloudy,18.0,68.0,16.0,0.0,0.0,743.0,4.2,0.0,0.0,18.0,73.0,1015.0,13.1,250.0,3.0,13.114193169961874,5.585806830038125,11.182257083616324,21.510931845563345,-0.5780814858061162,-0.13999999999998636,989.51,0.0,0.0,0.0,22.0,22.0,17.0,38.0,22.0,22.0,22.0,22.0,22.0,25.0,31.0,40.0
2026-09-02 17:00:00+00:00,17.9,70.0,21.0,989.59,5.6,-0.0,0.0,0.0,0.0,17.0,81,13.7,988.4,6,12.2,cloudy,19.0,75.0,19.0,0.0,0.0,743.0,2.0,0.0,0.0,17.0,77.0,1015.0,12.9,220.0,2.0,12.347914336850375,5.552085663149624,10.664567591172363,20.301755384225437,-0.2431715161280357,-0.08999999999997499,989.59,0.0,0.0,0.0,19.0,21.0,14.0,21.0,21.0,21.0,21.0,21.0,21.0,23.0,27.0,35.0
2026-09-02 18:00:00+00:00,17.0,73.0,40.0,989.96,4.9,-0.69,0.0,0.0,0.0,16.4,86,14.0,988.8,97,9.4,cloudy,16.0,79.0,15.0,0.0,0.0,743.0,3.0,0.0,0.0,17.0,74.0,1015.5,12.3,290.0,7.0,12.122340901518939,4.877659098481061,10.540285452181022,19.284711832969105,-0.35407386577853206,0.22500000000002274,989.96,0.0,0.0,0.0,28.0,28.0,13.0,40.0,28.0,28.0,28.0,28.0,28.0,29.0,30.0,33.0
2026-09-02 19:00:00+00:00,16.7,73.0,27.0,989.99,4.9,0.0,0.0,0.0,0.0,16.1,88,14.1,988.5,2,10.4,cloudy,15.0,82.0,14.0,0.0,0.0,743.0,2.7,0.0,0.0,16.0,82.0,1016.0,12.9,240.0,3.0,11.833480111679844,4.8665198883201555,10.352456980980072,18.83704632613311,-0.34278288741473434,0.19999999999998863,989.99,0.0,0.0,0.0,28.0,28.0,12.0,27.0,28.0,28.0,28.0,28.0,28.0,29.0,28.0,32.0
2026-09-02 20:00:00+00:00,15.7,78.0,56.0,990.06,3.8,-1.03,0.0,0.0,0.0,15.8,88,13.9,988.3,4,10.4,cloudy,16.0,69.0,14.0,0.0,0.0,742.0,3.0,0.0,0.0,15.0,82.0,1015.0,12.0,270.0,3.0,11.8721326467589,3.8278673532411,10.414789212010325,17.856662392203233,-0.5248958726199806,0.049999999999954525,990.06,0.0,0.0,0.0,42.0,42.0,16.0,56.0,42.0,42.0,42.0,42.0,42.0,42.0,38.0,33.0
2026-09-02 21:00:00+00:00,14.9,83.0,62.0,990.38,2.9,-0.89,0.0,0.0,0.0,15.4,90,13.8,989.0,100,13.0,clear,14.0,85.0,12.0,0.0,0.0,742.0,2.8,0.0,0.0,14.7,85.0,1016.1,12.2,290.0,7.0,12.036382440961429,2.8636175590385715,10.55726846318075,17.140511148800524,-1.001451164640792,0.19499999999999318,990.38,0.0,0.0,0.0,57.0,57.0,30.0,62.0,57.0,57.0,57.0,57.0,57.0,59.0,45.0,35.0
2026-09-02 22:00:00+00:00,14.3,88.0,73.0,990.47,2.0,-1.09,0.0,0.0,0.0,15.5,88,13.6,989.3,100,11.9,cloudy,14.0,87.0,13.0,0.0,0.0,742.0,2.8,0.0,0.0,14.0,88.0,1016.0,12.0,240.0,2.0,12.337639322908695,1.962360677091306,10.79084934251926,16.696390710513285,-0.9327533380748969,0.20500000000004093,990.47,0.0,0.0,0.0,67.0,67.0,29.0,73.0,67.0,67.0,67.0,67.0,67.0,70.0,52.0,36.0
2026-09-02 23:00:00+00:00,13.7,92.0,70.0,990.57,1.3,-0.6,0.0,0.0,0.0,15.3,89,13.5,989.3,91,12.2,clear,14.0,74.0,13.0,0.0,0.0,743.0,1.0,0.0,0.0,13.0,94.0,1016.0,12.1,260.0,2.0,12.422573896851206,1.2774261031487928,10.873857401797713,16.140831613357182,-0.7930957279448894,0.09500000000002728,990.57,0.0,0.0,0.0,73.0,73.0,28.0,70.0,73.0,73.0,73.0,73.0,73.0,76.0,58.0,40.0
2026-09-03 00:00:00+00:00,13.4,94.0,71.0,990.67,0.9,-0.45,0.0,0.0,0.0,14.7,90,13.1,989.6,97,9.7,overcast,13.0,88.0,11.0,0.0,0.0,743.0,2.8,0.0,0.0,13.0,93.0,1016.7,11.9,320.0,4.0,12.453048494201953,0.9469515057980473,10.907021681807333,15.856830288200786,-0.5077045856466293,0.0999999999999659,990.67,0.0,0.0,0.0,74.0,74.0,24.0,70.0,74.0,74.0,74.0,74.0,74.0,75.0,61.0,44.0
2026-09-03 01:00:00+00:00,12.8,96.0,70.0,990.56,0.6,-0.3,0.0,0.0,0.0,14.0,92,12.8,989.5,100,10.8,overcast,13.0,90.0,12.0,0.0,0.0,743.0,2.6,0.0,0.0,13.0,94.0,1016.0,12.1,280.0,3.0,12.177386940828297,0.6226130591717034,10.73387248440504,15.113132856052736,-0.3274065219885447,-0.005000000000052296,990.56,0.0,0.0,0.0,76.0,76.0,20.0,70.0,76.0,76.0,75.0,76.0,76.0,76.0,65.0,45.0
2026-09-03 02:00:00+00:00,12.4,98.0,72.0,990.6,0.3,-0.27,0.0,0.0,0.0,14.0,91,12.5,989.7,100,11.2,cloudy,13.0,86.0,13.0,0.0,0.0,743.0,1.0,0.0,0.0,11.0,100.0,1016.0,11.0,280.0,2.0,12.092454240192282,0.30754575980771826,10.689052832705576,14.669318849601186,-0.3197028729951645,-0.03499999999996817,990.6,0.0,0.0,0.0,80.0,80.0,17.0,72.0,80.0,80.0,79.0,80.0,79.0,79.0,70.0,47.0
2026-09-03 03:00:00+00:00,13.0,97.0,62.0,990.72,0.5,0.2,0.0,0.0,0.0,14.0,88,12.1,989.7,97,7.2,clear,12.0,91.0,11.0,0.0,0.0,743.0,2.3,0.0,0.0,12.6,94.0,1016.7,11.7,320.0,7.0,12.534425895154094,0.46557410484590633,10.980698000035797,15.499690355424736,-0.07851947716289855,0.08000000000004093,990.72,0.0,0.0,0.0,75.0,78.0,12.0,62.0,78.0,78.0,77.0,78.0,78.0,78.0,69.0,52.0
2026-09-03 04:00:00+00:00,12.8,96.0,62.0,990.92,0.6,0.1,0.0,0.0,0.0,13.6,91,12.2,989.7,98,8.6,overcast,12.0,92.0,11.0,0.0,0.0,743.0,2.2,0.0,0.0,12.0,100.0,1017.0,12.0,280.0,2.0,12.177386940828297,0.6226130591717034,10.73387248440504,15.113132856052736,0.15753364968199257,0.15999999999996817,990.92,0.0,0.0,0.0,71.0,76.0,9.0,63.0,76.0,76.0,75.0,76.0,76.0,76.0,69.0,54.0
2026-09-03 05:00:00+00:00,13.5,91.0,43.0,991.16,1.4,0.79,0.0,0.0,0.0,13.8,88,11.9,989.7,100,7.6,overcast,12.0,95.0,12.0,0.0,0.0,744.0,1.0,0.0,0.0,13.0,94.0,1017.0,12.1,310.0,2.0,12.058321044776875,1.441678955223125,10.624154008820721,15.751771279428286,0.48805242518860936,0.2199999999999704,991.16,0.0,0.0,0.0,59.0,71.0,6.0,43.0,71.0,71.0,70.0,71.0,71.0,71.0,62.0,57.0
2026-09-03 06:00:00+00:00,14.3,86.0,33.0,991.42,2.3,0.89,0.0,0.0,0.0,14.6,83,11.8,989.8,95,7.2,cloudy,13.0,88.0,12.0,0.0,0.0,744.0,2.5,0.0,0.0,13.6,88.0,1017.3,11.6,310.0,7.0,11.987898700092899,2.312101299907102,10.545602766552914,16.515677285274347,0.8447441203676994,0.25,991.42,0.0,0.0,0.0,46.0,64.0,4.0,33.0,64.0,64.0,63.0,64.0,63.0,63.0,53.0,55.0
2026-09-03 07:00:00+00:00,17.9,71.0,0.0,991.28,5.3,2.99,0.0,0.0,0.0,15.9,80,12.5,989.9,46,9.0,cloudy,14.0,82.0,13.0,0.0,0.0,744.0,2.5,0.0,0.0,15.0,82.0,1017.0,12.0,280.0,2.0,12.56420204118369,5.335797958816309,10.81691855676054,20.4154233182858,1.947059501796592,0.060000000000002274,991.28,0.0,0.0,0.0,12.0,48.0,3.0,0.0,48.0,48.0,47.0,48.0,47.0,48.0,17.0,70.0
2026-09-03 08:00:00+00:00,20.0,63.0,0.0,991.65,7.3,1.97,0.0,0.0,0.0,17.4,72,12.3,990.1,99,10.1,cloudy,15.0,96.0,16.0,0.0,0.0,743.0,1.0,0.0,0.0,16.0,77.0,1017.0,12.0,250.0,2.0,12.738888826861734,7.261111173138266,10.862982825611965,22.60826966873459,2.4745049366155825,0.11500000000000908,991.65,0.0,0.0,0.0,0.0,34.0,2.0,0.0,34.0,34.0,33.0,34.0,33.0,34.0,0.0,73.0
2026-09-03 09:00:00+00:00,19.1,65.0,22.0,991.4,6.7,-0.59,0.0,0.0,0.0,17.6,71,12.3,990.0,100,11.5,cloudy,17.0,69.0,15.0,0.0,0.0,743.0,3.4,0.0,0.0,16.8,73.0,1017.0,11.9,320.0,11.0,12.363103476159164,6.736896523840837,10.631371459674629,21.509691604519823,0.7005492825122638,0.060000000000002274,991.4,0.0,0.0,0.0,0.0,23.0,1.0,22.0,23.0,23.0,23.0,23.0,23.0,24.0,0.0,65.0
2026-09-03 10:00:00+00:00,23.2,52.0,0.0,991.1,10.4,3.59,0.0,0.0,0.0,17.7,70,12.2,989.6,52,10.8,cloudy,18.0,67.0,17.0,0.0,0.0,743.0,3.1,0.0,0.0,19.0,68.0,1017.0,13.0,250.0,5.0,12.795926285800078,10.40407371419992,10.785856804847919,25.838788199893013,1.5714812705308274,-0.27499999999997726,991.1,0.0,0.0,0.0,0.0,16.0,1.0,0.0,16.0,16.0,16.0,16.0,16.0,16.0,0.0,62.0
2026-09-03 11:00:00+00:00,21.9,48.0,,990.75,11.5,0.85,0.0,0.0,0.0,18.8,63,11.6,989.3,100,11.5,cloudy,18.0,88.0,19.0,0.0,0.0,744.0,2.0,0.0,0.0,19.0,60.0,1016.0,11.1,280.0,5.0,10.388741193038165,11.511258806961834,9.24134519311981,23.334658599548984,2.3871811415604984,-0.32499999999998863,990.75,0.0,0.0,0.0,0.0,12.0,1.0,0.0,12.0,12.0,11.0,12.0,11.0,12.0,0.0,41.0
2026-09-03 12:00:00+00:00,20.5,54.0,28.0,990.23,9.6,-1.7,0.0,0.0,0.0,19.4,60,11.5,989.0,100,11.5,cloudy,20.0,55.0,18.0,0.0,0.0,744.0,3.6,0.0,0.0,18.8,60.0,1015.6,10.9,340.0,7.0,10.868845845514974,9.631154154485026,9.586781110844688,22.1615224769836,-0.3864597798574474,-0.4350000000000023,990.23,0.0,0.0,0.0,4.0,9.0,12.0,28.0,9.0,9.0,9.0,9.0,9.0,10.0,5.0,42.0
2026-09-03 13:00:00+00:00,19.8,58.0,22.0,990.05,8.5,-1.19,0.0,0.0,0.0,19.8,57,11.0,989.1,80,10.8,light-rain,20.0,55.0,18.0,90.0,0.25,744.0,3.6,1.0,0.0,21.0,49.0,1015.0,9.9,270.0,5.0,11.294157259256995,8.505842740743006,9.884493165290515,21.66789059771466,-1.5027080331094143,-0.35000000000002274,990.05,0.0,0.0,0.0,15.0,15.0,45.0,22.0,15.0,15.0,15.0,15.0,15.0,20.0,13.0,20.0
2026-09-03 14:00:00+00:00,19.5,55.0,0.0,989.82,9.3,0.81,0.0,0.0,0.0,19.8,56,10.8,988.3,22,9.7,rain,20.0,74.0,21.0,90.0,0.5,744.0,1.0,1.0,0.0,19.0,60.0,1015.0,11.1,270.0,5.0,10.215056034247434,9.284943965752566,9.209815359363867,20.854149719713234,-0.17310509436622998,-0.20499999999998408,989.82,0.0,0.0,0.0,2.0,11.0,33.0,0.0,11.0,11.0,11.0,11.0,12.0,15.0,9.0,24.0
2026-09-03 15:00:00+00:00,19.2,59.0,20.0,989.49,8.2,-1.09,0.0,0.0,0.0,19.9,55,10.6,988.1,0,8.6,cloudy,20.0,58.0,18.0,0.0,0.0,744.0,3.6,0.0,0.0,19.9,56.0,1014.7,10.9,310.0,7.0,10.989722572840682,8.210277427159317,9.706977781979743,20.91965305611014,-0.14778265679184435,-0.2799999999999727,989.49,0.0,0.0,0.0,1.0,8.0,25.0,20.0,8.0,8.0,9.0,8.0,9.0,12.0,13.0,31.0
2026-09-03 16:00:00+00:00,18.9,59.0,9.0,989.23,8.2,-0.49,0.0,0.0,0.0,19.5,58,11.1,987.5,0,9.0,cloudy,19.0,62.0,17.0,0.0,0.0,744.0,3.3,0.0,0.0,19.0,60.0,1015.0,11.1,250.0,3.0,10.708197838630847,8.191802161369152,9.53695494528685,20.48489941291557,-0.5465709021917071,-0.2950000000000159,989.23,0.0,0.0,0.0,5.0,7.0,22.0,9.0,7.0,7.0,8.0,7.0,9.0,11.0,17.0,34.0
2026-09-03 17:00:00+00:00,18.0,65.0,36.0,989.22,6.7,-1.3,0.0,0.0,0.0,18.3,65,11.6,987.6,0,6.8,cloudy,20.0,54.0,19.0,0.0,0.0,743.0,2.0,0.0,0.0,17.0,72.0,1015.0,11.9,220.0,2.0,11.3187867492801,6.6812132507199,9.961826283840782,19.879998933415347,-0.7645320882197089,-0.1349999999999909,989.22,0.0,0.0,0.0,11.0,11.0,23.0,36.0,11.0,11.0,13.0,11.0,13.0,15.0,21.0,33.0
2026-09-03 18:00:00+00:00,17.3,68.0,30.0,989.45,6.0,-0.69,0.0,0.0,0.0,16.9,75,12.5,987.9,0,6.8,cloudy,17.0,73.0,16.0,0.0,0.0,743.0,1.9,0.0,0.0,12.9,91.0,1015.3,11.5,0.0,0.0,11.33425277692324,5.965747223076761,9.996058772329768,19.18761122621171,-1.1130274691461954,0.11000000000001366,989.45,0.0,0.0,0.0,23.0,23.0,33.0,31.0,23.0,23.0,25.0,23.0,24.0,28.0,27.0,32.0
2026-09-03 19:00:00+00:00,16.3,72.0,46.0,989.29,5.1,-1.09,0.0,0.0,0.0,16.2,80,12.8,988.0,0,9.0,cloudy,16.0,79.0,15.0,0.0,0.0,743.0,1.9,0.0,0.0,12.0,94.0,1015.0,11.1,234.0,1.0,11.239818198757387,5.060181801242614,9.968094947955304,18.14123790231604,-0.810515724738643,0.03499999999996817,989.29,0.0,0.0,0.0,30.0,30.0,31.0,46.0,30.0,30.0,32.0,30.0,32.0,33.0,36.0,31.0
2026-09-03 20:00:00+00:00,15.3,76.0,48.0,989.15,4.2,-0.8,0.0,0.0,0.0,15.8,80,12.4,987.6,0,8.3,cloudy,13.0,59.0,11.0,0.0,0.0,742.0,2.0,0.0,0.0,13.0,88.0,1015.0,11.1,210.0,2.0,11.091406467279432,4.208593532720569,9.904786092204548,17.068872852231895,-0.8785768451780962,-0.1500000000000341,989.15,0.0,0.0,0.0,41.0,41.0,29.0,48.0,41.0,41.0,42.0,41.0,42.0,43.0,45.0,32.0
2026-09-03 21:00:00+00:00,14.9,78.0,48.0,988.86,3.8,-0.59,0.0,0.0,0.0,15.3,79,11.7,987.5,0,11.5,cloudy,14.0,82.0,13.0,0.0,0.0,742.0,2.1,0.0,0.0,10.4,95.0,1015.1,9.6,0.0,0.0,11.095585662289626,3.8044143377103747,9.921288435278296,16.670902043451097,-0.6278837317661196,-0.214999999999975,988.86,0.0,0.0,0.0,43.0,43.0,26.0,48.0,43.0,44.0,44.0,43.0,45.0,46.0,50.0,35.0
2026-09-03 22:00:00+00:00,14.1,81.0,53.0,988.67,3.2,-0.6,0.0,0.0,0.0,15.0,79,11.4,987.3,22,9.7,cloudy,13.0,83.0,12.0,0.0,0.0,742.0,2.2,0.0,0.0,9.0,100.0,1014.0,9.0,208.0,1.0,10.886115984541517,3.2138840154584827,9.81162182560645,15.769802672841388,-0.49735475863104295,-0.2400000000000091,988.67,0.0,0.0,0.0,48.0,48.0,23.0,53.0,48.0,50.0,50.0,48.0,50.0,51.0,56.0,38.0
2026-09-03 23:00:00+00:00,13.7,85.0,61.0,988.33,2.5,-0.69,0.0,0.0,0.0,14.5,80,11.1,986.9,0,9.0,cloudy,11.0,72.0,10.0,0.0,0.0,742.0,0.0,0.0,0.0,10.0,94.0,1014.0,9.1,200.0,2.0,11.22187012285328,2.478129877146719,10.04649868644354,15.532453121036527,-0.663142230281828,-0.26499999999998636,988.33,0.0,0.0,0.0,58.0,58.0,22.0,61.0,58.0,60.0,60.0,58.0,60.0,62.0,67.0,44.0
2026-09-04 00:00:00+00:00,13.5,89.0,67.0,987.86,1.8,-0.69,0.0,0.0,0.0,13.8,81,10.6,986.7,24,8.6,cloudy,11.0,80.0,8.0,0.0,0.0,742.0,2.7,0.0,0.0,9.4,95.0,1014.2,8.6,0.0,0.0,11.720962448859424,1.7790375511405756,10.390656118516972,15.58019388867162,-0.7174232321589535,-0.4049999999999727,987.86,0.0,0.0,0.0,67.0,67.0,22.0,67.0,67.0,68.0,68.0,67.0,69.0,72.0,79.0,49.0
2026-09-04 01:00:00+00:00,13.1,91.0,69.0,987.36,1.4,-0.59,0.0,0.0,0.0,13.3,81,10.1,986.0,97,9.0,cloudy,12.0,83.0,10.0,0.0,0.0,742.0,2.7,0.0,0.0,11.0,100.0,1013.0,11.0,190.0,2.0,11.662799318651702,1.4372006813482976,10.36532369230868,15.15095087815379,-0.5204645978992105,-0.48500000000001364,987.36,0.0,0.0,0.0,69.0,69.0,20.0,68.0,69.0,70.0,70.0,69.0,71.0,73.0,89.0,53.0
2026-09-04 02:00:00+00:00,12.8,92.0,66.0,986.85,1.3,-0.36,0.0,0.0,0.0,13.2,80,9.8,985.7,79,10.1,overcast,10.0,84.0,9.0,0.0,0.0,742.0,0.0,0.0,0.0,10.0,100.0,1013.0,10.0,190.0,2.0,11.531489321680862,1.2685106783191387,10.286627797554829,14.785293987050538,-0.25526343641071847,-0.5049999999999955,986.85,0.0,0.0,0.0,68.0,69.0,16.0,66.0,72.0,74.0,70.0,69.0,71.0,72.0,97.0,56.0
2026-09-04 03:00:00+00:00,12.5,93.0,64.0,986.42,1.1,-0.2,0.0,0.0,0.0,12.9,79,9.3,985.2,9,10.4,cloudy,12.0,83.0,10.0,0.0,0.0,742.0,2.9,0.0,0.0,9.8,96.0,1012.6,9.2,210.0,4.0,11.39783218644488,1.1021678135551198,10.206864945141914,14.418976856080167,-0.1675164338965889,-0.4700000000000273,986.42,0.0,0.0,0.0,69.0,69.0,13.0,64.0,71.0,73.0,71.0,69.0,74.0,74.0,100.0,56.0
2026-09-04 04:00:00+00:00,12.7,93.0,59.0,985.98,1.1,0.09,0.0,0.0,0.0,12.5,80,9.1,984.1,61,10.8,cloudy,12.0,84.0,10.0,0.0,0.0,742.0,3.0,0.0,0.0,11.0,100.0,1012.0,11.0,200.0,3.0,11.596110538461303,1.1038894615386958,10.334236378470047,14.717542851455635,-0.08231060839022142,-0.4350000000000023,985.98,0.0,0.0,0.0,68.0,69.0,10.0,59.0,70.0,72.0,71.0,69.0,75.0,75.0,100.0,61.0
2026-09-04 05:00:00+00:00,13.9,85.0,22.0,985.62,2.5,1.39,0.0,0.0,0.0,13.4,75,9.0,984.3,100,10.1,cloudy,10.0,91.0,10.0,0.0,0.0,742.0,0.0,0.0,0.0,13.0,94.0,1011.0,12.1,200.0,4.0,11.418027555804496,2.4819724441955042,10.17065674222298,15.828964182826539,0.6899023153201922,-0.39999999999997726,985.62,0.0,0.0,0.0,45.0,62.0,7.0,22.0,63.0,65.0,64.0,62.0,68.0,68.0,100.0,66.0
2026-09-04 06:00:00+00:00,14.0,85.0,48.0,985.27,2.5,0.01,0.0,0.0,0.0,14.3,72,9.4,983.7,100,11.5,cloudy,13.0,78.0,11.0,0.0,0.0,742.0,3.0,0.0,0.0,13.4,92.0,1011.1,12.1,210.0,7.0,11.516105166783243,2.483894833216757,10.233234361757164,15.977634465604964,0.6900026858390307,-0.3550000000000182,985.27,0.0,0.0,0.0,45.0,57.0,5.0,48.0,57.0,60.0,59.0,57.0,63.0,63.0,100.0,69.0
2026-09-04 07:00:00+00:00,17.4,74.0,1.0,984.62,4.7,2.19,0.0,0.0,0.0,15.2,71,10.0,983.2,100,12.2,overcast,14.0,76.0,12.0,0.0,0.0,742.0,3.5,0.0,0.0,15.0,88.0,1011.0,13.0,190.0,5.0,12.715180692848037,4.684819307151962,10.943198728247678,19.99561384364793,1.1014234314782287,-0.5,984.62,0.0,1.0,1.0,19.0,45.0,3.0,1.0,47.0,50.0,48.0,45.0,52.0,53.0,98.0,80.0
2026-09-04 08:00:00+00:00,18.1,68.0,0.0,984.02,6.0,1.26,0.0,0.0,0.0,16.8,63,9.7,982.9,100,13.7,cloudy,14.0,94.0,15.0,0.0,0.0,741.0,0.0,0.0,0.0,18.0,73.0,1010.0,13.1,200.0,6.0,12.097965777982894,6.002034222017107,10.483658799826763,20.372155537319905,1.759069694400175,-0.625,984.02,0.0,1.0,1.0,4.0,33.0,2.0,0.0,36.0,39.0,36.0,34.0,39.0,41.0,92.0,77.0
2026-09-04 09:00:00+00:00,19.8,61.0,0.0,983.67,7.7,1.66,0.0,0.0,0.0,17.7,60,9.8,982.5,100,17.3,cloudy,18.0,71.0,15.0,0.0,0.0,741.0,5.7,0.0,1.4,19.2,65.0,1008.8,12.5,240.0,14.0,12.05844163913787,7.741558360862131,10.39576005315037,22.05183321483783,1.5283695268550843,-0.4750000000000227,983.67,0.0,1.0,1.0,0.0,23.0,2.0,0.0,25.0,27.0,25.0,24.0,28.0,29.0,86.0,81.0
2026-09-04 10:00:00+00:00,17.3,78.0,64.0,983.34,3.9,-3.84,1.3,1.3,0.0,16.3,78,12.5,982.1,100,18.4,cloudy,18.0,71.0,16.0,0.0,0.0,741.0,5.2,0.0,0.5,20.0,60.0,1009.0,12.0,220.0,7.0,13.425013639786771,3.8749863602132297,11.46606741531944,20.282112877125197,-1.0635239309019386,-0.339999999999975,983.34,1.0,1.0,,46.0,46.0,32.0,64.0,46.0,49.0,50.0,46.0,54.0,58.0,100.0,60.0
2026-09-04 11:00:00+00:00,16.7,84.0,69.0,983.27,2.7,-1.2,0.9,0.9,0.0,16.0,83,13.1,981.6,100,13.7,light-rain,20.0,89.0,22.0,90.0,0.25,739.0,1.0,1.0,0.5,16.0,88.0,1009.0,14.0,200.0,5.0,13.981180062043729,2.7188199379562707,11.91241625208666,19.996121799933984,-2.51136921145293,-0.19999999999998863,983.27,1.0,1.0,,64.0,64.0,75.0,69.0,64.0,67.0,68.0,64.0,72.0,78.0,100.0,55.0
2026-09-04 12:00:00+00:00,15.8,93.0,88.0,983.03,1.1,-1.71,1.7,1.7,0.0,15.7,90,14.1,981.2,100,16.2,rain,19.0,72.0,16.0,90.0,0.5,739.0,6.1,1.0,0.5,15.5,92.0,1008.4,14.2,240.0,11.0,14.669253932210571,1.1307460677894294,12.492940815512386,19.498638581544995,-1.3721201462119001,-0.15500000000002956,983.03,1.0,1.0,,81.0,81.0,65.0,88.0,81.0,84.0,84.0,81.0,88.0,93.0,100.0,45.0
2026-09-04 13:00:00+00:00,16.5,90.0,47.0,982.36,1.6,0.49,0.3,0.3,0.0,15.8,88,13.8,980.2,100,16.9,rain,16.0,80.0,13.0,90.0,0.5,739.0,5.2,1.0,0.4,16.0,88.0,1008.0,14.0,230.0,5.0,14.852735832773874,1.6472641672261261,12.610920286757215,20.308656324035077,-0.5357778853650723,-0.4549999999999841,982.36,1.0,1.0,,67.0,77.0,50.0,46.0,77.0,80.0,80.0,78.0,83.0,88.0,100.0,63.0
2026-09-04 14:00:00+00:00,17.2,86.0,34.0,981.97,2.4,0.79,0.0,0.0,0.0,15.9,87,13.7,980.5,100,17.3,rain,16.0,66.0,14.0,90.0,0.5,738.0,3.0,1.0,0.4,16.0,94.0,1007.0,15.0,220.0,5.0,14.835749906784546,2.3642500932154533,12.566768247620107,20.998423279958033,0.616752012713012,-0.5299999999999727,981.97,0.0,1.0,0.0,47.0,68.0,35.0,35.0,69.0,73.0,71.0,70.0,74.0,78.0,100.0,69.0
2026-09-04 15:00:00+00:00,17.1,85.0,35.0,981.42,2.5,0.7,0.3,0.3,0.0,16.0,91,14.5,980.4,100,14.4,overcast,16.0,85.0,14.0,0.0,0.0,738.0,4.2,0.0,0.5,16.6,86.0,1006.6,14.2,240.0,11.0,14.556145602853888,2.543854397146113,12.34659747300618,20.73138557285646,0.44829511495999336,-0.4700000000000273,981.42,1.0,1.0,,46.0,61.0,25.0,35.0,62.0,67.0,65.0,63.0,68.0,70.0,100.0,74.0
2026-09-04 16:00:00+00:00,16.6,87.0,55.0,980.86,2.2,-0.25,0.1,0.1,0.0,16.1,89,14.3,979.7,100,15.1,overcast,15.0,84.0,13.0,0.0,0.0,738.0,3.9,0.0,0.6,16.0,94.0,1006.0,15.0,200.0,5.0,14.425469241222702,2.1745307587772995,12.264016084037353,20.15422245419625,-0.09485966721907692,-0.5550000000000068,980.86,1.0,1.0,,56.0,60.0,18.0,56.0,62.0,67.0,63.0,61.0,67.0,69.0,100.0,70.0
2026-09-04 17:00:00+00:00,16.4,89.0,66.0,980.76,1.8,-0.61,0.4,0.4,0.0,15.6,93,14.5,978.9,100,14.0,overcast,17.0,93.0,18.0,0.0,0.0,738.0,2.0,0.0,1.3,16.0,88.0,1006.0,14.0,200.0,5.0,14.580668847151767,1.8193311528482319,12.396041328099201,20.045930213747802,-0.36226162214894053,-0.3299999999999841,980.76,1.0,1.0,,63.0,63.0,16.0,65.0,63.0,69.0,66.0,63.0,72.0,72.0,100.0,66.0
2026-09-04 18:00:00+00:00,16.2,92.0,66.0,980.1,1.3,-0.36,0.0,0.0,0.0,15.6,93,14.5,978.5,100,13.0,overcast,15.0,88.0,13.0,0.0,0.0,738.0,3.7,0.0,1.9,16.0,94.0,1005.0,15.0,190.0,5.0,14.897645841085742,1.302354158914257,12.66053558877403,20.03575947293879,-0.43608829993152126,-0.37999999999999545,980.1,0.0,1.0,0.0,69.0,69.0,15.0,65.0,69.0,75.0,73.0,69.0,78.0,80.0,100.0,68.0
2026-09-04 19:00:00+00:00,15.5,95.0,72.0,979.15,0.8,-0.49,1.8,1.8,0.0,15.5,96,14.8,977.5,100,10.8,light-rain,15.0,90.0,13.0,90.0,0.25,738.0,3.7,1.0,1.1,15.2,95.0,1004.1,14.4,204.0,9.3,14.701609382771904,0.7983906172280957,12.532032092368826,19.217956279433714,-0.510470267810068,-0.8050000000000068,979.15,1.0,1.0,,76.0,76.0,15.0,72.0,83.0,89.0,80.0,76.0,85.0,86.0,100.0,70.0
2026-09-04 20:00:00+00:00,15.6,98.0,77.0,977.63,0.3,-0.51,2.3,2.3,0.0,15.6,94,14.7,976.3,100,15.5,light-rain,16.0,86.0,16.0,90.0,0.25,736.0,2.0,1.0,1.2,15.4,94.0,1002.7,14.4,197.0,11.1,15.28470767068595,0.31529232931404927,13.006307316190313,19.672225761232113,-0.4935309148001039,-1.2350000000000136,977.63,1.0,1.0,,81.0,81.0,15.0,77.0,92.0,98.0,86.0,86.0,90.0,92.0,100.0,75.0
2026-09-04 21:00:00+00:00,15.8,99.0,83.0,975.28,0.2,-0.8,0.9,0.9,0.0,15.5,95,14.7,974.9,100,13.7,light-rain,15.0,89.0,13.0,90.0,0.25,736.0,4.4,1.0,1.2,15.6,93.0,1001.2,14.5,190.0,11.1,15.64281125633891,0.15718874366109148,13.298936997158345,20.095647522289827,-0.3206009367835021,-1.9350000000000023,975.28,1.0,1.0,,81.0,81.0,13.0,84.0,94.0,100.0,87.0,85.0,91.0,95.0,100.0,81.0
2026-09-04 22:00:00+00:00,15.3,,,972.25,,,4.8,4.8,0.0,15.4,94,14.4,971.5,100,22.3,rain,15.0,91.0,12.0,90.0,0.5,736.0,5.4,1.0,1.3,15.6,93.0,999.7,14.5,202.0,11.1,,,,,,-2.689999999999998,972.25,1.0,1.0,,,80.0,9.0,,93.0,99.0,87.0,84.0,92.0,95.0,100.0,85.0
2026-09-04 23:00:00+00:00,15.3,,,971.48,,,2.5,2.5,0.0,15.7,92,14.4,970.1,100,26.3,heavy-rain,16.0,92.0,16.0,90.0,0.75,736.0,2.0,1.0,1.3,15.7,92.0,998.2,14.4,214.0,11.1,,,,,,-1.8999999999999773,971.48,1.0,,,,80.0,7.0,,92.0,98.0,87.0,82.0,95.0,95.0,100.0,86.0
2026-09-05 00:00:00+00:00,,,,,,,,,,15.7,92,14.4,970.1,100,26.3,heavy-rain,16.0,92.0,16.0,90.0,0.75,736.0,2.0,1.0,,15.7,92.0,998.2,14.4,214.0,11.1,,,,,,,,,,,,79.0,5.0,,88.0,94.0,88.0,81.0,96.0,96.0,100.0,85.0
