entity_id,state,last_changed
sensor.datchik_klimata_temperatura,30.062479686190475,2026-07-01T15:00:00+00:00
sensor.datchik_klimata_vlazhnost,43.8560466,2026-07-01T15:00:00+00:00
sensor.datchik_klimata_temperatura,29.605436398888887,2026-07-01T16:00:00+00:00
sensor.datchik_klimata_vlazhnost,45.34179104972222,2026-07-01T16:00:00+00:00
sensor.outside_dew_point_spread_trend,-0.14914483793939395,2026-07-01T16:00:00+00:00
sensor.datchik_klimata_temperatura,28.691358620944445,2026-07-01T17:00:00+00:00
sensor.datchik_klimata_vlazhnost,48.13928529138889,2026-07-01T17:00:00+00:00
sensor.outside_dew_point_spread_trend,-0.7238937255416666,2026-07-01T17:00:00+00:00
sensor.datchik_klimata_temperatura,27.89835419797222,2026-07-01T18:00:00+00:00
sensor.datchik_klimata_vlazhnost,50.85033247527778,2026-07-01T18:00:00+00:00
sensor.outside_dew_point_spread_trend,-0.862601847775,2026-07-01T18:00:00+00:00
sensor.datchik_klimata_temperatura,27.319780424361113,2026-07-01T19:00:00+00:00
sensor.datchik_klimata_vlazhnost,52.11386695722222,2026-07-01T19:00:00+00:00
sensor.outside_dew_point_spread_trend,-0.6455923268416667,2026-07-01T19:00:00+00:00
sensor.datchik_klimata_temperatura,26.868017043305557,2026-07-01T20:00:00+00:00
sensor.datchik_klimata_vlazhnost,53.508518344722226,2026-07-01T20:00:00+00:00
sensor.outside_dew_point_spread_trend,-0.3610220831666666,2026-07-01T20:00:00+00:00
sensor.datchik_klimata_temperatura,25.54698317722222,2026-07-01T21:00:00+00:00
sensor.datchik_klimata_vlazhnost,57.19001108472222,2026-07-01T21:00:00+00:00
sensor.outside_dew_point_spread_trend,-1.0389294600111112,2026-07-01T21:00:00+00:00
sensor.datchik_klimata_temperatura,23.29592513297222,2026-07-01T22:00:00+00:00
sensor.datchik_klimata_vlazhnost,67.60052468777778,2026-07-01T22:00:00+00:00
sensor.outside_dew_point_spread_trend,-2.7637634447166666,2026-07-01T22:00:00+00:00
sensor.datchik_klimata_temperatura,21.825402978166668,2026-07-01T23:00:00+00:00
sensor.datchik_klimata_vlazhnost,76.9323323936111,2026-07-01T23:00:00+00:00
sensor.outside_dew_point_spread_trend,-2.2337802744166666,2026-07-01T23:00:00+00:00
sensor.datchik_klimata_temperatura,20.88119915961111,2026-07-02T00:00:00+00:00
sensor.datchik_klimata_vlazhnost,79.60306404583334,2026-07-02T00:00:00+00:00
sensor.outside_dew_point_spread_trend,-0.6389275294666666,2026-07-02T00:00:00+00:00
sensor.datchik_klimata_temperatura,21.35155900636111,2026-07-02T01:00:00+00:00
sensor.datchik_klimata_vlazhnost,74.88092674333333,2026-07-02T01:00:00+00:00
sensor.outside_dew_point_spread_trend,0.9597468780944444,2026-07-02T01:00:00+00:00
sensor.datchik_klimata_temperatura,21.721183078833334,2026-07-02T02:00:00+00:00
sensor.datchik_klimata_vlazhnost,71.45902634138889,2026-07-02T02:00:00+00:00
sensor.outside_dew_point_spread_trend,0.7223912830972222,2026-07-02T02:00:00+00:00
sensor.datchik_klimata_temperatura,22.12107013852778,2026-07-02T03:00:00+00:00
sensor.datchik_klimata_vlazhnost,70.95454675500001,2026-07-02T03:00:00+00:00
sensor.outside_dew_point_spread_trend,0.15597566401944443,2026-07-02T03:00:00+00:00
sensor.datchik_klimata_temperatura,22.21185937588889,2026-07-02T04:00:00+00:00
sensor.datchik_klimata_vlazhnost,72.30980443444444,2026-07-02T04:00:00+00:00
sensor.outside_dew_point_spread_trend,-0.11949169300833334,2026-07-02T04:00:00+00:00
sensor.datchik_klimata_temperatura,22.621075721555556,2026-07-02T05:00:00+00:00
sensor.datchik_klimata_vlazhnost,71.48844126027778,2026-07-02T05:00:00+00:00
sensor.outside_dew_point_spread_trend,0.19799167317222224,2026-07-02T05:00:00+00:00
sensor.datchik_klimata_temperatura,22.650095774500002,2026-07-02T06:00:00+00:00
sensor.datchik_klimata_vlazhnost,72.07143332666666,2026-07-02T06:00:00+00:00
sensor.outside_dew_point_spread_trend,-0.12560668291944446,2026-07-02T06:00:00+00:00
sensor.datchik_klimata_temperatura,24.61702174836111,2026-07-02T07:00:00+00:00
sensor.datchik_klimata_vlazhnost,66.27666726194444,2026-07-02T07:00:00+00:00
sensor.outside_dew_point_spread_trend,1.4176471074972223,2026-07-02T07:00:00+00:00
sensor.datchik_klimata_temperatura,27.601664086333333,2026-07-02T08:00:00+00:00
sensor.datchik_klimata_vlazhnost,58.08443850722222,2026-07-02T08:00:00+00:00
sensor.outside_dew_point_spread_trend,2.489288496797222,2026-07-02T08:00:00+00:00
sensor.datchik_klimata_temperatura,26.392508647444444,2026-07-02T09:00:00+00:00
sensor.datchik_klimata_vlazhnost,61.170689949444444,2026-07-02T09:00:00+00:00
sensor.outside_dew_point_spread_trend,-0.7865986158222222,2026-07-02T09:00:00+00:00
sensor.datchik_klimata_temperatura,26.792795233388887,2026-07-02T10:00:00+00:00
sensor.datchik_klimata_vlazhnost,58.645587119999995,2026-07-02T10:00:00+00:00
sensor.outside_dew_point_spread_trend,0.37930866764444443,2026-07-02T10:00:00+00:00
sensor.datchik_klimata_temperatura,26.90440194830556,2026-07-02T11:00:00+00:00
sensor.datchik_klimata_vlazhnost,59.7403226525,2026-07-02T11:00:00+00:00
sensor.outside_dew_point_spread_trend,-0.3021929399166667,2026-07-02T11:00:00+00:00
sensor.datchik_klimata_temperatura,26.36625579097222,2026-07-02T12:00:00+00:00
sensor.datchik_klimata_vlazhnost,60.73129999694444,2026-07-02T12:00:00+00:00
sensor.outside_dew_point_spread_trend,-0.42666058143888885,2026-07-02T12:00:00+00:00
sensor.datchik_klimata_temperatura,25.910977578277777,2026-07-02T13:00:00+00:00
sensor.datchik_klimata_vlazhnost,60.59633282638888,2026-07-02T13:00:00+00:00
sensor.outside_dew_point_spread_trend,-0.18500604679166666,2026-07-02T13:00:00+00:00
sensor.datchik_klimata_temperatura,25.39426427663889,2026-07-02T14:00:00+00:00
sensor.datchik_klimata_vlazhnost,60.81390937055556,2026-07-02T14:00:00+00:00
sensor.outside_dew_point_spread_trend,-0.1615393476111111,2026-07-02T14:00:00+00:00
sensor.datchik_klimata_temperatura,23.931548808583333,2026-07-02T15:00:00+00:00
sensor.datchik_klimata_vlazhnost,65.015609185,2026-07-02T15:00:00+00:00
sensor.outside_dew_point_spread_trend,-1.0534826220444444,2026-07-02T15:00:00+00:00
sensor.datchik_klimata_temperatura,22.328272287694446,2026-07-02T16:00:00+00:00
sensor.datchik_klimata_vlazhnost,65.20197178611112,2026-07-02T16:00:00+00:00
sensor.outside_dew_point_spread_trend,-0.25190512325833336,2026-07-02T16:00:00+00:00
sensor.datchik_klimata_temperatura,21.367939964555557,2026-07-02T17:00:00+00:00
sensor.datchik_klimata_vlazhnost,66.65872083250001,2026-07-02T17:00:00+00:00
sensor.outside_dew_point_spread_trend,-0.387339591125,2026-07-02T17:00:00+00:00
sensor.datchik_klimata_temperatura,20.653869733138887,2026-07-02T18:00:00+00:00
sensor.datchik_klimata_vlazhnost,68.27513516361111,2026-07-02T18:00:00+00:00
sensor.outside_dew_point_spread_trend,-0.5624329597222222,2026-07-02T18:00:00+00:00
sensor.datchik_klimata_temperatura,20.10328293375,2026-07-02T19:00:00+00:00
sensor.datchik_klimata_vlazhnost,70.93699226916667,2026-07-02T19:00:00+00:00
sensor.outside_dew_point_spread_trend,-0.5418445105999999,2026-07-02T19:00:00+00:00
sensor.datchik_klimata_temperatura,19.648233672805556,2026-07-02T20:00:00+00:00
sensor.datchik_klimata_vlazhnost,74.05564441111112,2026-07-02T20:00:00+00:00
sensor.outside_dew_point_spread_trend,-0.8327188981777778,2026-07-02T20:00:00+00:00
sensor.datchik_klimata_temperatura,19.470489149722223,2026-07-02T21:00:00+00:00
sensor.datchik_klimata_vlazhnost,74.79819346805556,2026-07-02T21:00:00+00:00
sensor.outside_dew_point_spread_trend,-0.10823635783055556,2026-07-02T21:00:00+00:00
sensor.datchik_klimata_temperatura,19.314055224916668,2026-07-02T22:00:00+00:00
sensor.datchik_klimata_vlazhnost,76.1237186125,2026-07-02T22:00:00+00:00
sensor.outside_dew_point_spread_trend,-0.31145817940277776,2026-07-02T22:00:00+00:00
sensor.datchik_klimata_temperatura,19.04444341397222,2026-07-02T23:00:00+00:00
sensor.datchik_klimata_vlazhnost,77.59631250638888,2026-07-02T23:00:00+00:00
sensor.outside_dew_point_spread_trend,-0.2764977264055556,2026-07-02T23:00:00+00:00
sensor.datchik_klimata_temperatura,18.66461214988889,2026-07-03T00:00:00+00:00
sensor.datchik_klimata_vlazhnost,78.60535321944444,2026-07-03T00:00:00+00:00
sensor.outside_dew_point_spread_trend,-0.25428015666666665,2026-07-03T00:00:00+00:00
sensor.datchik_klimata_temperatura,18.15140952625,2026-07-03T01:00:00+00:00
sensor.datchik_klimata_vlazhnost,79.67440042666666,2026-07-03T01:00:00+00:00
sensor.outside_dew_point_spread_trend,-0.20368814201388888,2026-07-03T01:00:00+00:00
sensor.datchik_klimata_temperatura,17.50904680611111,2026-07-03T02:00:00+00:00
sensor.datchik_klimata_vlazhnost,82.996639605,2026-07-03T02:00:00+00:00
sensor.outside_dew_point_spread_trend,-0.9860024042416667,2026-07-03T02:00:00+00:00
sensor.datchik_klimata_temperatura,19.23877277963889,2026-07-03T03:00:00+00:00
sensor.datchik_klimata_vlazhnost,76.07398469194443,2026-07-03T03:00:00+00:00
sensor.outside_dew_point_spread_trend,1.3795164860861113,2026-07-03T03:00:00+00:00
sensor.datchik_klimata_temperatura,24.483261070805554,2026-07-03T04:00:00+00:00
sensor.datchik_klimata_vlazhnost,56.23441968444445,2026-07-03T04:00:00+00:00
sensor.outside_dew_point_spread_trend,4.947368699327778,2026-07-03T04:00:00+00:00
sensor.datchik_klimata_temperatura,27.801953861527778,2026-07-03T05:00:00+00:00
sensor.datchik_klimata_vlazhnost,44.867510752777775,2026-07-03T05:00:00+00:00
sensor.outside_dew_point_spread_trend,3.8158809963499998,2026-07-03T05:00:00+00:00
sensor.datchik_klimata_temperatura,29.593380847555554,2026-07-03T06:00:00+00:00
sensor.datchik_klimata_vlazhnost,38.64157420027778,2026-07-03T06:00:00+00:00
sensor.outside_dew_point_spread_trend,2.4082138695916666,2026-07-03T06:00:00+00:00
sensor.datchik_klimata_temperatura,29.972109342583334,2026-07-03T07:00:00+00:00
sensor.datchik_klimata_vlazhnost,35.99972912027778,2026-07-03T07:00:00+00:00
sensor.outside_dew_point_spread_trend,1.1299524968583334,2026-07-03T07:00:00+00:00
sensor.datchik_klimata_temperatura,29.499763232888892,2026-07-03T08:00:00+00:00
sensor.datchik_klimata_vlazhnost,37.05756186031499,2026-07-03T08:00:00+00:00
sensor.outside_dew_point_spread_trend,-0.2628997317416667,2026-07-03T08:00:00+00:00
sensor.datchik_klimata_temperatura,28.854101918222224,2026-07-03T09:00:00+00:00
sensor.datchik_klimata_vlazhnost,39.20717206944445,2026-07-03T09:00:00+00:00
sensor.outside_dew_point_spread_trend,0.0017914146944444317,2026-07-03T09:00:00+00:00
sensor.datchik_klimata_temperatura,26.870547328777775,2026-07-03T10:00:00+00:00
sensor.datchik_klimata_vlazhnost,41.322678019722225,2026-07-03T10:00:00+00:00
sensor.outside_dew_point_spread_trend,-0.4479999722055555,2026-07-03T10:00:00+00:00
sensor.datchik_klimata_temperatura,24.32757647077778,2026-07-03T11:00:00+00:00
sensor.datchik_klimata_vlazhnost,52.25145355888889,2026-07-03T11:00:00+00:00
sensor.outside_dew_point_spread_trend,-3.7250689947944444,2026-07-03T11:00:00+00:00
sensor.datchik_klimata_temperatura,21.320823446972224,2026-07-03T12:00:00+00:00
sensor.datchik_klimata_vlazhnost,65.72400279111112,2026-07-03T12:00:00+00:00
sensor.outside_dew_point_spread_trend,-4.054644286825,2026-07-03T12:00:00+00:00
sensor.datchik_klimata_temperatura,20.100981235305554,2026-07-03T13:00:00+00:00
sensor.datchik_klimata_vlazhnost,71.86639339833333,2026-07-03T13:00:00+00:00
sensor.outside_dew_point_spread_trend,-1.7839091866166668,2026-07-03T13:00:00+00:00
sensor.datchik_klimata_temperatura,20.107166865722224,2026-07-03T14:00:00+00:00
sensor.datchik_klimata_vlazhnost,73.13847601083333,2026-07-03T14:00:00+00:00
sensor.outside_dew_point_spread_trend,-0.2571150075138889,2026-07-03T14:00:00+00:00
sensor.datchik_klimata_temperatura,19.689495617833334,2026-07-03T15:00:00+00:00
sensor.datchik_klimata_vlazhnost,71.36046554083333,2026-07-03T15:00:00+00:00
sensor.outside_dew_point_spread_trend,0.3816666778944445,2026-07-03T15:00:00+00:00
sensor.datchik_klimata_temperatura,19.59093035488889,2026-07-03T16:00:00+00:00
sensor.datchik_klimata_vlazhnost,66.91755128999999,2026-07-03T16:00:00+00:00
sensor.outside_dew_point_spread_trend,0.8911091304833333,2026-07-03T16:00:00+00:00
sensor.datchik_klimata_temperatura,19.29542680566667,2026-07-03T17:00:00+00:00
sensor.datchik_klimata_vlazhnost,68.10163729138888,2026-07-03T17:00:00+00:00
sensor.outside_dew_point_spread_trend,-0.2025392343638889,2026-07-03T17:00:00+00:00
sensor.datchik_klimata_temperatura,19.06684793447222,2026-07-03T18:00:00+00:00
sensor.datchik_klimata_vlazhnost,69.201960555,2026-07-03T18:00:00+00:00
sensor.outside_dew_point_spread_trend,-0.4301781957722222,2026-07-03T18:00:00+00:00
sensor.datchik_klimata_temperatura,18.813557766944445,2026-07-03T19:00:00+00:00
sensor.datchik_klimata_vlazhnost,68.79830379611111,2026-07-03T19:00:00+00:00
sensor.outside_dew_point_spread_trend,0.16385411219444446,2026-07-03T19:00:00+00:00
sensor.datchik_klimata_temperatura,17.95881124813889,2026-07-03T20:00:00+00:00
sensor.datchik_klimata_vlazhnost,66.77335490333333,2026-07-03T20:00:00+00:00
sensor.outside_dew_point_spread_trend,0.42603866441944443,2026-07-03T20:00:00+00:00
sensor.datchik_klimata_temperatura,16.573317835805558,2026-07-03T21:00:00+00:00
sensor.datchik_klimata_vlazhnost,65.3898929413889,2026-07-03T21:00:00+00:00
sensor.outside_dew_point_spread_trend,0.23514508626944444,2026-07-03T21:00:00+00:00
sensor.datchik_klimata_temperatura,15.481203412111112,2026-07-03T22:00:00+00:00
sensor.datchik_klimata_vlazhnost,69.15679538305555,2026-07-03T22:00:00+00:00
sensor.outside_dew_point_spread_trend,-0.8954066900500001,2026-07-03T22:00:00+00:00
sensor.datchik_klimata_temperatura,15.105365941055554,2026-07-03T23:00:00+00:00
sensor.datchik_klimata_vlazhnost,70.74987815916667,2026-07-03T23:00:00+00:00
sensor.outside_dew_point_spread_trend,-0.42762757567500004,2026-07-03T23:00:00+00:00
sensor.datchik_klimata_temperatura,14.451533453138888,2026-07-04T00:00:00+00:00
sensor.datchik_klimata_vlazhnost,74.14431262916666,2026-07-04T00:00:00+00:00
sensor.outside_dew_point_spread_trend,-0.6761501371555556,2026-07-04T00:00:00+00:00
sensor.datchik_klimata_temperatura,14.011536915527778,2026-07-04T01:00:00+00:00
sensor.datchik_klimata_vlazhnost,75.76509877222223,2026-07-04T01:00:00+00:00
sensor.outside_dew_point_spread_trend,-0.4892629144277778,2026-07-04T01:00:00+00:00
sensor.datchik_klimata_temperatura,13.88414217988889,2026-07-04T02:00:00+00:00
sensor.datchik_klimata_vlazhnost,75.6469927361111,2026-07-04T02:00:00+00:00
sensor.outside_dew_point_spread_trend,-0.1428252096777778,2026-07-04T02:00:00+00:00
sensor.datchik_klimata_temperatura,14.673925571277778,2026-07-04T03:00:00+00:00
sensor.datchik_klimata_vlazhnost,73.01801059888889,2026-07-04T03:00:00+00:00
sensor.outside_dew_point_spread_trend,0.46862181726944446,2026-07-04T03:00:00+00:00
sensor.datchik_klimata_temperatura,15.40057348925,2026-07-04T04:00:00+00:00
sensor.datchik_klimata_vlazhnost,70.59857418166666,2026-07-04T04:00:00+00:00
sensor.outside_dew_point_spread_trend,0.5231418437472223,2026-07-04T04:00:00+00:00
sensor.datchik_klimata_temperatura,15.967300851111112,2026-07-04T05:00:00+00:00
sensor.datchik_klimata_vlazhnost,68.32677269638889,2026-07-04T05:00:00+00:00
sensor.outside_dew_point_spread_trend,0.5368109657277778,2026-07-04T05:00:00+00:00
sensor.datchik_klimata_temperatura,15.95084089961111,2026-07-04T06:00:00+00:00
sensor.datchik_klimata_vlazhnost,69.00000490194445,2026-07-04T06:00:00+00:00
sensor.outside_dew_point_spread_trend,-0.04511840450277777,2026-07-04T06:00:00+00:00
sensor.datchik_klimata_temperatura,16.355888815944443,2026-07-04T07:00:00+00:00
sensor.datchik_klimata_vlazhnost,67.77632505888889,2026-07-04T07:00:00+00:00
sensor.outside_dew_point_spread_trend,0.3404247141444445,2026-07-04T07:00:00+00:00
sensor.datchik_klimata_temperatura,16.470413641416666,2026-07-04T08:00:00+00:00
sensor.datchik_klimata_vlazhnost,67.70393673527778,2026-07-04T08:00:00+00:00
sensor.outside_dew_point_spread_trend,-0.0017545239611111106,2026-07-04T08:00:00+00:00
sensor.datchik_klimata_temperatura,17.11129457061111,2026-07-04T09:00:00+00:00
sensor.datchik_klimata_vlazhnost,66.63105533472222,2026-07-04T09:00:00+00:00
sensor.outside_dew_point_spread_trend,0.30158597318333336,2026-07-04T09:00:00+00:00
sensor.datchik_klimata_temperatura,18.41883198172222,2026-07-04T10:00:00+00:00
sensor.datchik_klimata_vlazhnost,62.22405302611111,2026-07-04T10:00:00+00:00
sensor.outside_dew_point_spread_trend,0.9687675098833334,2026-07-04T10:00:00+00:00
sensor.datchik_klimata_temperatura,17.962638072111112,2026-07-04T11:00:00+00:00
sensor.datchik_klimata_vlazhnost,70.47001716222222,2026-07-04T11:00:00+00:00
sensor.outside_dew_point_spread_trend,-1.8271346329694442,2026-07-04T11:00:00+00:00
sensor.datchik_klimata_temperatura,16.297109596305557,2026-07-04T12:00:00+00:00
sensor.datchik_klimata_vlazhnost,83.19151703027778,2026-07-04T12:00:00+00:00
sensor.outside_dew_point_spread_trend,-2.9234632633527777,2026-07-04T12:00:00+00:00
sensor.datchik_klimata_temperatura,17.691668686694445,2026-07-04T13:00:00+00:00
sensor.datchik_klimata_vlazhnost,75.18979612944445,2026-07-04T13:00:00+00:00
sensor.outside_dew_point_spread_trend,1.7121516184,2026-07-04T13:00:00+00:00
sensor.datchik_klimata_temperatura,17.612018640555554,2026-07-04T14:00:00+00:00
sensor.datchik_klimata_vlazhnost,74.42038748361111,2026-07-04T14:00:00+00:00
sensor.outside_dew_point_spread_trend,0.11373566789444443,2026-07-04T14:00:00+00:00
sensor.datchik_klimata_temperatura,16.566726094611113,2026-07-04T15:00:00+00:00
sensor.datchik_klimata_vlazhnost,82.03421257416666,2026-07-04T15:00:00+00:00
sensor.outside_dew_point_spread_trend,-1.4251726370416664,2026-07-04T15:00:00+00:00
sensor.datchik_klimata_temperatura,16.2824266845,2026-07-04T16:00:00+00:00
sensor.datchik_klimata_vlazhnost,83.20260123916667,2026-07-04T16:00:00+00:00
sensor.outside_dew_point_spread_trend,-0.6802685133166667,2026-07-04T16:00:00+00:00
sensor.datchik_klimata_temperatura,15.821933294722223,2026-07-04T17:00:00+00:00
sensor.datchik_klimata_vlazhnost,83.96583124666667,2026-07-04T17:00:00+00:00
sensor.outside_dew_point_spread_trend,0.00034169888611111117,2026-07-04T17:00:00+00:00
sensor.datchik_klimata_temperatura,15.857884309416667,2026-07-04T18:00:00+00:00
sensor.datchik_klimata_vlazhnost,84.00029162166668,2026-07-04T18:00:00+00:00
sensor.outside_dew_point_spread_trend,0.06429786992222222,2026-07-04T18:00:00+00:00
sensor.datchik_klimata_temperatura,15.513986968138889,2026-07-04T19:00:00+00:00
sensor.datchik_klimata_vlazhnost,85.69509563055556,2026-07-04T19:00:00+00:00
sensor.outside_dew_point_spread_trend,-0.2512466810583333,2026-07-04T19:00:00+00:00
sensor.datchik_klimata_temperatura,15.215760619888888,2026-07-04T20:00:00+00:00
sensor.datchik_klimata_vlazhnost,85.06060430333333,2026-07-04T20:00:00+00:00
sensor.outside_dew_point_spread_trend,-0.01767462541944444,2026-07-04T20:00:00+00:00
sensor.datchik_klimata_temperatura,15.095635192222224,2026-07-04T21:00:00+00:00
sensor.datchik_klimata_vlazhnost,84.67441507333334,2026-07-04T21:00:00+00:00
sensor.outside_dew_point_spread_trend,0.07186096601666667,2026-07-04T21:00:00+00:00
sensor.datchik_klimata_temperatura,15.1,2026-07-04T22:00:00+00:00
sensor.datchik_klimata_vlazhnost,83.48143922472222,2026-07-04T22:00:00+00:00
sensor.outside_dew_point_spread_trend,0.22074239072222224,2026-07-04T22:00:00+00:00
sensor.datchik_klimata_temperatura,15.033287732277778,2026-07-04T23:00:00+00:00
sensor.datchik_klimata_vlazhnost,83.81795401694444,2026-07-04T23:00:00+00:00
sensor.outside_dew_point_spread_trend,-0.03362464647777778,2026-07-04T23:00:00+00:00
sensor.datchik_klimata_temperatura,14.867493637972224,2026-07-05T00:00:00+00:00
sensor.datchik_klimata_vlazhnost,83.29479686361111,2026-07-05T00:00:00+00:00
sensor.outside_dew_point_spread_trend,0.0854367886,2026-07-05T00:00:00+00:00
sensor.datchik_klimata_temperatura,14.748227420166666,2026-07-05T01:00:00+00:00
sensor.datchik_klimata_vlazhnost,82.60535887805555,2026-07-05T01:00:00+00:00
sensor.outside_dew_point_spread_trend,0.16533853403055557,2026-07-05T01:00:00+00:00
sensor.datchik_klimata_temperatura,14.555972753055556,2026-07-05T02:00:00+00:00
sensor.datchik_klimata_vlazhnost,83.61113786722223,2026-07-05T02:00:00+00:00
sensor.outside_dew_point_spread_trend,-0.2523227174027778,2026-07-05T02:00:00+00:00
sensor.datchik_klimata_temperatura,14.259767862111111,2026-07-05T03:00:00+00:00
sensor.datchik_klimata_vlazhnost,87.13051683361111,2026-07-05T03:00:00+00:00
sensor.outside_dew_point_spread_trend,-0.5934986612583334,2026-07-05T03:00:00+00:00
sensor.datchik_klimata_temperatura,15.045627618916667,2026-07-05T04:00:00+00:00
sensor.datchik_klimata_vlazhnost,82.73694518555556,2026-07-05T04:00:00+00:00
sensor.outside_dew_point_spread_trend,0.7964465080055555,2026-07-05T04:00:00+00:00
sensor.datchik_klimata_temperatura,16.08745207638889,2026-07-05T05:00:00+00:00
sensor.datchik_klimata_vlazhnost,76.65593572361111,2026-07-05T05:00:00+00:00
sensor.outside_dew_point_spread_trend,1.1096057441333333,2026-07-05T05:00:00+00:00
sensor.datchik_klimata_temperatura,17.649119519333333,2026-07-05T06:00:00+00:00
sensor.datchik_klimata_vlazhnost,68.39430990972222,2026-07-05T06:00:00+00:00
sensor.outside_dew_point_spread_trend,1.8076624604694445,2026-07-05T06:00:00+00:00
sensor.datchik_klimata_temperatura,17.97093674438889,2026-07-05T07:00:00+00:00
sensor.datchik_klimata_vlazhnost,67.416968185,2026-07-05T07:00:00+00:00
sensor.outside_dew_point_spread_trend,0.23131446581666668,2026-07-05T07:00:00+00:00
sensor.datchik_klimata_temperatura,19.806950257944447,2026-07-05T08:00:00+00:00
sensor.datchik_klimata_vlazhnost,61.66135555388889,2026-07-05T08:00:00+00:00
sensor.outside_dew_point_spread_trend,1.4413110166694445,2026-07-05T08:00:00+00:00
sensor.datchik_klimata_temperatura,20.019819006027777,2026-07-05T09:00:00+00:00
sensor.datchik_klimata_vlazhnost,63.58194906861112,2026-07-05T09:00:00+00:00
sensor.outside_dew_point_spread_trend,-0.40210272714444445,2026-07-05T09:00:00+00:00
sensor.datchik_klimata_temperatura,21.008439484361112,2026-07-05T10:00:00+00:00
sensor.datchik_klimata_vlazhnost,55.44709969444444,2026-07-05T10:00:00+00:00
sensor.outside_dew_point_spread_trend,3.061019053455556,2026-07-05T10:00:00+00:00
sensor.datchik_klimata_temperatura,21.406129215416666,2026-07-05T11:00:00+00:00
sensor.datchik_klimata_vlazhnost,53.019819882222215,2026-07-05T11:00:00+00:00
sensor.outside_dew_point_spread_trend,1.5270570084388888,2026-07-05T11:00:00+00:00
sensor.datchik_klimata_temperatura,21.33176212561111,2026-07-05T12:00:00+00:00
sensor.datchik_klimata_vlazhnost,48.14434023861111,2026-07-05T12:00:00+00:00
sensor.outside_dew_point_spread_trend,1.4201495914333335,2026-07-05T12:00:00+00:00
sensor.datchik_klimata_temperatura,21.236436051416668,2026-07-05T13:00:00+00:00
sensor.datchik_klimata_vlazhnost,51.03006770611111,2026-07-05T13:00:00+00:00
sensor.outside_dew_point_spread_trend,-0.8898402819750001,2026-07-05T13:00:00+00:00
sensor.datchik_klimata_temperatura,20.87312942466667,2026-07-05T14:00:00+00:00
sensor.datchik_klimata_vlazhnost,49.48887620916667,2026-07-05T14:00:00+00:00
sensor.outside_dew_point_spread_trend,0.5927287961111111,2026-07-05T14:00:00+00:00
sensor.datchik_klimata_temperatura,19.827704099472225,2026-07-05T15:00:00+00:00
sensor.datchik_klimata_vlazhnost,53.09340344694444,2026-07-05T15:00:00+00:00
sensor.outside_dew_point_spread_trend,-1.0600025208194446,2026-07-05T15:00:00+00:00
sensor.datchik_klimata_temperatura,19.387137653,2026-07-05T16:00:00+00:00
sensor.datchik_klimata_vlazhnost,54.614734990555554,2026-07-05T16:00:00+00:00
sensor.outside_dew_point_spread_trend,-0.4475170647694444,2026-07-05T16:00:00+00:00
sensor.datchik_klimata_temperatura,18.469079834305557,2026-07-05T17:00:00+00:00
sensor.datchik_klimata_vlazhnost,60.3780751,2026-07-05T17:00:00+00:00
sensor.outside_dew_point_spread_trend,-1.5745214848833333,2026-07-05T17:00:00+00:00
sensor.datchik_klimata_temperatura,17.921897208833332,2026-07-05T18:00:00+00:00
sensor.datchik_klimata_vlazhnost,63.73182624805556,2026-07-05T18:00:00+00:00
sensor.outside_dew_point_spread_trend,-0.971676158113889,2026-07-05T18:00:00+00:00
sensor.datchik_klimata_temperatura,17.50694526861111,2026-07-05T19:00:00+00:00
sensor.datchik_klimata_vlazhnost,65.71454300527778,2026-07-05T19:00:00+00:00
sensor.outside_dew_point_spread_trend,-0.6983731608777778,2026-07-05T19:00:00+00:00
sensor.datchik_klimata_temperatura,15.706631605833332,2026-07-05T20:00:00+00:00
sensor.datchik_klimata_vlazhnost,72.4386191075,2026-07-05T20:00:00+00:00
sensor.outside_dew_point_spread_trend,-1.358579448527778,2026-07-05T20:00:00+00:00
sensor.datchik_klimata_temperatura,14.004313502944443,2026-07-05T21:00:00+00:00
sensor.datchik_klimata_vlazhnost,83.76179282527778,2026-07-05T21:00:00+00:00
sensor.outside_dew_point_spread_trend,-3.2972533278,2026-07-05T21:00:00+00:00
sensor.datchik_klimata_temperatura,14.02197389861111,2026-07-05T22:00:00+00:00
sensor.datchik_klimata_vlazhnost,85.50612554305555,2026-07-05T22:00:00+00:00
sensor.outside_dew_point_spread_trend,-0.42520532890555557,2026-07-05T22:00:00+00:00
sensor.datchik_klimata_temperatura,13.970092590472222,2026-07-05T23:00:00+00:00
sensor.datchik_klimata_vlazhnost,84.37239554638889,2026-07-05T23:00:00+00:00
sensor.outside_dew_point_spread_trend,0.1210279664722222,2026-07-05T23:00:00+00:00
sensor.datchik_klimata_temperatura,13.79118253013889,2026-07-06T00:00:00+00:00
sensor.datchik_klimata_vlazhnost,84.87455186277778,2026-07-06T00:00:00+00:00
sensor.outside_dew_point_spread_trend,-0.07490993211111112,2026-07-06T00:00:00+00:00
sensor.datchik_klimata_temperatura,13.542870973888888,2026-07-06T01:00:00+00:00
sensor.datchik_klimata_vlazhnost,84.27302751722222,2026-07-06T01:00:00+00:00
sensor.outside_dew_point_spread_trend,0.09628225752500001,2026-07-06T01:00:00+00:00
sensor.datchik_klimata_temperatura,13.61501842172222,2026-07-06T02:00:00+00:00
sensor.datchik_klimata_vlazhnost,84.91992924944445,2026-07-06T02:00:00+00:00
sensor.outside_dew_point_spread_trend,-0.14277563314444444,2026-07-06T02:00:00+00:00
sensor.datchik_klimata_temperatura,13.772927213833334,2026-07-06T03:00:00+00:00
sensor.datchik_klimata_vlazhnost,84.49217692027777,2026-07-06T03:00:00+00:00
sensor.outside_dew_point_spread_trend,-0.012575048680555555,2026-07-06T03:00:00+00:00
sensor.datchik_klimata_temperatura,13.328406883861112,2026-07-06T04:00:00+00:00
sensor.datchik_klimata_vlazhnost,87.00471147305556,2026-07-06T04:00:00+00:00
sensor.outside_dew_point_spread_trend,-0.5565296861750001,2026-07-06T04:00:00+00:00
sensor.datchik_klimata_temperatura,14.64877021011111,2026-07-06T05:00:00+00:00
sensor.datchik_klimata_vlazhnost,83.26892354416667,2026-07-06T05:00:00+00:00
sensor.outside_dew_point_spread_trend,0.6497349667111112,2026-07-06T05:00:00+00:00
sensor.datchik_klimata_temperatura,16.941814038361112,2026-07-06T06:00:00+00:00
sensor.datchik_klimata_vlazhnost,71.33661523611111,2026-07-06T06:00:00+00:00
sensor.outside_dew_point_spread_trend,2.430384961377778,2026-07-06T06:00:00+00:00
sensor.datchik_klimata_temperatura,16.664365631861113,2026-07-06T07:00:00+00:00
sensor.datchik_klimata_vlazhnost,75.26939290694445,2026-07-06T07:00:00+00:00
sensor.outside_dew_point_spread_trend,-0.7779962344750001,2026-07-06T07:00:00+00:00
sensor.datchik_klimata_temperatura,18.208142695805556,2026-07-06T08:00:00+00:00
sensor.datchik_klimata_vlazhnost,68.63809366944444,2026-07-06T08:00:00+00:00
sensor.outside_dew_point_spread_trend,1.414084083861111,2026-07-06T08:00:00+00:00
sensor.datchik_klimata_temperatura,18.433332059277777,2026-07-06T09:00:00+00:00
sensor.datchik_klimata_vlazhnost,67.35591636611112,2026-07-06T09:00:00+00:00
sensor.outside_dew_point_spread_trend,-0.332394144925,2026-07-06T09:00:00+00:00
sensor.datchik_klimata_temperatura,17.883686168388888,2026-07-06T12:00:00+00:00
sensor.datchik_klimata_vlazhnost,63.70420371,2026-07-06T12:00:00+00:00
sensor.outside_dew_point_spread_trend,0.2715508467888889,2026-07-06T12:00:00+00:00
sensor.datchik_klimata_temperatura,18.21041429875,2026-07-06T13:00:00+00:00
sensor.datchik_klimata_vlazhnost,64.52125589055555,2026-07-06T13:00:00+00:00
sensor.outside_dew_point_spread_trend,-0.45096768506944446,2026-07-06T13:00:00+00:00
sensor.datchik_klimata_temperatura,17.714089170666668,2026-07-06T14:00:00+00:00
sensor.datchik_klimata_vlazhnost,64.14723630583333,2026-07-06T14:00:00+00:00
sensor.outside_dew_point_spread_trend,-0.32359653250000003,2026-07-06T14:00:00+00:00
sensor.datchik_klimata_temperatura,16.92221022325,2026-07-06T15:00:00+00:00
sensor.datchik_klimata_vlazhnost,65.89548548944445,2026-07-06T15:00:00+00:00
sensor.outside_dew_point_spread_trend,-0.686531672675,2026-07-06T15:00:00+00:00
sensor.datchik_klimata_temperatura,16.790027001277778,2026-07-06T16:00:00+00:00
sensor.datchik_klimata_vlazhnost,64.51089762472222,2026-07-06T16:00:00+00:00
sensor.outside_dew_point_spread_trend,0.2549758105027778,2026-07-06T16:00:00+00:00
sensor.datchik_klimata_temperatura,16.136780037250002,2026-07-06T17:00:00+00:00
sensor.datchik_klimata_vlazhnost,61.28002974305556,2026-07-06T17:00:00+00:00
sensor.outside_dew_point_spread_trend,0.7856390547861111,2026-07-06T17:00:00+00:00
sensor.datchik_klimata_temperatura,15.361018094416666,2026-07-06T18:00:00+00:00
sensor.datchik_klimata_vlazhnost,64.04228955972222,2026-07-06T18:00:00+00:00
sensor.outside_dew_point_spread_trend,-0.1501498023222222,2026-07-06T18:00:00+00:00
sensor.datchik_klimata_temperatura,14.485551836138889,2026-07-06T19:00:00+00:00
sensor.datchik_klimata_vlazhnost,67.14790065944445,2026-07-06T19:00:00+00:00
sensor.outside_dew_point_spread_trend,-0.598116288075,2026-07-06T19:00:00+00:00
sensor.datchik_klimata_temperatura,14.320171161,2026-07-06T20:00:00+00:00
sensor.datchik_klimata_vlazhnost,67.67660036416667,2026-07-06T20:00:00+00:00
sensor.outside_dew_point_spread_trend,-0.37414288993888883,2026-07-06T20:00:00+00:00
sensor.datchik_klimata_temperatura,14.400901471861111,2026-07-06T21:00:00+00:00
sensor.datchik_klimata_vlazhnost,66.0519887975,2026-07-06T21:00:00+00:00
sensor.outside_dew_point_spread_trend,0.3270615057361111,2026-07-06T21:00:00+00:00
sensor.datchik_klimata_temperatura,14.188597467416665,2026-07-06T22:00:00+00:00
sensor.datchik_klimata_vlazhnost,66.00975014027777,2026-07-06T22:00:00+00:00
sensor.outside_dew_point_spread_trend,0.018375693925,2026-07-06T22:00:00+00:00
sensor.datchik_klimata_temperatura,14.1,2026-07-06T23:00:00+00:00
sensor.datchik_klimata_vlazhnost,62.430853135,2026-07-06T23:00:00+00:00
sensor.outside_dew_point_spread_trend,0.7180287241944444,2026-07-06T23:00:00+00:00
sensor.datchik_klimata_temperatura,14.032430907861112,2026-07-07T00:00:00+00:00
sensor.datchik_klimata_vlazhnost,61.73656591583333,2026-07-07T00:00:00+00:00
sensor.outside_dew_point_spread_trend,0.2004748943888889,2026-07-07T00:00:00+00:00
sensor.datchik_klimata_temperatura,13.834201006916667,2026-07-07T01:00:00+00:00
sensor.datchik_klimata_vlazhnost,62.99125445027778,2026-07-07T01:00:00+00:00
sensor.outside_dew_point_spread_trend,-0.2564531175888889,2026-07-07T01:00:00+00:00
sensor.datchik_klimata_temperatura,13.378476527583333,2026-07-07T02:00:00+00:00
sensor.datchik_klimata_vlazhnost,66.86180633527778,2026-07-07T02:00:00+00:00
sensor.outside_dew_point_spread_trend,-1.0153066270194444,2026-07-07T02:00:00+00:00
sensor.datchik_klimata_temperatura,13.478599382944445,2026-07-07T03:00:00+00:00
sensor.datchik_klimata_vlazhnost,66.8886129775,2026-07-07T03:00:00+00:00
sensor.outside_dew_point_spread_trend,-0.17821238654722224,2026-07-07T03:00:00+00:00
sensor.datchik_klimata_temperatura,13.778893339888889,2026-07-07T04:00:00+00:00
sensor.datchik_klimata_vlazhnost,67.11980955527777,2026-07-07T04:00:00+00:00
sensor.outside_dew_point_spread_trend,-0.05172461031944444,2026-07-07T04:00:00+00:00
sensor.datchik_klimata_temperatura,13.045074897777779,2026-07-07T05:00:00+00:00
sensor.datchik_klimata_vlazhnost,75.90451544611112,2026-07-07T05:00:00+00:00
sensor.outside_dew_point_spread_trend,-1.7467358384944445,2026-07-07T05:00:00+00:00
sensor.datchik_klimata_temperatura,12.301935056,2026-07-07T06:00:00+00:00
sensor.datchik_klimata_vlazhnost,85.06793371333333,2026-07-07T06:00:00+00:00
sensor.outside_dew_point_spread_trend,-1.6409769010722222,2026-07-07T06:00:00+00:00
sensor.datchik_klimata_temperatura,12.558736824194446,2026-07-07T07:00:00+00:00
sensor.datchik_klimata_vlazhnost,88.704326325,2026-07-07T07:00:00+00:00
sensor.outside_dew_point_spread_trend,-0.8757455027750001,2026-07-07T07:00:00+00:00
sensor.datchik_klimata_temperatura,14.123353204194444,2026-07-07T09:00:00+00:00
sensor.datchik_klimata_vlazhnost,88.9757674175,2026-07-07T09:00:00+00:00
sensor.outside_dew_point_spread_trend,0.0973000133888889,2026-07-07T09:00:00+00:00
sensor.datchik_klimata_temperatura,15.191917724055555,2026-07-07T10:00:00+00:00
sensor.datchik_klimata_vlazhnost,89.00537868944444,2026-07-07T10:00:00+00:00
sensor.outside_dew_point_spread_trend,0.007852529413888887,2026-07-07T10:00:00+00:00
sensor.datchik_klimata_temperatura,16.787293637055555,2026-07-07T11:00:00+00:00
sensor.datchik_klimata_vlazhnost,88.19454345472222,2026-07-07T11:00:00+00:00
sensor.outside_dew_point_spread_trend,0.054034709775,2026-07-07T11:00:00+00:00
sensor.datchik_klimata_temperatura,18.264375265694444,2026-07-07T12:00:00+00:00
sensor.datchik_klimata_vlazhnost,79.37404210527778,2026-07-07T12:00:00+00:00
sensor.outside_dew_point_spread_trend,1.7237156253555554,2026-07-07T12:00:00+00:00
sensor.datchik_klimata_temperatura,16.598611241972222,2026-07-07T13:00:00+00:00
sensor.datchik_klimata_vlazhnost,86.51193448944444,2026-07-07T13:00:00+00:00
sensor.outside_dew_point_spread_trend,-1.2298114078722222,2026-07-07T13:00:00+00:00
sensor.datchik_klimata_temperatura,17.006236053277778,2026-07-07T14:00:00+00:00
sensor.datchik_klimata_vlazhnost,88.76367352777777,2026-07-07T14:00:00+00:00
sensor.outside_dew_point_spread_trend,-0.742807827538889,2026-07-07T14:00:00+00:00
sensor.datchik_klimata_temperatura,17.794861425833336,2026-07-07T15:00:00+00:00
sensor.datchik_klimata_vlazhnost,83.77330182,2026-07-07T15:00:00+00:00
sensor.outside_dew_point_spread_trend,0.6609342605,2026-07-07T15:00:00+00:00
sensor.datchik_klimata_temperatura,17.78865864138889,2026-07-07T16:00:00+00:00
sensor.datchik_klimata_vlazhnost,77.79800850138889,2026-07-07T16:00:00+00:00
sensor.outside_dew_point_spread_trend,1.3138607858444444,2026-07-07T16:00:00+00:00
sensor.datchik_klimata_temperatura,17.19541800372222,2026-07-07T17:00:00+00:00
sensor.datchik_klimata_vlazhnost,78.6504747111111,2026-07-07T17:00:00+00:00
sensor.outside_dew_point_spread_trend,-0.009494213527777776,2026-07-07T17:00:00+00:00
sensor.datchik_klimata_temperatura,16.899442633444444,2026-07-07T18:00:00+00:00
sensor.datchik_klimata_vlazhnost,80.19008213972222,2026-07-07T18:00:00+00:00
sensor.outside_dew_point_spread_trend,-0.27668758614444444,2026-07-07T18:00:00+00:00
sensor.datchik_klimata_temperatura,16.284807877166667,2026-07-07T19:00:00+00:00
sensor.datchik_klimata_vlazhnost,87.39360596555555,2026-07-07T19:00:00+00:00
sensor.outside_dew_point_spread_trend,-1.3607602869277777,2026-07-07T19:00:00+00:00
sensor.datchik_klimata_temperatura,15.667446407305556,2026-07-07T20:00:00+00:00
sensor.datchik_klimata_vlazhnost,91.26719037444445,2026-07-07T20:00:00+00:00
sensor.outside_dew_point_spread_trend,-0.8735783886055556,2026-07-07T20:00:00+00:00
sensor.datchik_klimata_temperatura,15.050779952527778,2026-07-07T21:00:00+00:00
sensor.datchik_klimata_vlazhnost,94.63415341083333,2026-07-07T21:00:00+00:00
sensor.outside_dew_point_spread_trend,-0.49392234592222223,2026-07-07T21:00:00+00:00
sensor.datchik_klimata_temperatura,14.782612120805554,2026-07-07T22:00:00+00:00
sensor.datchik_klimata_vlazhnost,95.0,2026-07-07T22:00:00+00:00
sensor.outside_dew_point_spread_trend,-0.3,2026-07-07T22:00:00+00:00
sensor.datchik_klimata_temperatura,15.003794075694444,2026-07-07T23:00:00+00:00
sensor.datchik_klimata_vlazhnost,94.80561494222222,2026-07-07T23:00:00+00:00
sensor.outside_dew_point_spread_trend,-0.22224637188888888,2026-07-07T23:00:00+00:00
sensor.datchik_klimata_temperatura,15.255102000305556,2026-07-08T00:00:00+00:00
sensor.datchik_klimata_vlazhnost,92.43435562388889,2026-07-08T00:00:00+00:00
sensor.outside_dew_point_spread_trend,0.2831859569888889,2026-07-08T00:00:00+00:00
sensor.datchik_klimata_temperatura,15.380703132777777,2026-07-08T01:00:00+00:00
sensor.datchik_klimata_vlazhnost,90.21773414416667,2026-07-08T01:00:00+00:00
sensor.outside_dew_point_spread_trend,0.49217735275277774,2026-07-08T01:00:00+00:00
sensor.datchik_klimata_temperatura,15.32017218888889,2026-07-08T02:00:00+00:00
sensor.datchik_klimata_vlazhnost,90.36985051111111,2026-07-08T02:00:00+00:00
sensor.outside_dew_point_spread_trend,0.28288420626666666,2026-07-08T02:00:00+00:00
sensor.datchik_klimata_temperatura,15.057710859194444,2026-07-08T03:00:00+00:00
sensor.datchik_klimata_vlazhnost,94.41994640166666,2026-07-08T03:00:00+00:00
sensor.outside_dew_point_spread_trend,-0.5945411382972222,2026-07-08T03:00:00+00:00
sensor.datchik_klimata_temperatura,14.463883868722222,2026-07-08T04:00:00+00:00
sensor.datchik_klimata_vlazhnost,96.60562277000001,2026-07-08T04:00:00+00:00
sensor.outside_dew_point_spread_trend,-0.4651087069111111,2026-07-08T04:00:00+00:00
sensor.datchik_klimata_temperatura,13.081427659805556,2026-07-08T05:00:00+00:00
sensor.datchik_klimata_vlazhnost,94.90965110138889,2026-07-08T05:00:00+00:00
sensor.outside_dew_point_spread_trend,0.23440176050833336,2026-07-08T05:00:00+00:00
sensor.datchik_klimata_temperatura,13.276879346083334,2026-07-08T06:00:00+00:00
sensor.datchik_klimata_vlazhnost,92.25806237583333,2026-07-08T06:00:00+00:00
sensor.outside_dew_point_spread_trend,0.42228954944444447,2026-07-08T06:00:00+00:00
sensor.datchik_klimata_temperatura,14.552102943444444,2026-07-08T07:00:00+00:00
sensor.datchik_klimata_vlazhnost,81.10698618833334,2026-07-08T07:00:00+00:00
sensor.outside_dew_point_spread_trend,1.9717047256333335,2026-07-08T07:00:00+00:00
sensor.datchik_klimata_temperatura,15.63039058225,2026-07-08T08:00:00+00:00
sensor.datchik_klimata_vlazhnost,65.84043866722222,2026-07-08T08:00:00+00:00
sensor.outside_dew_point_spread_trend,3.2559764199638894,2026-07-08T08:00:00+00:00
sensor.datchik_klimata_temperatura,17.596747922805555,2026-07-08T09:00:00+00:00
sensor.datchik_klimata_vlazhnost,56.83561381638889,2026-07-08T09:00:00+00:00
sensor.outside_dew_point_spread_trend,2.284395166961111,2026-07-08T09:00:00+00:00
sensor.datchik_klimata_temperatura,16.63270122563889,2026-07-08T10:00:00+00:00
sensor.datchik_klimata_vlazhnost,54.624028663888886,2026-07-08T10:00:00+00:00
sensor.outside_dew_point_spread_trend,0.48318436135555554,2026-07-08T10:00:00+00:00
sensor.datchik_klimata_temperatura,15.965448518499999,2026-07-08T11:00:00+00:00
sensor.datchik_klimata_vlazhnost,55.83548913611111,2026-07-08T11:00:00+00:00
sensor.outside_dew_point_spread_trend,-0.1819157596222222,2026-07-08T11:00:00+00:00
sensor.datchik_klimata_temperatura,13.754630178416667,2026-07-08T12:00:00+00:00
sensor.datchik_klimata_vlazhnost,75.7581531325,2026-07-08T12:00:00+00:00
sensor.outside_dew_point_spread_trend,-4.133002807966666,2026-07-08T12:00:00+00:00
sensor.datchik_klimata_temperatura,13.924977876944444,2026-07-08T13:00:00+00:00
sensor.datchik_klimata_vlazhnost,73.78055331,2026-07-08T13:00:00+00:00
sensor.outside_dew_point_spread_trend,0.024854971144444505,2026-07-08T13:00:00+00:00
sensor.datchik_klimata_temperatura,13.961117687805556,2026-07-08T14:00:00+00:00
sensor.datchik_klimata_vlazhnost,73.98187844166667,2026-07-08T14:00:00+00:00
sensor.outside_dew_point_spread_trend,-0.0002788801527777824,2026-07-08T14:00:00+00:00
sensor.datchik_klimata_temperatura,13.920411047333333,2026-07-08T15:00:00+00:00
sensor.datchik_klimata_vlazhnost,73.00788373388889,2026-07-08T15:00:00+00:00
sensor.outside_dew_point_spread_trend,0.27557516074166666,2026-07-08T15:00:00+00:00
sensor.datchik_klimata_temperatura,13.699999999999998,2026-07-08T16:00:00+00:00
sensor.datchik_klimata_vlazhnost,75.76380099333333,2026-07-08T16:00:00+00:00
sensor.outside_dew_point_spread_trend,-0.24504438583333332,2026-07-08T16:00:00+00:00
sensor.datchik_klimata_temperatura,13.293745371722222,2026-07-08T17:00:00+00:00
sensor.datchik_klimata_vlazhnost,78.31666024194445,2026-07-08T17:00:00+00:00
sensor.outside_dew_point_spread_trend,-0.42395960214444445,2026-07-08T17:00:00+00:00
sensor.datchik_klimata_temperatura,12.725760144333334,2026-07-08T18:00:00+00:00
sensor.datchik_klimata_vlazhnost,82.47888908722221,2026-07-08T18:00:00+00:00
sensor.outside_dew_point_spread_trend,-0.9005110244583333,2026-07-08T18:00:00+00:00
sensor.datchik_klimata_temperatura,12.27312995972222,2026-07-08T19:00:00+00:00
sensor.datchik_klimata_vlazhnost,85.11188487472222,2026-07-08T19:00:00+00:00
sensor.outside_dew_point_spread_trend,-0.4527750683138889,2026-07-08T19:00:00+00:00
sensor.datchik_klimata_temperatura,12.179380535055556,2026-07-08T20:00:00+00:00
sensor.datchik_klimata_vlazhnost,85.6056057361111,2026-07-08T20:00:00+00:00
sensor.outside_dew_point_spread_trend,-0.09275198971388889,2026-07-08T20:00:00+00:00
sensor.datchik_klimata_temperatura,12.240817068944445,2026-07-08T21:00:00+00:00
sensor.datchik_klimata_vlazhnost,85.40365114833332,2026-07-08T21:00:00+00:00
sensor.outside_dew_point_spread_trend,0.04795003377777778,2026-07-08T21:00:00+00:00
sensor.datchik_klimata_temperatura,11.947694077527778,2026-07-08T22:00:00+00:00
sensor.datchik_klimata_vlazhnost,87.63629313416668,2026-07-08T22:00:00+00:00
sensor.outside_dew_point_spread_trend,-0.39944376941388887,2026-07-08T22:00:00+00:00
sensor.datchik_klimata_temperatura,11.783209122694444,2026-07-08T23:00:00+00:00
sensor.datchik_klimata_vlazhnost,87.59666012194445,2026-07-08T23:00:00+00:00
sensor.outside_dew_point_spread_trend,-0.051554601591666666,2026-07-08T23:00:00+00:00
sensor.datchik_klimata_temperatura,11.66388269211111,2026-07-09T00:00:00+00:00
sensor.datchik_klimata_vlazhnost,88.4578106561111,2026-07-09T00:00:00+00:00
sensor.outside_dew_point_spread_trend,-0.09698387519444446,2026-07-09T00:00:00+00:00
sensor.datchik_klimata_temperatura,11.484055335138889,2026-07-09T01:00:00+00:00
sensor.datchik_klimata_vlazhnost,89.20167828611112,2026-07-09T01:00:00+00:00
sensor.outside_dew_point_spread_trend,-0.11623384867777779,2026-07-09T01:00:00+00:00
sensor.datchik_klimata_temperatura,11.588909313611111,2026-07-09T02:00:00+00:00
sensor.datchik_klimata_vlazhnost,87.88102932388888,2026-07-09T02:00:00+00:00
sensor.outside_dew_point_spread_trend,0.19608751338055555,2026-07-09T02:00:00+00:00
sensor.datchik_klimata_temperatura,11.86783265388889,2026-07-09T03:00:00+00:00
sensor.datchik_klimata_vlazhnost,85.97208178749999,2026-07-09T03:00:00+00:00
sensor.outside_dew_point_spread_trend,0.4402288756805555,2026-07-09T03:00:00+00:00
sensor.datchik_klimata_temperatura,12.151489461166667,2026-07-09T04:00:00+00:00
sensor.datchik_klimata_vlazhnost,83.73170808861111,2026-07-09T04:00:00+00:00
sensor.outside_dew_point_spread_trend,0.3158016368611111,2026-07-09T04:00:00+00:00
sensor.datchik_klimata_temperatura,12.383628912944445,2026-07-09T05:00:00+00:00
sensor.datchik_klimata_vlazhnost,82.82790715222222,2026-07-09T05:00:00+00:00
sensor.outside_dew_point_spread_trend,0.35215005485555556,2026-07-09T05:00:00+00:00
sensor.datchik_klimata_temperatura,12.804029397583333,2026-07-09T06:00:00+00:00
sensor.datchik_klimata_vlazhnost,83.79171789416667,2026-07-09T06:00:00+00:00
sensor.outside_dew_point_spread_trend,-0.11659262383333334,2026-07-09T06:00:00+00:00
sensor.datchik_klimata_temperatura,13.586250153583334,2026-07-09T07:00:00+00:00
sensor.datchik_klimata_vlazhnost,81.00122514166667,2026-07-09T07:00:00+00:00
sensor.outside_dew_point_spread_trend,0.5442267513444444,2026-07-09T07:00:00+00:00
sensor.datchik_klimata_temperatura,14.614267672694444,2026-07-09T08:00:00+00:00
sensor.datchik_klimata_vlazhnost,75.46399847861112,2026-07-09T08:00:00+00:00
sensor.outside_dew_point_spread_trend,1.1048153347555556,2026-07-09T08:00:00+00:00
sensor.datchik_klimata_temperatura,16.091069485777776,2026-07-09T09:00:00+00:00
sensor.datchik_klimata_vlazhnost,69.65236007777777,2026-07-09T09:00:00+00:00
sensor.outside_dew_point_spread_trend,1.2557120449472223,2026-07-09T09:00:00+00:00
sensor.datchik_klimata_temperatura,15.207077926166667,2026-07-09T10:00:00+00:00
sensor.datchik_klimata_vlazhnost,75.99107964805556,2026-07-09T10:00:00+00:00
sensor.outside_dew_point_spread_trend,-1.3317655539083335,2026-07-09T10:00:00+00:00
sensor.datchik_klimata_temperatura,16.87122016638889,2026-07-09T11:00:00+00:00
sensor.datchik_klimata_vlazhnost,62.77634800638889,2026-07-09T11:00:00+00:00
sensor.outside_dew_point_spread_trend,3.042569075102778,2026-07-09T11:00:00+00:00
sensor.datchik_klimata_temperatura,16.522056663194444,2026-07-09T12:00:00+00:00
sensor.datchik_klimata_vlazhnost,62.03896531444445,2026-07-09T12:00:00+00:00
sensor.outside_dew_point_spread_trend,0.3860211779277778,2026-07-09T12:00:00+00:00
sensor.datchik_klimata_temperatura,16.114419137333332,2026-07-09T13:00:00+00:00
sensor.datchik_klimata_vlazhnost,64.31776164638889,2026-07-09T13:00:00+00:00
sensor.outside_dew_point_spread_trend,-0.48743029893888884,2026-07-09T13:00:00+00:00
sensor.datchik_klimata_temperatura,15.741934355277778,2026-07-09T14:00:00+00:00
sensor.datchik_klimata_vlazhnost,68.36355730416666,2026-07-09T14:00:00+00:00
sensor.outside_dew_point_spread_trend,-0.7783823685444444,2026-07-09T14:00:00+00:00
sensor.datchik_klimata_temperatura,13.565687645222221,2026-07-09T15:00:00+00:00
sensor.datchik_klimata_vlazhnost,80.98830914777777,2026-07-09T15:00:00+00:00
sensor.outside_dew_point_spread_trend,-3.1860043026388887,2026-07-09T15:00:00+00:00
sensor.datchik_klimata_temperatura,13.886759426777779,2026-07-09T16:00:00+00:00
sensor.datchik_klimata_vlazhnost,81.07729142222222,2026-07-09T16:00:00+00:00
sensor.outside_dew_point_spread_trend,-2.566726058786111,2026-07-09T16:00:00+00:00
sensor.datchik_klimata_temperatura,13.86950644375,2026-07-09T17:00:00+00:00
sensor.datchik_klimata_vlazhnost,82.20196802305556,2026-07-09T17:00:00+00:00
sensor.outside_dew_point_spread_trend,-0.14858788381944446,2026-07-09T17:00:00+00:00
sensor.datchik_klimata_temperatura,13.699999999999998,2026-07-09T18:00:00+00:00
sensor.datchik_klimata_vlazhnost,81.59655867777778,2026-07-09T18:00:00+00:00
sensor.outside_dew_point_spread_trend,0.14120451994444444,2026-07-09T18:00:00+00:00
sensor.datchik_klimata_temperatura,13.549087476277776,2026-07-09T19:00:00+00:00
sensor.datchik_klimata_vlazhnost,84.372895085,2026-07-09T19:00:00+00:00
sensor.outside_dew_point_spread_trend,-0.49478263916111115,2026-07-09T19:00:00+00:00
sensor.datchik_klimata_temperatura,13.275686678861112,2026-07-09T20:00:00+00:00
sensor.datchik_klimata_vlazhnost,85.00150676111112,2026-07-09T20:00:00+00:00
sensor.outside_dew_point_spread_trend,-0.6392169250666667,2026-07-09T20:00:00+00:00
sensor.datchik_klimata_temperatura,12.800989145916667,2026-07-09T21:00:00+00:00
sensor.datchik_klimata_vlazhnost,86.39690366916666,2026-07-09T21:00:00+00:00
sensor.outside_dew_point_spread_trend,-0.17159736743055554,2026-07-09T21:00:00+00:00
sensor.datchik_klimata_temperatura,12.245852246305555,2026-07-09T22:00:00+00:00
sensor.datchik_klimata_vlazhnost,87.38885530166668,2026-07-09T22:00:00+00:00
sensor.outside_dew_point_spread_trend,-0.23055732044444444,2026-07-09T22:00:00+00:00
sensor.datchik_klimata_temperatura,11.80518441547222,2026-07-09T23:00:00+00:00
sensor.datchik_klimata_vlazhnost,88.78385291166667,2026-07-09T23:00:00+00:00
sensor.outside_dew_point_spread_trend,-0.1847654402361111,2026-07-09T23:00:00+00:00
sensor.datchik_klimata_temperatura,11.699999999999998,2026-07-10T00:00:00+00:00
sensor.datchik_klimata_vlazhnost,89.0,2026-07-10T00:00:00+00:00
sensor.outside_dew_point_spread_trend,-0.07,2026-07-10T00:00:00+00:00
sensor.datchik_klimata_temperatura,11.320036288472222,2026-07-10T01:00:00+00:00
sensor.datchik_klimata_vlazhnost,89.0,2026-07-10T01:00:00+00:00
sensor.outside_dew_point_spread_trend,-0.06433902776944445,2026-07-10T01:00:00+00:00
sensor.datchik_klimata_temperatura,10.88802867002778,2026-07-10T02:00:00+00:00
sensor.datchik_klimata_vlazhnost,90.3175479413889,2026-07-10T02:00:00+00:00
sensor.outside_dew_point_spread_trend,-0.17111565506666668,2026-07-10T02:00:00+00:00
sensor.datchik_klimata_temperatura,11.600014345722222,2026-07-10T03:00:00+00:00
sensor.datchik_klimata_vlazhnost,88.97296776055555,2026-07-10T03:00:00+00:00
sensor.outside_dew_point_spread_trend,0.21503270731944443,2026-07-10T03:00:00+00:00
sensor.datchik_klimata_temperatura,15.033756498638889,2026-07-10T04:00:00+00:00
sensor.datchik_klimata_vlazhnost,73.8419322736111,2026-07-10T04:00:00+00:00
sensor.outside_dew_point_spread_trend,2.858513757975,2026-07-10T04:00:00+00:00
sensor.datchik_klimata_temperatura,17.564255450388888,2026-07-10T05:00:00+00:00
sensor.datchik_klimata_vlazhnost,62.07827884972222,2026-07-10T05:00:00+00:00
sensor.outside_dew_point_spread_trend,2.7972863382027775,2026-07-10T05:00:00+00:00
sensor.datchik_klimata_temperatura,19.43943518377778,2026-07-10T06:00:00+00:00
sensor.datchik_klimata_vlazhnost,53.665057106666666,2026-07-10T06:00:00+00:00
sensor.outside_dew_point_spread_trend,2.336339501275,2026-07-10T06:00:00+00:00
sensor.datchik_klimata_temperatura,19.891175385055554,2026-07-10T07:00:00+00:00
sensor.datchik_klimata_vlazhnost,50.82604693166667,2026-07-10T07:00:00+00:00
sensor.outside_dew_point_spread_trend,0.9629202743083334,2026-07-10T07:00:00+00:00
sensor.datchik_klimata_temperatura,19.67131619563889,2026-07-10T08:00:00+00:00
sensor.datchik_klimata_vlazhnost,52.631029025000004,2026-07-10T08:00:00+00:00
sensor.outside_dew_point_spread_trend,-0.5004600046638888,2026-07-10T08:00:00+00:00
sensor.datchik_klimata_temperatura,20.818115223055557,2026-07-10T09:00:00+00:00
sensor.datchik_klimata_vlazhnost,47.345975895277775,2026-07-10T09:00:00+00:00
sensor.outside_dew_point_spread_trend,1.713384044011111,2026-07-10T09:00:00+00:00
sensor.datchik_klimata_temperatura,20.036356018611112,2026-07-10T10:00:00+00:00
sensor.datchik_klimata_vlazhnost,49.22333728361111,2026-07-10T10:00:00+00:00
sensor.outside_dew_point_spread_trend,-0.5754511832527778,2026-07-10T10:00:00+00:00
sensor.datchik_klimata_temperatura,17.592413083805557,2026-07-10T11:00:00+00:00
sensor.datchik_klimata_vlazhnost,65.31110952388889,2026-07-10T11:00:00+00:00
sensor.outside_dew_point_spread_trend,-4.138223471938889,2026-07-10T11:00:00+00:00
sensor.datchik_klimata_temperatura,18.58375037088889,2026-07-10T12:00:00+00:00
sensor.datchik_klimata_vlazhnost,61.95299709694444,2026-07-10T12:00:00+00:00
sensor.outside_dew_point_spread_trend,0.5897356561027778,2026-07-10T12:00:00+00:00
sensor.datchik_klimata_temperatura,19.771660584027778,2026-07-10T13:00:00+00:00
sensor.datchik_klimata_vlazhnost,51.27569817166667,2026-07-10T13:00:00+00:00
sensor.outside_dew_point_spread_trend,2.789036367125,2026-07-10T13:00:00+00:00
sensor.datchik_klimata_temperatura,17.510260919083333,2026-07-10T14:00:00+00:00
sensor.datchik_klimata_vlazhnost,76.92646205638889,2026-07-10T14:00:00+00:00
sensor.outside_dew_point_spread_trend,-5.5663231885,2026-07-10T14:00:00+00:00
sensor.datchik_klimata_temperatura,16.2052189335,2026-07-10T15:00:00+00:00
sensor.datchik_klimata_vlazhnost,96.87886095944445,2026-07-10T15:00:00+00:00
sensor.outside_dew_point_spread_trend,-9.751734162375,2026-07-10T15:00:00+00:00
sensor.datchik_klimata_temperatura,16.29998518986111,2026-07-10T16:00:00+00:00
sensor.datchik_klimata_vlazhnost,96.33183448055554,2026-07-10T16:00:00+00:00
sensor.outside_dew_point_spread_trend,-3.1354865306416664,2026-07-10T16:00:00+00:00
sensor.datchik_klimata_temperatura,16.594484062833335,2026-07-10T17:00:00+00:00
sensor.datchik_klimata_vlazhnost,94.97591012472223,2026-07-10T17:00:00+00:00
sensor.outside_dew_point_spread_trend,0.20397717455555556,2026-07-10T17:00:00+00:00
sensor.datchik_klimata_temperatura,16.36096323861111,2026-07-10T18:00:00+00:00
sensor.datchik_klimata_vlazhnost,87.89326651277777,2026-07-10T18:00:00+00:00
sensor.outside_dew_point_spread_trend,1.2272419432277777,2026-07-10T18:00:00+00:00
sensor.datchik_klimata_temperatura,15.214366835833333,2026-07-10T19:00:00+00:00
sensor.datchik_klimata_vlazhnost,86.91549068277777,2026-07-10T19:00:00+00:00
sensor.outside_dew_point_spread_trend,0.2437446070611111,2026-07-10T19:00:00+00:00
sensor.datchik_klimata_temperatura,14.34574707575,2026-07-10T20:00:00+00:00
sensor.datchik_klimata_vlazhnost,87.88268272055556,2026-07-10T20:00:00+00:00
sensor.outside_dew_point_spread_trend,-0.17892443469722222,2026-07-10T20:00:00+00:00
sensor.datchik_klimata_temperatura,14.320169530166666,2026-07-10T21:00:00+00:00
sensor.datchik_klimata_vlazhnost,84.39490558694445,2026-07-10T21:00:00+00:00
sensor.outside_dew_point_spread_trend,0.681033057125,2026-07-10T21:00:00+00:00
sensor.datchik_klimata_temperatura,14.3807028555,2026-07-10T22:00:00+00:00
sensor.datchik_klimata_vlazhnost,84.6060655675,2026-07-10T22:00:00+00:00
sensor.outside_dew_point_spread_trend,-0.014117028697222223,2026-07-10T22:00:00+00:00
sensor.datchik_klimata_temperatura,14.163387735027777,2026-07-10T23:00:00+00:00
sensor.datchik_klimata_vlazhnost,87.01076830027777,2026-07-10T23:00:00+00:00
sensor.outside_dew_point_spread_trend,-0.4846066534694444,2026-07-10T23:00:00+00:00
sensor.datchik_klimata_temperatura,13.83343897913889,2026-07-11T00:00:00+00:00
sensor.datchik_klimata_vlazhnost,88.79932768694444,2026-07-11T00:00:00+00:00
sensor.outside_dew_point_spread_trend,-0.32006731963888885,2026-07-11T00:00:00+00:00
sensor.datchik_klimata_temperatura,13.697847717027777,2026-07-11T01:00:00+00:00
sensor.datchik_klimata_vlazhnost,89.58859669833333,2026-07-11T01:00:00+00:00
sensor.outside_dew_point_spread_trend,-0.22348254087222222,2026-07-11T01:00:00+00:00
sensor.datchik_klimata_temperatura,13.6403672115,2026-07-11T02:00:00+00:00
sensor.datchik_klimata_vlazhnost,90.0,2026-07-11T02:00:00+00:00
sensor.outside_dew_point_spread_trend,-0.17,2026-07-11T02:00:00+00:00
sensor.datchik_klimata_temperatura,13.97029770088889,2026-07-11T03:00:00+00:00
sensor.datchik_klimata_vlazhnost,88.6557986011111,2026-07-11T03:00:00+00:00
sensor.outside_dew_point_spread_trend,0.16070993351666665,2026-07-11T03:00:00+00:00
sensor.datchik_klimata_temperatura,15.422870819333333,2026-07-11T04:00:00+00:00
sensor.datchik_klimata_vlazhnost,84.78377130944445,2026-07-11T04:00:00+00:00
sensor.outside_dew_point_spread_trend,0.6204785518166667,2026-07-11T04:00:00+00:00
sensor.datchik_klimata_temperatura,16.84465123275,2026-07-11T05:00:00+00:00
sensor.datchik_klimata_vlazhnost,79.97787404972222,2026-07-11T05:00:00+00:00
sensor.outside_dew_point_spread_trend,0.9833610651861111,2026-07-11T05:00:00+00:00
sensor.datchik_klimata_temperatura,18.763165672833335,2026-07-11T06:00:00+00:00
sensor.datchik_klimata_vlazhnost,74.19405119944444,2026-07-11T06:00:00+00:00
sensor.outside_dew_point_spread_trend,1.3493553384777777,2026-07-11T06:00:00+00:00
sensor.datchik_klimata_temperatura,21.543672495333336,2026-07-11T07:00:00+00:00
sensor.datchik_klimata_vlazhnost,60.91249285944445,2026-07-11T07:00:00+00:00
sensor.outside_dew_point_spread_trend,3.1877585774277777,2026-07-11T07:00:00+00:00
sensor.datchik_klimata_temperatura,20.92445317111111,2026-07-11T08:00:00+00:00
sensor.datchik_klimata_vlazhnost,60.79120830888889,2026-07-11T08:00:00+00:00
sensor.outside_dew_point_spread_trend,-0.10589762977500002,2026-07-11T08:00:00+00:00
sensor.datchik_klimata_temperatura,18.779713577694444,2026-07-11T09:00:00+00:00
sensor.datchik_klimata_vlazhnost,67.82552293583333,2026-07-11T09:00:00+00:00
sensor.outside_dew_point_spread_trend,-1.7915758957166668,2026-07-11T09:00:00+00:00
sensor.datchik_klimata_temperatura,18.03629753575,2026-07-11T10:00:00+00:00
sensor.datchik_klimata_vlazhnost,64.80188146638889,2026-07-11T10:00:00+00:00
sensor.outside_dew_point_spread_trend,0.6741430463833332,2026-07-11T10:00:00+00:00
sensor.datchik_klimata_temperatura,18.609958288166666,2026-07-11T11:00:00+00:00
sensor.datchik_klimata_vlazhnost,67.7197448675,2026-07-11T11:00:00+00:00
sensor.outside_dew_point_spread_trend,-0.9194309373333334,2026-07-11T11:00:00+00:00
sensor.datchik_klimata_temperatura,17.705259862277778,2026-07-11T12:00:00+00:00
sensor.datchik_klimata_vlazhnost,73.4419722236111,2026-07-11T12:00:00+00:00
sensor.outside_dew_point_spread_trend,-0.9526092610777778,2026-07-11T12:00:00+00:00
sensor.datchik_klimata_temperatura,18.69830172175,2026-07-11T13:00:00+00:00
sensor.datchik_klimata_vlazhnost,64.18745404944444,2026-07-11T13:00:00+00:00
sensor.outside_dew_point_spread_trend,2.0146067289138885,2026-07-11T13:00:00+00:00
sensor.datchik_klimata_temperatura,18.925917159027776,2026-07-11T14:00:00+00:00
sensor.datchik_klimata_vlazhnost,59.396636754444444,2026-07-11T14:00:00+00:00
sensor.outside_dew_point_spread_trend,1.2495409319888888,2026-07-11T14:00:00+00:00
sensor.datchik_klimata_temperatura,18.89997731175,2026-07-11T15:00:00+00:00
sensor.datchik_klimata_vlazhnost,57.885707143055555,2026-07-11T15:00:00+00:00
sensor.outside_dew_point_spread_trend,0.4389228422527778,2026-07-11T15:00:00+00:00
sensor.datchik_klimata_temperatura,18.529883192055554,2026-07-11T16:00:00+00:00
sensor.datchik_klimata_vlazhnost,64.83170436277778,2026-07-11T16:00:00+00:00
sensor.outside_dew_point_spread_trend,-1.8195700678722222,2026-07-11T16:00:00+00:00
sensor.datchik_klimata_temperatura,17.80343875836111,2026-07-11T17:00:00+00:00
sensor.datchik_klimata_vlazhnost,69.80794818694444,2026-07-11T17:00:00+00:00
sensor.outside_dew_point_spread_trend,-2.1827764625,2026-07-11T17:00:00+00:00
sensor.datchik_klimata_temperatura,16.800558736444444,2026-07-11T18:00:00+00:00
sensor.datchik_klimata_vlazhnost,76.51465050638889,2026-07-11T18:00:00+00:00
sensor.outside_dew_point_spread_trend,-1.2481233737444444,2026-07-11T18:00:00+00:00
sensor.datchik_klimata_temperatura,15.83506273175,2026-07-11T19:00:00+00:00
sensor.datchik_klimata_vlazhnost,81.48690960388889,2026-07-11T19:00:00+00:00
sensor.outside_dew_point_spread_trend,-1.000454734013889,2026-07-11T19:00:00+00:00
sensor.datchik_klimata_temperatura,15.000560173055556,2026-07-11T20:00:00+00:00
sensor.datchik_klimata_vlazhnost,84.13240731777778,2026-07-11T20:00:00+00:00
sensor.outside_dew_point_spread_trend,-0.7754373848388889,2026-07-11T20:00:00+00:00
sensor.datchik_klimata_temperatura,14.344604403888889,2026-07-11T21:00:00+00:00
sensor.datchik_klimata_vlazhnost,86.60303474944443,2026-07-11T21:00:00+00:00
sensor.outside_dew_point_spread_trend,-0.43969673091666667,2026-07-11T21:00:00+00:00
sensor.datchik_klimata_temperatura,13.965486873638888,2026-07-11T22:00:00+00:00
sensor.datchik_klimata_vlazhnost,87.50534980527777,2026-07-11T22:00:00+00:00
sensor.outside_dew_point_spread_trend,-0.15160524741666667,2026-07-11T22:00:00+00:00
sensor.datchik_klimata_temperatura,13.533096127999999,2026-07-11T23:00:00+00:00
sensor.datchik_klimata_vlazhnost,88.17331392527778,2026-07-11T23:00:00+00:00
sensor.outside_dew_point_spread_trend,-0.08115325475,2026-07-11T23:00:00+00:00
sensor.datchik_klimata_temperatura,13.110190329777778,2026-07-12T00:00:00+00:00
sensor.datchik_klimata_vlazhnost,89.47718244583332,2026-07-12T00:00:00+00:00
sensor.outside_dew_point_spread_trend,-0.26680537776111113,2026-07-12T00:00:00+00:00
sensor.datchik_klimata_temperatura,12.888678272055555,2026-07-12T01:00:00+00:00
sensor.datchik_klimata_vlazhnost,90.0,2026-07-12T01:00:00+00:00
sensor.outside_dew_point_spread_trend,-0.34,2026-07-12T01:00:00+00:00
sensor.datchik_klimata_temperatura,12.889434491861111,2026-07-12T02:00:00+00:00
sensor.datchik_klimata_vlazhnost,90.66140006611111,2026-07-12T02:00:00+00:00
sensor.outside_dew_point_spread_trend,-0.18787970391666667,2026-07-12T02:00:00+00:00
sensor.datchik_klimata_temperatura,13.336411821083333,2026-07-12T03:00:00+00:00
sensor.datchik_klimata_vlazhnost,90.70372109,2026-07-12T03:00:00+00:00
sensor.outside_dew_point_spread_trend,-0.039714773027777775,2026-07-12T03:00:00+00:00
sensor.datchik_klimata_temperatura,14.38446530161111,2026-07-12T04:00:00+00:00
sensor.datchik_klimata_vlazhnost,86.58772723944445,2026-07-12T04:00:00+00:00
sensor.outside_dew_point_spread_trend,0.666939940261111,2026-07-12T04:00:00+00:00
sensor.datchik_klimata_temperatura,15.721878455166665,2026-07-12T05:00:00+00:00
sensor.datchik_klimata_vlazhnost,80.18900913750001,2026-07-12T05:00:00+00:00
sensor.outside_dew_point_spread_trend,1.212459213,2026-07-12T05:00:00+00:00
sensor.datchik_klimata_temperatura,17.081564960111113,2026-07-12T06:00:00+00:00
sensor.datchik_klimata_vlazhnost,72.75187378833333,2026-07-12T06:00:00+00:00
sensor.outside_dew_point_spread_trend,1.4902849756027778,2026-07-12T06:00:00+00:00
sensor.datchik_klimata_temperatura,17.226778805444443,2026-07-12T07:00:00+00:00
sensor.datchik_klimata_vlazhnost,71.68830726861111,2026-07-12T07:00:00+00:00
sensor.outside_dew_point_spread_trend,0.40393625885555556,2026-07-12T07:00:00+00:00
sensor.datchik_klimata_temperatura,19.05561284338889,2026-07-12T08:00:00+00:00
sensor.datchik_klimata_vlazhnost,65.91147503333333,2026-07-12T08:00:00+00:00
sensor.outside_dew_point_spread_trend,1.2601231073027777,2026-07-12T08:00:00+00:00
sensor.datchik_klimata_temperatura,18.71600672413889,2026-07-12T09:00:00+00:00
sensor.datchik_klimata_vlazhnost,66.82331180805555,2026-07-12T09:00:00+00:00
sensor.outside_dew_point_spread_trend,-0.316471231825,2026-07-12T09:00:00+00:00
sensor.datchik_klimata_temperatura,20.090776881305555,2026-07-12T10:00:00+00:00
sensor.datchik_klimata_vlazhnost,63.996470253888894,2026-07-12T10:00:00+00:00
sensor.outside_dew_point_spread_trend,0.6948852618027778,2026-07-12T10:00:00+00:00
sensor.datchik_klimata_temperatura,20.450248820333332,2026-07-12T11:00:00+00:00
sensor.datchik_klimata_vlazhnost,62.57944180888888,2026-07-12T11:00:00+00:00
sensor.outside_dew_point_spread_trend,0.5596842783694445,2026-07-12T11:00:00+00:00
sensor.datchik_klimata_temperatura,19.777422803166665,2026-07-12T12:00:00+00:00
sensor.datchik_klimata_vlazhnost,66.359979965,2026-07-12T12:00:00+00:00
sensor.outside_dew_point_spread_trend,-1.0572449796805556,2026-07-12T12:00:00+00:00
sensor.datchik_klimata_temperatura,19.347368720472222,2026-07-12T13:00:00+00:00
sensor.datchik_klimata_vlazhnost,68.7286358588889,2026-07-12T13:00:00+00:00
sensor.outside_dew_point_spread_trend,-0.6428089987388889,2026-07-12T13:00:00+00:00
sensor.datchik_klimata_temperatura,19.746458870055555,2026-07-12T14:00:00+00:00
sensor.datchik_klimata_vlazhnost,69.43282426694445,2026-07-12T14:00:00+00:00
sensor.outside_dew_point_spread_trend,-0.16538831856944444,2026-07-12T14:00:00+00:00
sensor.datchik_klimata_temperatura,19.68933853691667,2026-07-12T15:00:00+00:00
sensor.datchik_klimata_vlazhnost,71.28105856194445,2026-07-12T15:00:00+00:00
sensor.outside_dew_point_spread_trend,-0.3332471866666667,2026-07-12T15:00:00+00:00
sensor.datchik_klimata_temperatura,19.337616788916666,2026-07-12T16:00:00+00:00
sensor.datchik_klimata_vlazhnost,74.54828743722221,2026-07-12T16:00:00+00:00
sensor.outside_dew_point_spread_trend,-0.6797717424138888,2026-07-12T16:00:00+00:00
sensor.datchik_klimata_temperatura,18.948192021833332,2026-07-12T17:00:00+00:00
sensor.datchik_klimata_vlazhnost,78.22041262972222,2026-07-12T17:00:00+00:00
sensor.filtered_pressure,986.022404987253,2026-07-12T17:00:00+00:00
sensor.outside_dew_point_spread_trend,-0.6844616352222221,2026-07-12T17:00:00+00:00
sensor.datchik_klimata_temperatura,18.28644469172222,2026-07-12T18:00:00+00:00
sensor.datchik_klimata_vlazhnost,82.53408446055555,2026-07-12T18:00:00+00:00
sensor.filtered_pressure,986.3453211171083,2026-07-12T18:00:00+00:00
sensor.outside_dew_point_spread_trend,-0.9133490677444445,2026-07-12T18:00:00+00:00
sensor.datchik_klimata_temperatura,17.696102314333334,2026-07-12T19:00:00+00:00
sensor.datchik_klimata_vlazhnost,86.17680478555555,2026-07-12T19:00:00+00:00
sensor.filtered_pressure,986.1239480324556,2026-07-12T19:00:00+00:00
sensor.outside_dew_point_spread_trend,-0.6314961105416667,2026-07-12T19:00:00+00:00
sensor.datchik_klimata_temperatura,17.902601116333333,2026-07-12T20:00:00+00:00
sensor.datchik_klimata_vlazhnost,88.22964181111111,2026-07-12T20:00:00+00:00
sensor.filtered_pressure,985.873057497325,2026-07-12T20:00:00+00:00
sensor.outside_dew_point_spread_trend,-0.5432726209722222,2026-07-12T20:00:00+00:00
sensor.datchik_klimata_temperatura,18.249334461416666,2026-07-12T21:00:00+00:00
sensor.datchik_klimata_vlazhnost,89.90980160166667,2026-07-12T21:00:00+00:00
sensor.filtered_pressure,985.8195922090612,2026-07-12T21:00:00+00:00
sensor.outside_dew_point_spread_trend,-0.2522257881388889,2026-07-12T21:00:00+00:00
sensor.datchik_klimata_temperatura,18.359659959944445,2026-07-12T22:00:00+00:00
sensor.datchik_klimata_vlazhnost,90.0,2026-07-12T22:00:00+00:00
sensor.filtered_pressure,985.6393524898695,2026-07-12T22:00:00+00:00
sensor.outside_dew_point_spread_trend,-0.25,2026-07-12T22:00:00+00:00
sensor.datchik_klimata_temperatura,18.1723333135,2026-07-12T23:00:00+00:00
sensor.datchik_klimata_vlazhnost,90.48894191611112,2026-07-12T23:00:00+00:00
sensor.filtered_pressure,985.67,2026-07-12T23:00:00+00:00
sensor.outside_dew_point_spread_trend,-0.17176935457777778,2026-07-12T23:00:00+00:00
sensor.datchik_klimata_temperatura,17.51053985736111,2026-07-13T00:00:00+00:00
sensor.datchik_klimata_vlazhnost,90.24129451666666,2026-07-13T00:00:00+00:00
sensor.filtered_pressure,985.67,2026-07-13T00:00:00+00:00
sensor.outside_dew_point_spread_trend,0.09564525014999999,2026-07-13T00:00:00+00:00
sensor.datchik_klimata_temperatura,17.35371758152778,2026-07-13T01:00:00+00:00
sensor.datchik_klimata_vlazhnost,89.67316188027779,2026-07-13T01:00:00+00:00
sensor.filtered_pressure,985.67,2026-07-13T01:00:00+00:00
sensor.outside_dew_point_spread_trend,0.06536785816666667,2026-07-13T01:00:00+00:00
sensor.datchik_klimata_temperatura,17.305067699944445,2026-07-13T02:00:00+00:00
sensor.datchik_klimata_vlazhnost,90.20172039166665,2026-07-13T02:00:00+00:00
sensor.filtered_pressure,985.67,2026-07-13T02:00:00+00:00
sensor.outside_dew_point_spread_trend,-0.021835907222222225,2026-07-13T02:00:00+00:00
sensor.datchik_klimata_temperatura,17.87802034811111,2026-07-13T03:00:00+00:00
sensor.datchik_klimata_vlazhnost,89.34595878611111,2026-07-13T03:00:00+00:00
sensor.filtered_pressure,985.67,2026-07-13T03:00:00+00:00
sensor.outside_dew_point_spread_trend,0.1204275535138889,2026-07-13T03:00:00+00:00
sensor.datchik_klimata_temperatura,21.621931134611113,2026-07-13T04:00:00+00:00
sensor.datchik_klimata_vlazhnost,75.53713204805555,2026-07-13T04:00:00+00:00
sensor.filtered_pressure,985.67,2026-07-13T04:00:00+00:00
sensor.outside_dew_point_spread_trend,2.614374507675,2026-07-13T04:00:00+00:00
sensor.datchik_klimata_temperatura,24.96537699675,2026-07-13T05:00:00+00:00
sensor.datchik_klimata_vlazhnost,63.416677549444444,2026-07-13T05:00:00+00:00
sensor.filtered_pressure,985.6924522640778,2026-07-13T05:00:00+00:00
sensor.outside_dew_point_spread_trend,2.8528906732305557,2026-07-13T05:00:00+00:00
sensor.datchik_klimata_temperatura,27.41725395183333,2026-07-13T06:00:00+00:00
sensor.datchik_klimata_vlazhnost,56.670584096944445,2026-07-13T06:00:00+00:00
sensor.filtered_pressure,986.5070200431668,2026-07-13T06:00:00+00:00
sensor.outside_dew_point_spread_trend,1.99945416065,2026-07-13T06:00:00+00:00
sensor.datchik_klimata_temperatura,29.48333483722222,2026-07-13T07:00:00+00:00
sensor.datchik_klimata_vlazhnost,52.19248724972223,2026-07-13T07:00:00+00:00
sensor.filtered_pressure,986.7255469922944,2026-07-13T07:00:00+00:00
sensor.outside_dew_point_spread_trend,1.459303631288889,2026-07-13T07:00:00+00:00
sensor.datchik_klimata_temperatura,29.34467805463889,2026-07-13T08:00:00+00:00
sensor.datchik_klimata_vlazhnost,52.50905610694445,2026-07-13T08:00:00+00:00
sensor.filtered_pressure,986.9068077878084,2026-07-13T08:00:00+00:00
sensor.outside_dew_point_spread_trend,0.03887778995000001,2026-07-13T08:00:00+00:00
sensor.datchik_klimata_temperatura,29.53264046288889,2026-07-13T09:00:00+00:00
sensor.datchik_klimata_vlazhnost,48.50713369111111,2026-07-13T09:00:00+00:00
sensor.filtered_pressure,986.890776639625,2026-07-13T09:00:00+00:00
sensor.outside_dew_point_spread_trend,1.2685945497805557,2026-07-13T09:00:00+00:00
sensor.datchik_klimata_temperatura,29.810494448722224,2026-07-13T10:00:00+00:00
sensor.datchik_klimata_vlazhnost,44.078158664166665,2026-07-13T10:00:00+00:00
sensor.filtered_pressure,986.9467491025362,2026-07-13T10:00:00+00:00
sensor.outside_dew_point_spread_trend,1.3462552569777777,2026-07-13T10:00:00+00:00
sensor.datchik_klimata_temperatura,28.442159279277778,2026-07-13T11:00:00+00:00
sensor.datchik_klimata_vlazhnost,44.44578667555555,2026-07-13T11:00:00+00:00
sensor.filtered_pressure,987.1041414881971,2026-07-13T11:00:00+00:00
sensor.outside_dew_point_spread_trend,-0.2920117443916667,2026-07-13T11:00:00+00:00
sensor.datchik_klimata_temperatura,27.895023697916667,2026-07-13T12:00:00+00:00
sensor.datchik_klimata_vlazhnost,45.63861477444444,2026-07-13T12:00:00+00:00
sensor.filtered_pressure,987.1189710060362,2026-07-13T12:00:00+00:00
sensor.outside_dew_point_spread_trend,-0.47538369553333326,2026-07-13T12:00:00+00:00
sensor.datchik_klimata_temperatura,28.052890980111112,2026-07-13T13:00:00+00:00
sensor.datchik_klimata_vlazhnost,46.0000144975,2026-07-13T13:00:00+00:00
sensor.filtered_pressure,986.8428211809472,2026-07-13T13:00:00+00:00
sensor.outside_dew_point_spread_trend,-0.2281996653638889,2026-07-13T13:00:00+00:00
sensor.datchik_klimata_temperatura,28.100734446361113,2026-07-13T14:00:00+00:00
sensor.datchik_klimata_vlazhnost,46.63702045,2026-07-13T14:00:00+00:00
sensor.filtered_pressure,986.4700673750639,2026-07-13T14:00:00+00:00
sensor.outside_dew_point_spread_trend,-0.25354612905,2026-07-13T14:00:00+00:00
sensor.datchik_klimata_temperatura,27.636558607972223,2026-07-13T15:00:00+00:00
sensor.datchik_klimata_vlazhnost,49.03010395583333,2026-07-13T15:00:00+00:00
sensor.filtered_pressure,986.5257184207167,2026-07-13T15:00:00+00:00
sensor.outside_dew_point_spread_trend,-0.7488261820305556,2026-07-13T15:00:00+00:00
sensor.datchik_klimata_temperatura,26.792020167194448,2026-07-13T16:00:00+00:00
sensor.datchik_klimata_vlazhnost,52.40720657944445,2026-07-13T16:00:00+00:00
sensor.filtered_pressure,986.7765821063389,2026-07-13T16:00:00+00:00
sensor.outside_dew_point_spread_trend,-1.055627756625,2026-07-13T16:00:00+00:00
sensor.datchik_klimata_temperatura,25.737927307277776,2026-07-13T17:00:00+00:00
sensor.datchik_klimata_vlazhnost,58.17453164027777,2026-07-13T17:00:00+00:00
sensor.filtered_pressure,987.0409562898277,2026-07-13T17:00:00+00:00
sensor.outside_dew_point_spread_trend,-1.7556697300833333,2026-07-13T17:00:00+00:00
sensor.datchik_klimata_temperatura,24.700437512888886,2026-07-13T18:00:00+00:00
sensor.datchik_klimata_vlazhnost,60.98973525805555,2026-07-13T18:00:00+00:00
sensor.filtered_pressure,987.4497752785638,2026-07-13T18:00:00+00:00
sensor.outside_dew_point_spread_trend,-1.4756740654833334,2026-07-13T18:00:00+00:00
sensor.datchik_klimata_temperatura,23.675262850222225,2026-07-13T19:00:00+00:00
sensor.datchik_klimata_vlazhnost,62.73113804194444,2026-07-13T19:00:00+00:00
sensor.filtered_pressure,988.193661126261,2026-07-13T19:00:00+00:00
sensor.outside_dew_point_spread_trend,-0.7003534552277778,2026-07-13T19:00:00+00:00
sensor.datchik_klimata_temperatura,22.74454806422222,2026-07-13T20:00:00+00:00
sensor.datchik_klimata_vlazhnost,66.43831396083333,2026-07-13T20:00:00+00:00
sensor.filtered_pressure,988.2934204639027,2026-07-13T20:00:00+00:00
sensor.outside_dew_point_spread_trend,-0.9024801758972223,2026-07-13T20:00:00+00:00
sensor.datchik_klimata_temperatura,21.848321601861112,2026-07-13T21:00:00+00:00
sensor.datchik_klimata_vlazhnost,71.79792297416667,2026-07-13T21:00:00+00:00
sensor.filtered_pressure,988.27,2026-07-13T21:00:00+00:00
sensor.outside_dew_point_spread_trend,-1.2351177459361111,2026-07-13T21:00:00+00:00
sensor.datchik_klimata_temperatura,20.95618981122222,2026-07-13T22:00:00+00:00
sensor.datchik_klimata_vlazhnost,75.04723500694445,2026-07-13T22:00:00+00:00
sensor.filtered_pressure,988.27,2026-07-13T22:00:00+00:00
sensor.outside_dew_point_spread_trend,-0.9013417825694444,2026-07-13T22:00:00+00:00
sensor.datchik_klimata_temperatura,20.096771034416665,2026-07-13T23:00:00+00:00
sensor.datchik_klimata_vlazhnost,78.82806978555556,2026-07-13T23:00:00+00:00
sensor.filtered_pressure,988.27,2026-07-13T23:00:00+00:00
sensor.outside_dew_point_spread_trend,-0.7416279163166667,2026-07-13T23:00:00+00:00
sensor.datchik_klimata_temperatura,19.24318456102778,2026-07-14T00:00:00+00:00
sensor.datchik_klimata_vlazhnost,82.00374940555555,2026-07-14T00:00:00+00:00
sensor.filtered_pressure,988.27,2026-07-14T00:00:00+00:00
sensor.outside_dew_point_spread_trend,-0.7415605446194444,2026-07-14T00:00:00+00:00
sensor.datchik_klimata_temperatura,18.73709697847222,2026-07-14T01:00:00+00:00
sensor.datchik_klimata_vlazhnost,84.6550036175,2026-07-14T01:00:00+00:00
sensor.filtered_pressure,988.27,2026-07-14T01:00:00+00:00
sensor.outside_dew_point_spread_trend,-0.5631596512388889,2026-07-14T01:00:00+00:00
sensor.datchik_klimata_temperatura,18.478310060027777,2026-07-14T02:00:00+00:00
sensor.datchik_klimata_vlazhnost,85.717880805,2026-07-14T02:00:00+00:00
sensor.filtered_pressure,988.27,2026-07-14T02:00:00+00:00
sensor.outside_dew_point_spread_trend,-0.2987420952777778,2026-07-14T02:00:00+00:00
sensor.datchik_klimata_temperatura,18.866482623055557,2026-07-14T03:00:00+00:00
sensor.datchik_klimata_vlazhnost,84.87637568277778,2026-07-14T03:00:00+00:00
sensor.filtered_pressure,988.27,2026-07-14T03:00:00+00:00
sensor.outside_dew_point_spread_trend,0.09564972006111112,2026-07-14T03:00:00+00:00
sensor.datchik_klimata_temperatura,22.55793573413889,2026-07-14T04:00:00+00:00
sensor.datchik_klimata_vlazhnost,71.93084858472223,2026-07-14T04:00:00+00:00
sensor.filtered_pressure,988.27,2026-07-14T04:00:00+00:00
sensor.outside_dew_point_spread_trend,2.6678738481249997,2026-07-14T04:00:00+00:00
sensor.datchik_klimata_temperatura,26.199716175055556,2026-07-14T05:00:00+00:00
sensor.datchik_klimata_vlazhnost,59.97491676777778,2026-07-14T05:00:00+00:00
sensor.filtered_pressure,988.301834543886,2026-07-14T05:00:00+00:00
sensor.outside_dew_point_spread_trend,2.9733429139722225,2026-07-14T05:00:00+00:00
sensor.datchik_klimata_temperatura,28.260481320166665,2026-07-14T06:00:00+00:00
sensor.datchik_klimata_vlazhnost,53.19015119805556,2026-07-14T06:00:00+00:00
sensor.filtered_pressure,989.8620878943251,2026-07-14T06:00:00+00:00
sensor.outside_dew_point_spread_trend,2.0824922382055555,2026-07-14T06:00:00+00:00
sensor.datchik_klimata_temperatura,29.664005791277777,2026-07-14T07:00:00+00:00
sensor.datchik_klimata_vlazhnost,47.76464112833333,2026-07-14T07:00:00+00:00
sensor.filtered_pressure,990.0085863436167,2026-07-14T07:00:00+00:00
sensor.outside_dew_point_spread_trend,1.870737524797222,2026-07-14T07:00:00+00:00
sensor.datchik_klimata_temperatura,28.407493051805556,2026-07-14T08:00:00+00:00
sensor.datchik_klimata_vlazhnost,48.22125976361111,2026-07-14T08:00:00+00:00
sensor.filtered_pressure,990.3496246958445,2026-07-14T08:00:00+00:00
sensor.outside_dew_point_spread_trend,-0.25070632886944444,2026-07-14T08:00:00+00:00
sensor.datchik_klimata_temperatura,29.427079239583335,2026-07-14T09:00:00+00:00
sensor.datchik_klimata_vlazhnost,45.14400458166667,2026-07-14T09:00:00+00:00
sensor.filtered_pressure,990.4714297660806,2026-07-14T09:00:00+00:00
sensor.outside_dew_point_spread_trend,0.8261199312055556,2026-07-14T09:00:00+00:00
sensor.datchik_klimata_temperatura,28.957354246944448,2026-07-14T10:00:00+00:00
sensor.datchik_klimata_vlazhnost,46.9675412125,2026-07-14T10:00:00+00:00
sensor.filtered_pressure,990.5727997291833,2026-07-14T10:00:00+00:00
sensor.outside_dew_point_spread_trend,-0.6137195308333333,2026-07-14T10:00:00+00:00
sensor.datchik_klimata_temperatura,26.81964614416667,2026-07-14T11:00:00+00:00
sensor.datchik_klimata_vlazhnost,48.173073232777774,2026-07-14T11:00:00+00:00
sensor.filtered_pressure,990.6336958166222,2026-07-14T11:00:00+00:00
sensor.outside_dew_point_spread_trend,-0.6183936781722222,2026-07-14T11:00:00+00:00
sensor.datchik_klimata_temperatura,26.480190405194445,2026-07-14T12:00:00+00:00
sensor.datchik_klimata_vlazhnost,48.20226643388889,2026-07-14T12:00:00+00:00
sensor.filtered_pressure,990.4789376211778,2026-07-14T12:00:00+00:00
sensor.outside_dew_point_spread_trend,0.055964319233333344,2026-07-14T12:00:00+00:00
sensor.datchik_klimata_temperatura,26.076712649666664,2026-07-14T13:00:00+00:00
sensor.datchik_klimata_vlazhnost,49.42110220027778,2026-07-14T13:00:00+00:00
sensor.filtered_pressure,990.2561590167721,2026-07-14T13:00:00+00:00
sensor.outside_dew_point_spread_trend,-0.5421859470222222,2026-07-14T13:00:00+00:00
sensor.datchik_klimata_temperatura,26.02271329308333,2026-07-14T14:00:00+00:00
sensor.datchik_klimata_vlazhnost,48.584241802777775,2026-07-14T14:00:00+00:00
sensor.filtered_pressure,990.0011737546528,2026-07-14T14:00:00+00:00
sensor.outside_dew_point_spread_trend,0.26065671535555557,2026-07-14T14:00:00+00:00
sensor.datchik_klimata_temperatura,25.918502002166665,2026-07-14T15:00:00+00:00
sensor.datchik_klimata_vlazhnost,49.77627706305555,2026-07-14T15:00:00+00:00
sensor.filtered_pressure,990.0070078889056,2026-07-14T15:00:00+00:00
sensor.outside_dew_point_spread_trend,-0.6557375344833333,2026-07-14T15:00:00+00:00
sensor.datchik_klimata_temperatura,25.18739480102778,2026-07-14T16:00:00+00:00
sensor.datchik_klimata_vlazhnost,53.12756425277777,2026-07-14T16:00:00+00:00
sensor.filtered_pressure,990.1679206333944,2026-07-14T16:00:00+00:00
sensor.outside_dew_point_spread_trend,-1.081849289463889,2026-07-14T16:00:00+00:00
sensor.datchik_klimata_temperatura,24.363892079055557,2026-07-14T17:00:00+00:00
sensor.datchik_klimata_vlazhnost,55.254858938888894,2026-07-14T17:00:00+00:00
sensor.filtered_pressure,990.5974856392778,2026-07-14T17:00:00+00:00
sensor.outside_dew_point_spread_trend,-0.6492725030916667,2026-07-14T17:00:00+00:00
sensor.datchik_klimata_temperatura,23.331773885138887,2026-07-14T18:00:00+00:00
sensor.datchik_klimata_vlazhnost,60.63233818166666,2026-07-14T18:00:00+00:00
sensor.filtered_pressure,991.0221869099222,2026-07-14T18:00:00+00:00
sensor.outside_dew_point_spread_trend,-1.5312294217333333,2026-07-14T18:00:00+00:00
sensor.datchik_klimata_temperatura,22.350881966000003,2026-07-14T19:00:00+00:00
sensor.datchik_klimata_vlazhnost,64.54042797472222,2026-07-14T19:00:00+00:00
sensor.filtered_pressure,991.5736215091473,2026-07-14T19:00:00+00:00
sensor.outside_dew_point_spread_trend,-1.097210181577778,2026-07-14T19:00:00+00:00
sensor.datchik_klimata_temperatura,21.41107245913889,2026-07-14T20:00:00+00:00
sensor.datchik_klimata_vlazhnost,68.93842067416666,2026-07-14T20:00:00+00:00
sensor.filtered_pressure,991.7566720050778,2026-07-14T20:00:00+00:00
sensor.outside_dew_point_spread_trend,-1.0526118693805555,2026-07-14T20:00:00+00:00
sensor.datchik_klimata_temperatura,20.398813097305556,2026-07-14T21:00:00+00:00
sensor.datchik_klimata_vlazhnost,73.83251618055556,2026-07-14T21:00:00+00:00
sensor.filtered_pressure,991.8253052998749,2026-07-14T21:00:00+00:00
sensor.outside_dew_point_spread_trend,-1.116317294027778,2026-07-14T21:00:00+00:00
sensor.datchik_klimata_temperatura,19.673584372944443,2026-07-14T22:00:00+00:00
sensor.datchik_klimata_vlazhnost,77.3505913825,2026-07-14T22:00:00+00:00
sensor.filtered_pressure,992.0387421378277,2026-07-14T22:00:00+00:00
sensor.outside_dew_point_spread_trend,-0.8397051663694445,2026-07-14T22:00:00+00:00
sensor.datchik_klimata_temperatura,18.990691042444443,2026-07-14T23:00:00+00:00
sensor.datchik_klimata_vlazhnost,80.01722745916668,2026-07-14T23:00:00+00:00
sensor.filtered_pressure,992.0731481369667,2026-07-14T23:00:00+00:00
sensor.outside_dew_point_spread_trend,-0.6346062825777777,2026-07-14T23:00:00+00:00
sensor.datchik_klimata_temperatura,18.326461018472223,2026-07-15T00:00:00+00:00
sensor.datchik_klimata_vlazhnost,82.20174488916666,2026-07-15T00:00:00+00:00
sensor.filtered_pressure,992.0707575190418,2026-07-15T00:00:00+00:00
sensor.outside_dew_point_spread_trend,-0.4798292202777778,2026-07-15T00:00:00+00:00
sensor.datchik_klimata_temperatura,18.262530769472225,2026-07-15T01:00:00+00:00
sensor.datchik_klimata_vlazhnost,83.89466936111111,2026-07-15T01:00:00+00:00
sensor.filtered_pressure,992.0910154641389,2026-07-15T01:00:00+00:00
sensor.outside_dew_point_spread_trend,-0.3747464772,2026-07-15T01:00:00+00:00
sensor.datchik_klimata_temperatura,18.4,2026-07-15T02:00:00+00:00
sensor.datchik_klimata_vlazhnost,84.0,2026-07-15T02:00:00+00:00
sensor.filtered_pressure,992.0739613586221,2026-07-15T02:00:00+00:00
sensor.outside_dew_point_spread_trend,-0.36000000000000004,2026-07-15T02:00:00+00:00
sensor.datchik_klimata_temperatura,18.606789530555556,2026-07-15T03:00:00+00:00
sensor.datchik_klimata_vlazhnost,83.94778519777778,2026-07-15T03:00:00+00:00
sensor.filtered_pressure,992.1578936670527,2026-07-15T03:00:00+00:00
sensor.outside_dew_point_spread_trend,-0.3375480725694444,2026-07-15T03:00:00+00:00
sensor.datchik_klimata_temperatura,20.74192492961111,2026-07-15T04:00:00+00:00
sensor.datchik_klimata_vlazhnost,77.72215581805555,2026-07-15T04:00:00+00:00
sensor.filtered_pressure,992.3317862413556,2026-07-15T04:00:00+00:00
sensor.outside_dew_point_spread_trend,1.1531567648527776,2026-07-15T04:00:00+00:00
sensor.datchik_klimata_temperatura,26.02858528794444,2026-07-15T05:00:00+00:00
sensor.datchik_klimata_vlazhnost,58.56711990944444,2026-07-15T05:00:00+00:00
sensor.filtered_pressure,992.2482150876722,2026-07-15T05:00:00+00:00
sensor.outside_dew_point_spread_trend,4.776508318080555,2026-07-15T05:00:00+00:00
sensor.datchik_klimata_temperatura,29.080027553194444,2026-07-15T06:00:00+00:00
sensor.datchik_klimata_vlazhnost,49.38377324277778,2026-07-15T06:00:00+00:00
sensor.filtered_pressure,992.3168926606332,2026-07-15T06:00:00+00:00
sensor.outside_dew_point_spread_trend,3.082392865441667,2026-07-15T06:00:00+00:00
sensor.datchik_klimata_temperatura,29.96807855216667,2026-07-15T07:00:00+00:00
sensor.datchik_klimata_vlazhnost,44.947876928333336,2026-07-15T07:00:00+00:00
sensor.filtered_pressure,992.4765115008528,2026-07-15T07:00:00+00:00
sensor.outside_dew_point_spread_trend,1.5141019451444444,2026-07-15T07:00:00+00:00
sensor.datchik_klimata_temperatura,28.54660236975,2026-07-15T08:00:00+00:00
sensor.datchik_klimata_vlazhnost,47.304327585833335,2026-07-15T08:00:00+00:00
sensor.filtered_pressure,992.5833378901194,2026-07-15T08:00:00+00:00
sensor.outside_dew_point_spread_trend,-0.9707637863833334,2026-07-15T08:00:00+00:00
sensor.datchik_klimata_temperatura,29.66195141975,2026-07-15T09:00:00+00:00
sensor.datchik_klimata_vlazhnost,42.76714047777778,2026-07-15T09:00:00+00:00
sensor.filtered_pressure,992.5671099824889,2026-07-15T09:00:00+00:00
sensor.outside_dew_point_spread_trend,1.6485622230888888,2026-07-15T09:00:00+00:00
sensor.datchik_klimata_temperatura,29.374679466388887,2026-07-15T10:00:00+00:00
sensor.datchik_klimata_vlazhnost,41.91339062388889,2026-07-15T10:00:00+00:00
sensor.filtered_pressure,992.4952079647168,2026-07-15T10:00:00+00:00
sensor.outside_dew_point_spread_trend,0.2030717688861111,2026-07-15T10:00:00+00:00
sensor.datchik_klimata_temperatura,27.845896059555557,2026-07-15T11:00:00+00:00
sensor.datchik_klimata_vlazhnost,42.774374861944445,2026-07-15T11:00:00+00:00
sensor.filtered_pressure,992.2351008541694,2026-07-15T11:00:00+00:00
sensor.outside_dew_point_spread_trend,-0.8124103480694446,2026-07-15T11:00:00+00:00
sensor.datchik_klimata_temperatura,26.947951358083333,2026-07-15T12:00:00+00:00
sensor.datchik_klimata_vlazhnost,46.32105394305555,2026-07-15T12:00:00+00:00
sensor.filtered_pressure,992.1720328334806,2026-07-15T12:00:00+00:00
sensor.outside_dew_point_spread_trend,-1.3035181091527779,2026-07-15T12:00:00+00:00
sensor.datchik_klimata_temperatura,26.40835781075,2026-07-15T13:00:00+00:00
sensor.datchik_klimata_vlazhnost,45.683499882777774,2026-07-15T13:00:00+00:00
sensor.filtered_pressure,992.0588379176528,2026-07-15T13:00:00+00:00
sensor.outside_dew_point_spread_trend,0.11883497105833334,2026-07-15T13:00:00+00:00
sensor.datchik_klimata_temperatura,26.016422814833334,2026-07-15T14:00:00+00:00
sensor.datchik_klimata_vlazhnost,45.9997504675,2026-07-15T14:00:00+00:00
sensor.filtered_pressure,992.0108170976417,2026-07-15T14:00:00+00:00
sensor.outside_dew_point_spread_trend,-0.23115460151944445,2026-07-15T14:00:00+00:00
sensor.datchik_klimata_temperatura,25.607789217333334,2026-07-15T15:00:00+00:00
sensor.datchik_klimata_vlazhnost,45.240900510555555,2026-07-15T15:00:00+00:00
sensor.filtered_pressure,991.8995452913528,2026-07-15T15:00:00+00:00
sensor.outside_dew_point_spread_trend,0.3309934723,2026-07-15T15:00:00+00:00
sensor.datchik_klimata_temperatura,24.538000934222225,2026-07-15T16:00:00+00:00
sensor.datchik_klimata_vlazhnost,42.19290378111111,2026-07-15T16:00:00+00:00
sensor.filtered_pressure,992.0132675883305,2026-07-15T16:00:00+00:00
sensor.outside_dew_point_spread_trend,0.8962866422222223,2026-07-15T16:00:00+00:00
sensor.datchik_klimata_temperatura,23.47470257019444,2026-07-15T17:00:00+00:00
sensor.datchik_klimata_vlazhnost,43.26043871361111,2026-07-15T17:00:00+00:00
sensor.filtered_pressure,991.9788278327778,2026-07-15T17:00:00+00:00
sensor.outside_dew_point_spread_trend,-0.2660427251,2026-07-15T17:00:00+00:00
sensor.datchik_klimata_temperatura,22.106283776833333,2026-07-15T18:00:00+00:00
sensor.datchik_klimata_vlazhnost,47.74636310583333,2026-07-15T18:00:00+00:00
sensor.filtered_pressure,992.2787081165138,2026-07-15T18:00:00+00:00
sensor.outside_dew_point_spread_trend,-1.481567095788889,2026-07-15T18:00:00+00:00
sensor.datchik_klimata_temperatura,20.735187070777776,2026-07-15T19:00:00+00:00
sensor.datchik_klimata_vlazhnost,52.649604744444446,2026-07-15T19:00:00+00:00
sensor.filtered_pressure,992.7203802497944,2026-07-15T19:00:00+00:00
sensor.outside_dew_point_spread_trend,-1.672909180561111,2026-07-15T19:00:00+00:00
sensor.datchik_klimata_temperatura,19.862041708833335,2026-07-15T20:00:00+00:00
sensor.datchik_klimata_vlazhnost,55.62939485361111,2026-07-15T20:00:00+00:00
sensor.filtered_pressure,993.0744153146834,2026-07-15T20:00:00+00:00
sensor.outside_dew_point_spread_trend,-0.9499958935638889,2026-07-15T20:00:00+00:00
sensor.datchik_klimata_temperatura,18.715254099944445,2026-07-15T21:00:00+00:00
sensor.datchik_klimata_vlazhnost,61.19121240861111,2026-07-15T21:00:00+00:00
sensor.filtered_pressure,993.191069975489,2026-07-15T21:00:00+00:00
sensor.outside_dew_point_spread_trend,-1.4369082390749999,2026-07-15T21:00:00+00:00
sensor.datchik_klimata_temperatura,17.832755546111112,2026-07-15T22:00:00+00:00
sensor.datchik_klimata_vlazhnost,65.57087725583334,2026-07-15T22:00:00+00:00
sensor.filtered_pressure,993.1699550468999,2026-07-15T22:00:00+00:00
sensor.outside_dew_point_spread_trend,-1.3038550074666666,2026-07-15T22:00:00+00:00
sensor.datchik_klimata_temperatura,17.20347327663889,2026-07-15T23:00:00+00:00
sensor.datchik_klimata_vlazhnost,68.92508684833334,2026-07-15T23:00:00+00:00
sensor.filtered_pressure,993.3574131156861,2026-07-15T23:00:00+00:00
sensor.outside_dew_point_spread_trend,-0.7538986871055555,2026-07-15T23:00:00+00:00
sensor.datchik_klimata_temperatura,16.40847776988889,2026-07-16T00:00:00+00:00
sensor.datchik_klimata_vlazhnost,73.69692197277777,2026-07-16T00:00:00+00:00
sensor.filtered_pressure,993.2598552921528,2026-07-16T00:00:00+00:00
sensor.outside_dew_point_spread_trend,-1.0674313120666667,2026-07-16T00:00:00+00:00
sensor.datchik_klimata_temperatura,16.00549313252778,2026-07-16T01:00:00+00:00
sensor.datchik_klimata_vlazhnost,76.12929716472222,2026-07-16T01:00:00+00:00
sensor.filtered_pressure,993.3045186905416,2026-07-16T01:00:00+00:00
sensor.outside_dew_point_spread_trend,-0.6782032702083334,2026-07-16T01:00:00+00:00
sensor.datchik_klimata_temperatura,15.871707248694443,2026-07-16T02:00:00+00:00
sensor.datchik_klimata_vlazhnost,77.354359235,2026-07-16T02:00:00+00:00
sensor.filtered_pressure,993.2896392643111,2026-07-16T02:00:00+00:00
sensor.outside_dew_point_spread_trend,-0.3291283508888889,2026-07-16T02:00:00+00:00
sensor.datchik_klimata_temperatura,16.628761164416666,2026-07-16T03:00:00+00:00
sensor.datchik_klimata_vlazhnost,76.53361835277778,2026-07-16T03:00:00+00:00
sensor.filtered_pressure,993.1024937907888,2026-07-16T03:00:00+00:00
sensor.outside_dew_point_spread_trend,0.21775268341944443,2026-07-16T03:00:00+00:00
sensor.datchik_klimata_temperatura,20.877779000083333,2026-07-16T04:00:00+00:00
sensor.datchik_klimata_vlazhnost,63.80336027194445,2026-07-16T04:00:00+00:00
sensor.filtered_pressure,993.08098905085,2026-07-16T04:00:00+00:00
sensor.outside_dew_point_spread_trend,2.9678457857500002,2026-07-16T04:00:00+00:00
sensor.datchik_klimata_temperatura,24.751269318416664,2026-07-16T05:00:00+00:00
sensor.datchik_klimata_vlazhnost,54.24801379555555,2026-07-16T05:00:00+00:00
sensor.filtered_pressure,992.9486402745223,2026-07-16T05:00:00+00:00
sensor.outside_dew_point_spread_trend,2.741873070358334,2026-07-16T05:00:00+00:00
sensor.datchik_klimata_temperatura,27.698955378444442,2026-07-16T06:00:00+00:00
sensor.datchik_klimata_vlazhnost,47.407206979444446,2026-07-16T06:00:00+00:00
sensor.filtered_pressure,992.8930630405222,2026-07-16T06:00:00+00:00
sensor.outside_dew_point_spread_trend,2.375735021977778,2026-07-16T06:00:00+00:00
sensor.datchik_klimata_temperatura,29.04555195297222,2026-07-16T07:00:00+00:00
sensor.datchik_klimata_vlazhnost,44.07013372222222,2026-07-16T07:00:00+00:00
sensor.filtered_pressure,992.8744847372417,2026-07-16T07:00:00+00:00
sensor.outside_dew_point_spread_trend,1.338728280872222,2026-07-16T07:00:00+00:00
sensor.datchik_klimata_temperatura,27.84983794061111,2026-07-16T08:00:00+00:00
sensor.datchik_klimata_vlazhnost,44.3745483975,2026-07-16T08:00:00+00:00
sensor.filtered_pressure,993.0021213266167,2026-07-16T08:00:00+00:00
sensor.outside_dew_point_spread_trend,-0.23181145555555557,2026-07-16T08:00:00+00:00
sensor.datchik_klimata_temperatura,28.588778367944446,2026-07-16T09:00:00+00:00
sensor.datchik_klimata_vlazhnost,40.36826483722222,2026-07-16T09:00:00+00:00
sensor.filtered_pressure,992.850741804425,2026-07-16T09:00:00+00:00
sensor.outside_dew_point_spread_trend,1.5924266361472224,2026-07-16T09:00:00+00:00
sensor.datchik_klimata_temperatura,29.113680355222225,2026-07-16T10:00:00+00:00
sensor.datchik_klimata_vlazhnost,37.77417227055556,2026-07-16T10:00:00+00:00
sensor.filtered_pressure,992.7207703775833,2026-07-16T10:00:00+00:00
sensor.outside_dew_point_spread_trend,1.083148494,2026-07-16T10:00:00+00:00
sensor.datchik_klimata_temperatura,26.963205474083335,2026-07-16T11:00:00+00:00
sensor.datchik_klimata_vlazhnost,39.2492511325,2026-07-16T11:00:00+00:00
sensor.filtered_pressure,992.5933573901251,2026-07-16T11:00:00+00:00
sensor.outside_dew_point_spread_trend,-0.8888250644333334,2026-07-16T11:00:00+00:00
sensor.datchik_klimata_temperatura,26.31510567338889,2026-07-16T12:00:00+00:00
sensor.datchik_klimata_vlazhnost,39.819805690833334,2026-07-16T12:00:00+00:00
sensor.filtered_pressure,992.4148119366888,2026-07-16T12:00:00+00:00
sensor.outside_dew_point_spread_trend,-0.24592822627777777,2026-07-16T12:00:00+00:00
sensor.datchik_klimata_temperatura,26.182205474833335,2026-07-16T13:00:00+00:00
sensor.datchik_klimata_vlazhnost,41.39092617972222,2026-07-16T13:00:00+00:00
sensor.filtered_pressure,992.3525797313195,2026-07-16T13:00:00+00:00
sensor.outside_dew_point_spread_trend,-0.5545906210666667,2026-07-16T13:00:00+00:00
sensor.datchik_klimata_temperatura,26.39931620352778,2026-07-16T14:00:00+00:00
sensor.datchik_klimata_vlazhnost,40.396651157777775,2026-07-16T14:00:00+00:00
sensor.filtered_pressure,992.13515122625,2026-07-16T14:00:00+00:00
sensor.outside_dew_point_spread_trend,0.4337058976333334,2026-07-16T14:00:00+00:00
sensor.datchik_klimata_temperatura,24.845236139583335,2026-07-16T15:00:00+00:00
sensor.datchik_klimata_vlazhnost,46.74134531944444,2026-07-16T15:00:00+00:00
sensor.filtered_pressure,992.2767959737806,2026-07-16T15:00:00+00:00
sensor.outside_dew_point_spread_trend,-2.2707551993833333,2026-07-16T15:00:00+00:00
sensor.datchik_klimata_temperatura,24.3259820385,2026-07-16T16:00:00+00:00
sensor.datchik_klimata_vlazhnost,48.78275722916666,2026-07-16T16:00:00+00:00
sensor.filtered_pressure,992.2428684324223,2026-07-16T16:00:00+00:00
sensor.outside_dew_point_spread_trend,-0.792736155775,2026-07-16T16:00:00+00:00
sensor.datchik_klimata_temperatura,23.776174417861114,2026-07-16T17:00:00+00:00
sensor.datchik_klimata_vlazhnost,51.49003387305555,2026-07-16T17:00:00+00:00
sensor.filtered_pressure,992.2667269421667,2026-07-16T17:00:00+00:00
sensor.outside_dew_point_spread_trend,-0.841754646475,2026-07-16T17:00:00+00:00
sensor.datchik_klimata_temperatura,23.171374376388886,2026-07-16T18:00:00+00:00
sensor.datchik_klimata_vlazhnost,53.605331783055554,2026-07-16T18:00:00+00:00
sensor.filtered_pressure,992.3167402126168,2026-07-16T18:00:00+00:00
sensor.outside_dew_point_spread_trend,-0.7010583183305555,2026-07-16T18:00:00+00:00
sensor.datchik_klimata_temperatura,22.090991734,2026-07-16T19:00:00+00:00
sensor.datchik_klimata_vlazhnost,54.05841660833334,2026-07-16T19:00:00+00:00
sensor.filtered_pressure,992.4708920649861,2026-07-16T19:00:00+00:00
sensor.outside_dew_point_spread_trend,-0.2827776873,2026-07-16T19:00:00+00:00
sensor.datchik_klimata_temperatura,21.351517899472224,2026-07-16T20:00:00+00:00
sensor.datchik_klimata_vlazhnost,57.22317183361111,2026-07-16T20:00:00+00:00
sensor.filtered_pressure,992.7912913184388,2026-07-16T20:00:00+00:00
sensor.outside_dew_point_spread_trend,-0.9762169111083333,2026-07-16T20:00:00+00:00
sensor.datchik_klimata_temperatura,20.40015310661111,2026-07-16T21:00:00+00:00
sensor.datchik_klimata_vlazhnost,61.4260706975,2026-07-16T21:00:00+00:00
sensor.filtered_pressure,993.0400571439806,2026-07-16T21:00:00+00:00
sensor.outside_dew_point_spread_trend,-1.1181414668333334,2026-07-16T21:00:00+00:00
sensor.datchik_klimata_temperatura,19.610423608722222,2026-07-16T22:00:00+00:00
sensor.datchik_klimata_vlazhnost,64.4170444725,2026-07-16T22:00:00+00:00
sensor.filtered_pressure,993.2380052567,2026-07-16T22:00:00+00:00
sensor.outside_dew_point_spread_trend,-0.8437900655194444,2026-07-16T22:00:00+00:00
sensor.datchik_klimata_temperatura,18.74276759963889,2026-07-16T23:00:00+00:00
sensor.datchik_klimata_vlazhnost,66.86719629444444,2026-07-16T23:00:00+00:00
sensor.filtered_pressure,993.3418376704388,2026-07-16T23:00:00+00:00
sensor.outside_dew_point_spread_trend,-0.640628699125,2026-07-16T23:00:00+00:00
sensor.datchik_klimata_temperatura,17.969954587222222,2026-07-17T00:00:00+00:00
sensor.datchik_klimata_vlazhnost,67.45477238944444,2026-07-17T00:00:00+00:00
sensor.filtered_pressure,993.4828531227,2026-07-17T00:00:00+00:00
sensor.outside_dew_point_spread_trend,-0.2794625915138889,2026-07-17T00:00:00+00:00
sensor.datchik_klimata_temperatura,17.2451399965,2026-07-17T01:00:00+00:00
sensor.datchik_klimata_vlazhnost,66.77803368555556,2026-07-17T01:00:00+00:00
sensor.filtered_pressure,993.5624413339473,2026-07-17T01:00:00+00:00
sensor.outside_dew_point_spread_trend,0.2163266928805556,2026-07-17T01:00:00+00:00
sensor.datchik_klimata_temperatura,16.880639068333334,2026-07-17T02:00:00+00:00
sensor.datchik_klimata_vlazhnost,65.72395955500001,2026-07-17T02:00:00+00:00
sensor.filtered_pressure,993.6910257732138,2026-07-17T02:00:00+00:00
sensor.outside_dew_point_spread_trend,0.09753302829722221,2026-07-17T02:00:00+00:00
sensor.datchik_klimata_temperatura,17.384074177194446,2026-07-17T03:00:00+00:00
sensor.datchik_klimata_vlazhnost,62.873613911666666,2026-07-17T03:00:00+00:00
sensor.filtered_pressure,993.8281839545111,2026-07-17T03:00:00+00:00
sensor.outside_dew_point_spread_trend,0.7659492467027778,2026-07-17T03:00:00+00:00
sensor.datchik_klimata_temperatura,18.905725105833334,2026-07-17T04:00:00+00:00
sensor.datchik_klimata_vlazhnost,58.64785083944444,2026-07-17T04:00:00+00:00
sensor.filtered_pressure,993.8587307255945,2026-07-17T04:00:00+00:00
sensor.outside_dew_point_spread_trend,1.2550113961666667,2026-07-17T04:00:00+00:00
sensor.datchik_klimata_temperatura,24.459600105555555,2026-07-17T05:00:00+00:00
sensor.datchik_klimata_vlazhnost,44.05477507277777,2026-07-17T05:00:00+00:00
sensor.filtered_pressure,993.8640728645333,2026-07-17T05:00:00+00:00
sensor.outside_dew_point_spread_trend,4.647187540747223,2026-07-17T05:00:00+00:00
sensor.datchik_klimata_temperatura,26.977707293277774,2026-07-17T06:00:00+00:00
sensor.datchik_klimata_vlazhnost,35.69048487027778,2026-07-17T06:00:00+00:00
sensor.filtered_pressure,993.7139020652694,2026-07-17T06:00:00+00:00
sensor.outside_dew_point_spread_trend,3.4338378586944445,2026-07-17T06:00:00+00:00
sensor.datchik_klimata_temperatura,27.725896409194444,2026-07-17T07:00:00+00:00
sensor.datchik_klimata_vlazhnost,33.167968734999995,2026-07-17T07:00:00+00:00
sensor.filtered_pressure,993.654083550014,2026-07-17T07:00:00+00:00
sensor.outside_dew_point_spread_trend,1.2579924973055556,2026-07-17T07:00:00+00:00
sensor.datchik_klimata_temperatura,28.442968365,2026-07-17T08:00:00+00:00
sensor.datchik_klimata_vlazhnost,30.410542024999998,2026-07-17T08:00:00+00:00
sensor.filtered_pressure,993.4484424272333,2026-07-17T08:00:00+00:00
sensor.outside_dew_point_spread_trend,1.394219301186111,2026-07-17T08:00:00+00:00
sensor.datchik_klimata_temperatura,28.428483837194445,2026-07-17T09:00:00+00:00
sensor.datchik_klimata_vlazhnost,25.66051243777778,2026-07-17T09:00:00+00:00
sensor.filtered_pressure,993.340797685014,2026-07-17T09:00:00+00:00
sensor.outside_dew_point_spread_trend,2.487578874525,2026-07-17T09:00:00+00:00
sensor.datchik_klimata_temperatura,28.330711851527777,2026-07-17T10:00:00+00:00
sensor.datchik_klimata_vlazhnost,23.515820705,2026-07-17T10:00:00+00:00
sensor.filtered_pressure,993.0792428718083,2026-07-17T10:00:00+00:00
sensor.outside_dew_point_spread_trend,1.3931539923,2026-07-17T10:00:00+00:00
sensor.datchik_klimata_temperatura,25.82451813086111,2026-07-17T11:00:00+00:00
sensor.datchik_klimata_vlazhnost,29.03899102611111,2026-07-17T11:00:00+00:00
sensor.filtered_pressure,992.6006780960306,2026-07-17T11:00:00+00:00
sensor.outside_dew_point_spread_trend,-4.353378389930556,2026-07-17T11:00:00+00:00
sensor.datchik_klimata_temperatura,24.98577214291667,2026-07-17T12:00:00+00:00
sensor.datchik_klimata_vlazhnost,29.43229016388889,2026-07-17T12:00:00+00:00
sensor.filtered_pressure,992.068538020475,2026-07-17T12:00:00+00:00
sensor.outside_dew_point_spread_trend,-1.6172794971111113,2026-07-17T12:00:00+00:00
sensor.datchik_klimata_temperatura,24.829463078916664,2026-07-17T13:00:00+00:00
sensor.datchik_klimata_vlazhnost,29.449862439166665,2026-07-17T13:00:00+00:00
sensor.filtered_pressure,991.6955341806723,2026-07-17T13:00:00+00:00
sensor.outside_dew_point_spread_trend,0.1186882815388889,2026-07-17T13:00:00+00:00
sensor.datchik_klimata_temperatura,24.87165023830556,2026-07-17T14:00:00+00:00
sensor.datchik_klimata_vlazhnost,29.201956111944444,2026-07-17T14:00:00+00:00
sensor.filtered_pressure,991.2312366774389,2026-07-17T14:00:00+00:00
sensor.outside_dew_point_spread_trend,0.017071831213888895,2026-07-17T14:00:00+00:00
sensor.datchik_klimata_temperatura,24.57434044361111,2026-07-17T15:00:00+00:00
sensor.datchik_klimata_vlazhnost,28.467724452499997,2026-07-17T15:00:00+00:00
sensor.filtered_pressure,990.7591907981888,2026-07-17T15:00:00+00:00
sensor.outside_dew_point_spread_trend,0.19887830494444447,2026-07-17T15:00:00+00:00
sensor.datchik_klimata_temperatura,24.201805255249997,2026-07-17T16:00:00+00:00
sensor.datchik_klimata_vlazhnost,29.570925366111112,2026-07-17T16:00:00+00:00
sensor.filtered_pressure,990.3380678048194,2026-07-17T16:00:00+00:00
sensor.outside_dew_point_spread_trend,-0.5829731721416667,2026-07-17T16:00:00+00:00
sensor.datchik_klimata_temperatura,23.495892123416667,2026-07-17T17:00:00+00:00
sensor.datchik_klimata_vlazhnost,33.04099892277778,2026-07-17T17:00:00+00:00
sensor.filtered_pressure,990.1243970024138,2026-07-17T17:00:00+00:00
sensor.outside_dew_point_spread_trend,-1.7895171439527777,2026-07-17T17:00:00+00:00
sensor.datchik_klimata_temperatura,22.303321081333333,2026-07-17T18:00:00+00:00
sensor.datchik_klimata_vlazhnost,37.40910217222223,2026-07-17T18:00:00+00:00
sensor.filtered_pressure,990.1304013243334,2026-07-17T18:00:00+00:00
sensor.outside_dew_point_spread_trend,-2.0052860023194445,2026-07-17T18:00:00+00:00
sensor.datchik_klimata_temperatura,20.919852387416665,2026-07-17T19:00:00+00:00
sensor.datchik_klimata_vlazhnost,40.299552490833335,2026-07-17T19:00:00+00:00
sensor.filtered_pressure,990.204462145061,2026-07-17T19:00:00+00:00
sensor.outside_dew_point_spread_trend,-1.2483012804305555,2026-07-17T19:00:00+00:00
sensor.datchik_klimata_temperatura,19.829734793944443,2026-07-17T20:00:00+00:00
sensor.datchik_klimata_vlazhnost,40.484059431944445,2026-07-17T20:00:00+00:00
sensor.filtered_pressure,990.2272310836056,2026-07-17T20:00:00+00:00
sensor.outside_dew_point_spread_trend,-0.29950387310555554,2026-07-17T20:00:00+00:00
sensor.datchik_klimata_temperatura,19.07704303313889,2026-07-17T21:00:00+00:00
sensor.datchik_klimata_vlazhnost,42.4261323475,2026-07-17T21:00:00+00:00
sensor.filtered_pressure,990.275453354475,2026-07-17T21:00:00+00:00
sensor.outside_dew_point_spread_trend,-0.6674282824361111,2026-07-17T21:00:00+00:00
sensor.datchik_klimata_temperatura,18.346239461916667,2026-07-17T22:00:00+00:00
sensor.datchik_klimata_vlazhnost,45.33681954777777,2026-07-17T22:00:00+00:00
sensor.filtered_pressure,990.1882389795361,2026-07-17T22:00:00+00:00
sensor.outside_dew_point_spread_trend,-1.061285349063889,2026-07-17T22:00:00+00:00
sensor.datchik_klimata_temperatura,17.694296456388887,2026-07-17T23:00:00+00:00
sensor.datchik_klimata_vlazhnost,46.86135762111112,2026-07-17T23:00:00+00:00
sensor.filtered_pressure,989.9846274257388,2026-07-17T23:00:00+00:00
sensor.outside_dew_point_spread_trend,-0.6574378375055555,2026-07-17T23:00:00+00:00
sensor.datchik_klimata_temperatura,17.178407441416667,2026-07-18T00:00:00+00:00
sensor.datchik_klimata_vlazhnost,48.09985057416667,2026-07-18T00:00:00+00:00
sensor.filtered_pressure,989.7262590268416,2026-07-18T00:00:00+00:00
sensor.outside_dew_point_spread_trend,-0.4327592622611111,2026-07-18T00:00:00+00:00
sensor.datchik_klimata_temperatura,16.52249072677778,2026-07-18T01:00:00+00:00
sensor.datchik_klimata_vlazhnost,50.082329778611104,2026-07-18T01:00:00+00:00
sensor.filtered_pressure,989.6099485828082,2026-07-18T01:00:00+00:00
sensor.outside_dew_point_spread_trend,-0.5991767204888888,2026-07-18T01:00:00+00:00
sensor.datchik_klimata_temperatura,16.13858950863889,2026-07-18T02:00:00+00:00
sensor.datchik_klimata_vlazhnost,50.79832131277777,2026-07-18T02:00:00+00:00
sensor.filtered_pressure,989.3043540989584,2026-07-18T02:00:00+00:00
sensor.outside_dew_point_spread_trend,-0.26403345364722225,2026-07-18T02:00:00+00:00
sensor.datchik_klimata_temperatura,16.82524687852778,2026-07-18T03:00:00+00:00
sensor.datchik_klimata_vlazhnost,49.84104010694444,2026-07-18T03:00:00+00:00
sensor.filtered_pressure,988.9922161531584,2026-07-18T03:00:00+00:00
sensor.outside_dew_point_spread_trend,0.3685798955333333,2026-07-18T03:00:00+00:00
sensor.datchik_klimata_temperatura,21.12244764336111,2026-07-18T04:00:00+00:00
sensor.datchik_klimata_vlazhnost,39.514655928055554,2026-07-18T04:00:00+00:00
sensor.filtered_pressure,988.6900142568638,2026-07-18T04:00:00+00:00
sensor.outside_dew_point_spread_trend,3.69619535,2026-07-18T04:00:00+00:00
sensor.datchik_klimata_temperatura,22.935697552388888,2026-07-18T05:00:00+00:00
sensor.datchik_klimata_vlazhnost,36.59647874888889,2026-07-18T05:00:00+00:00
sensor.filtered_pressure,988.2610058610306,2026-07-18T05:00:00+00:00
sensor.outside_dew_point_spread_trend,1.622835599961111,2026-07-18T05:00:00+00:00
sensor.datchik_klimata_temperatura,25.542587721722224,2026-07-18T06:00:00+00:00
sensor.datchik_klimata_vlazhnost,33.22447766861111,2026-07-18T06:00:00+00:00
sensor.filtered_pressure,987.8497179680834,2026-07-18T06:00:00+00:00
sensor.outside_dew_point_spread_trend,1.7087784436027775,2026-07-18T06:00:00+00:00
sensor.datchik_klimata_temperatura,27.18653716644444,2026-07-18T07:00:00+00:00
sensor.datchik_klimata_vlazhnost,29.6527848525,2026-07-18T07:00:00+00:00
sensor.filtered_pressure,987.500337479375,2026-07-18T07:00:00+00:00
sensor.outside_dew_point_spread_trend,1.9014030184833333,2026-07-18T07:00:00+00:00
sensor.datchik_klimata_temperatura,28.469675752361113,2026-07-18T08:00:00+00:00
sensor.datchik_klimata_vlazhnost,29.035222855555556,2026-07-18T08:00:00+00:00
sensor.filtered_pressure,987.4699999999999,2026-07-18T08:00:00+00:00
sensor.outside_dew_point_spread_trend,0.4982805745,2026-07-18T08:00:00+00:00
sensor.datchik_klimata_temperatura,28.515429380055554,2026-07-18T09:00:00+00:00
sensor.datchik_klimata_vlazhnost,28.76247678333333,2026-07-18T09:00:00+00:00
sensor.filtered_pressure,987.4699999999999,2026-07-18T09:00:00+00:00
sensor.outside_dew_point_spread_trend,-0.0010816823249999996,2026-07-18T09:00:00+00:00
sensor.datchik_klimata_temperatura,28.85637023,2026-07-18T10:00:00+00:00
sensor.datchik_klimata_vlazhnost,27.72444771222222,2026-07-18T10:00:00+00:00
sensor.filtered_pressure,987.4699999999999,2026-07-18T10:00:00+00:00
sensor.outside_dew_point_spread_trend,0.7039814119333334,2026-07-18T10:00:00+00:00
sensor.datchik_klimata_temperatura,26.83898558802778,2026-07-18T11:00:00+00:00
sensor.datchik_klimata_vlazhnost,31.078901778888888,2026-07-18T11:00:00+00:00
sensor.filtered_pressure,987.4699999999999,2026-07-18T11:00:00+00:00
sensor.outside_dew_point_spread_trend,-2.126750921711111,2026-07-18T11:00:00+00:00
sensor.datchik_klimata_temperatura,26.76053599636111,2026-07-18T12:00:00+00:00
sensor.datchik_klimata_vlazhnost,31.671114114722226,2026-07-18T12:00:00+00:00
sensor.filtered_pressure,987.4699999999999,2026-07-18T12:00:00+00:00
sensor.outside_dew_point_spread_trend,-0.7517796314777777,2026-07-18T12:00:00+00:00
sensor.datchik_klimata_temperatura,26.801144863916665,2026-07-18T13:00:00+00:00
sensor.datchik_klimata_vlazhnost,30.07450880777778,2026-07-18T13:00:00+00:00
sensor.filtered_pressure,987.4699999999999,2026-07-18T13:00:00+00:00
sensor.outside_dew_point_spread_trend,0.6346976421027778,2026-07-18T13:00:00+00:00
sensor.datchik_klimata_temperatura,26.940264549861112,2026-07-18T14:00:00+00:00
sensor.datchik_klimata_vlazhnost,29.28535734333333,2026-07-18T14:00:00+00:00
sensor.filtered_pressure,987.4699999999999,2026-07-18T14:00:00+00:00
sensor.outside_dew_point_spread_trend,0.39282211176388887,2026-07-18T14:00:00+00:00
sensor.datchik_klimata_temperatura,26.86483384638889,2026-07-18T15:00:00+00:00
sensor.datchik_klimata_vlazhnost,29.0,2026-07-18T15:00:00+00:00
sensor.filtered_pressure,987.4699999999999,2026-07-18T15:00:00+00:00
sensor.outside_dew_point_spread_trend,0.18229152085833333,2026-07-18T15:00:00+00:00
sensor.datchik_klimata_temperatura,26.370771864916666,2026-07-18T16:00:00+00:00
sensor.datchik_klimata_vlazhnost,29.5789503475,2026-07-18T16:00:00+00:00
sensor.filtered_pressure,987.4699999999999,2026-07-18T16:00:00+00:00
sensor.outside_dew_point_spread_trend,-0.21985797882222222,2026-07-18T16:00:00+00:00
sensor.datchik_klimata_temperatura,25.90858244730556,2026-07-18T17:00:00+00:00
sensor.datchik_klimata_vlazhnost,31.0,2026-07-18T17:00:00+00:00
sensor.filtered_pressure,987.4699999999999,2026-07-18T17:00:00+00:00
sensor.outside_dew_point_spread_trend,-0.9494840674666666,2026-07-18T17:00:00+00:00
sensor.datchik_klimata_temperatura,25.222107398583333,2026-07-18T18:00:00+00:00
sensor.datchik_klimata_vlazhnost,32.89499159722222,2026-07-18T18:00:00+00:00
sensor.filtered_pressure,987.4699999999999,2026-07-18T18:00:00+00:00
sensor.outside_dew_point_spread_trend,-0.8834016009138889,2026-07-18T18:00:00+00:00
sensor.datchik_klimata_temperatura,24.316179571361115,2026-07-18T19:00:00+00:00
sensor.datchik_klimata_vlazhnost,38.79401785388889,2026-07-18T19:00:00+00:00
sensor.filtered_pressure,987.4699999999999,2026-07-18T19:00:00+00:00
sensor.outside_dew_point_spread_trend,-2.3643249986555555,2026-07-18T19:00:00+00:00
sensor.datchik_klimata_temperatura,22.39048089227778,2026-07-18T20:00:00+00:00
sensor.datchik_klimata_vlazhnost,57.688394985,2026-07-18T20:00:00+00:00
sensor.filtered_pressure,987.4699999999999,2026-07-18T20:00:00+00:00
sensor.outside_dew_point_spread_trend,-6.338372307158334,2026-07-18T20:00:00+00:00
sensor.datchik_klimata_temperatura,21.17758522633333,2026-07-18T21:00:00+00:00
sensor.datchik_klimata_vlazhnost,68.52885823305556,2026-07-18T21:00:00+00:00
sensor.filtered_pressure,987.4699999999999,2026-07-18T21:00:00+00:00
sensor.outside_dew_point_spread_trend,-2.7209046905,2026-07-18T21:00:00+00:00
sensor.datchik_klimata_temperatura,20.406894294361113,2026-07-18T22:00:00+00:00
sensor.datchik_klimata_vlazhnost,75.37732214305555,2026-07-18T22:00:00+00:00
sensor.filtered_pressure,987.4699999999999,2026-07-18T22:00:00+00:00
sensor.outside_dew_point_spread_trend,-1.8952054100749998,2026-07-18T22:00:00+00:00
sensor.datchik_klimata_temperatura,19.973308531194444,2026-07-18T23:00:00+00:00
sensor.datchik_klimata_vlazhnost,79.0031807686111,2026-07-18T23:00:00+00:00
sensor.filtered_pressure,987.4699999999999,2026-07-18T23:00:00+00:00
sensor.outside_dew_point_spread_trend,-0.7833414025027778,2026-07-18T23:00:00+00:00
sensor.datchik_klimata_temperatura,19.235810663333336,2026-07-19T00:00:00+00:00
sensor.datchik_klimata_vlazhnost,82.28683849527778,2026-07-19T00:00:00+00:00
sensor.filtered_pressure,987.4699999999999,2026-07-19T00:00:00+00:00
sensor.outside_dew_point_spread_trend,-0.6533521711388889,2026-07-19T00:00:00+00:00
sensor.datchik_klimata_temperatura,18.992402586361113,2026-07-19T01:00:00+00:00
sensor.datchik_klimata_vlazhnost,83.0,2026-07-19T01:00:00+00:00
sensor.filtered_pressure,987.4699999999999,2026-07-19T01:00:00+00:00
sensor.outside_dew_point_spread_trend,-0.56,2026-07-19T01:00:00+00:00
sensor.datchik_klimata_temperatura,18.87982707536111,2026-07-19T02:00:00+00:00
sensor.datchik_klimata_vlazhnost,83.20170818583334,2026-07-19T02:00:00+00:00
sensor.filtered_pressure,987.4699999999999,2026-07-19T02:00:00+00:00
sensor.outside_dew_point_spread_trend,-0.31586907687222227,2026-07-19T02:00:00+00:00
sensor.datchik_klimata_temperatura,18.839464999444445,2026-07-19T03:00:00+00:00
sensor.datchik_klimata_vlazhnost,82.572637895,2026-07-19T03:00:00+00:00
sensor.filtered_pressure,987.4699999999999,2026-07-19T03:00:00+00:00
sensor.outside_dew_point_spread_trend,0.19039998675277778,2026-07-19T03:00:00+00:00
sensor.datchik_klimata_temperatura,19.242635456944445,2026-07-19T04:00:00+00:00
sensor.datchik_klimata_vlazhnost,79.58139507,2026-07-19T04:00:00+00:00
sensor.filtered_pressure,987.4699999999999,2026-07-19T04:00:00+00:00
sensor.outside_dew_point_spread_trend,0.49465567025555557,2026-07-19T04:00:00+00:00
sensor.datchik_klimata_temperatura,19.69415122322222,2026-07-19T05:00:00+00:00
sensor.datchik_klimata_vlazhnost,78.40934104416667,2026-07-19T05:00:00+00:00
sensor.filtered_pressure,987.4699999999999,2026-07-19T05:00:00+00:00
sensor.outside_dew_point_spread_trend,0.35681238099166673,2026-07-19T05:00:00+00:00
sensor.datchik_klimata_temperatura,25.04390244686111,2026-07-19T06:00:00+00:00
sensor.datchik_klimata_vlazhnost,58.77579078722223,2026-07-19T06:00:00+00:00
sensor.filtered_pressure,987.4699999999999,2026-07-19T06:00:00+00:00
sensor.outside_dew_point_spread_trend,4.928345527486111,2026-07-19T06:00:00+00:00
sensor.datchik_klimata_temperatura,28.48089169072222,2026-07-19T07:00:00+00:00
sensor.datchik_klimata_vlazhnost,43.98579871333334,2026-07-19T07:00:00+00:00
sensor.filtered_pressure,987.4699999999999,2026-07-19T07:00:00+00:00
sensor.outside_dew_point_spread_trend,4.863953054630556,2026-07-19T07:00:00+00:00
sensor.datchik_klimata_temperatura,28.47912090525,2026-07-19T08:00:00+00:00
sensor.datchik_klimata_vlazhnost,43.221162926666665,2026-07-19T08:00:00+00:00
sensor.filtered_pressure,987.4699999999999,2026-07-19T08:00:00+00:00
sensor.outside_dew_point_spread_trend,0.32506694597499997,2026-07-19T08:00:00+00:00
sensor.datchik_klimata_temperatura,28.220850331694447,2026-07-19T09:00:00+00:00
sensor.datchik_klimata_vlazhnost,43.53827955972222,2026-07-19T09:00:00+00:00
sensor.filtered_pressure,987.4699999999999,2026-07-19T09:00:00+00:00
sensor.outside_dew_point_spread_trend,-0.20623532079444448,2026-07-19T09:00:00+00:00
sensor.datchik_klimata_temperatura,29.08100409025,2026-07-19T10:00:00+00:00
sensor.datchik_klimata_vlazhnost,40.394535320277775,2026-07-19T10:00:00+00:00
sensor.filtered_pressure,987.4699999999999,2026-07-19T10:00:00+00:00
sensor.outside_dew_point_spread_trend,1.3282132026472222,2026-07-19T10:00:00+00:00
sensor.datchik_klimata_temperatura,27.413084732194445,2026-07-19T11:00:00+00:00
sensor.datchik_klimata_vlazhnost,42.72264853138889,2026-07-19T11:00:00+00:00
sensor.filtered_pressure,987.4699999999999,2026-07-19T11:00:00+00:00
sensor.outside_dew_point_spread_trend,-0.673276536875,2026-07-19T11:00:00+00:00
sensor.datchik_klimata_temperatura,26.72462970125,2026-07-19T12:00:00+00:00
sensor.datchik_klimata_vlazhnost,44.25700115472222,2026-07-19T12:00:00+00:00
sensor.filtered_pressure,987.4699999999999,2026-07-19T12:00:00+00:00
sensor.outside_dew_point_spread_trend,-0.6572855660972222,2026-07-19T12:00:00+00:00
sensor.datchik_klimata_temperatura,26.317761353694447,2026-07-19T13:00:00+00:00
sensor.datchik_klimata_vlazhnost,43.96810313722222,2026-07-19T13:00:00+00:00
sensor.filtered_pressure,987.4699999999999,2026-07-19T13:00:00+00:00
sensor.outside_dew_point_spread_trend,0.16889765766666665,2026-07-19T13:00:00+00:00
sensor.datchik_klimata_temperatura,26.155304854666667,2026-07-19T14:00:00+00:00
sensor.datchik_klimata_vlazhnost,45.009027701388895,2026-07-19T14:00:00+00:00
sensor.filtered_pressure,987.4699999999999,2026-07-19T14:00:00+00:00
sensor.outside_dew_point_spread_trend,-0.16702780769444445,2026-07-19T14:00:00+00:00
sensor.datchik_klimata_temperatura,25.502745159277776,2026-07-19T15:00:00+00:00
sensor.datchik_klimata_vlazhnost,45.986341794999994,2026-07-19T15:00:00+00:00
sensor.filtered_pressure,986.9337388914861,2026-07-19T15:00:00+00:00
sensor.outside_dew_point_spread_trend,-0.2900998922611111,2026-07-19T15:00:00+00:00
sensor.datchik_klimata_temperatura,24.72459526547222,2026-07-19T16:00:00+00:00
sensor.datchik_klimata_vlazhnost,48.33657102666667,2026-07-19T16:00:00+00:00
sensor.filtered_pressure,987.0376090231222,2026-07-19T16:00:00+00:00
sensor.outside_dew_point_spread_trend,-0.40770236,2026-07-19T16:00:00+00:00
sensor.datchik_klimata_temperatura,23.870243087916666,2026-07-19T17:00:00+00:00
sensor.datchik_klimata_vlazhnost,49.85733192,2026-07-19T17:00:00+00:00
sensor.filtered_pressure,986.9008599841387,2026-07-19T17:00:00+00:00
sensor.outside_dew_point_spread_trend,-0.5242210572333333,2026-07-19T17:00:00+00:00
sensor.datchik_klimata_temperatura,22.859703326944445,2026-07-19T18:00:00+00:00
sensor.datchik_klimata_vlazhnost,53.60401235166666,2026-07-19T18:00:00+00:00
sensor.filtered_pressure,986.9909921395027,2026-07-19T18:00:00+00:00
sensor.outside_dew_point_spread_trend,-1.138151918511111,2026-07-19T18:00:00+00:00
sensor.datchik_klimata_temperatura,21.85370421925,2026-07-19T19:00:00+00:00
sensor.datchik_klimata_vlazhnost,56.51173564277778,2026-07-19T19:00:00+00:00
sensor.filtered_pressure,987.0814588763111,2026-07-19T19:00:00+00:00
sensor.outside_dew_point_spread_trend,-1.1829594725,2026-07-19T19:00:00+00:00
sensor.datchik_klimata_temperatura,21.20897714925,2026-07-19T20:00:00+00:00
sensor.datchik_klimata_vlazhnost,59.31307954222222,2026-07-19T20:00:00+00:00
sensor.filtered_pressure,986.6948156322695,2026-07-19T20:00:00+00:00
sensor.outside_dew_point_spread_trend,-0.8515481589611111,2026-07-19T20:00:00+00:00
sensor.datchik_klimata_temperatura,20.448453418333333,2026-07-19T21:00:00+00:00
sensor.datchik_klimata_vlazhnost,63.28092256111111,2026-07-19T21:00:00+00:00
sensor.filtered_pressure,986.6952249202112,2026-07-19T21:00:00+00:00
sensor.outside_dew_point_spread_trend,-1.00101265305,2026-07-19T21:00:00+00:00
sensor.datchik_klimata_temperatura,19.772045314583334,2026-07-19T22:00:00+00:00
sensor.datchik_klimata_vlazhnost,65.97093183138888,2026-07-19T22:00:00+00:00
sensor.filtered_pressure,986.677358284125,2026-07-19T22:00:00+00:00
sensor.outside_dew_point_spread_trend,-0.739211741475,2026-07-19T22:00:00+00:00
sensor.datchik_klimata_temperatura,19.390379265638888,2026-07-19T23:00:00+00:00
sensor.datchik_klimata_vlazhnost,66.32157101611111,2026-07-19T23:00:00+00:00
sensor.filtered_pressure,985.8816434056694,2026-07-19T23:00:00+00:00
sensor.outside_dew_point_spread_trend,-0.1929431615,2026-07-19T23:00:00+00:00
sensor.datchik_klimata_temperatura,19.016785081555557,2026-07-20T00:00:00+00:00
sensor.datchik_klimata_vlazhnost,68.34015129333334,2026-07-20T00:00:00+00:00
sensor.filtered_pressure,985.1767147291139,2026-07-20T00:00:00+00:00
sensor.outside_dew_point_spread_trend,-0.4782530534555556,2026-07-20T00:00:00+00:00
sensor.datchik_klimata_temperatura,18.545701354722222,2026-07-20T01:00:00+00:00
sensor.datchik_klimata_vlazhnost,72.83719917166667,2026-07-20T01:00:00+00:00
sensor.filtered_pressure,984.7086561890751,2026-07-20T01:00:00+00:00
sensor.outside_dew_point_spread_trend,-1.0252232529055556,2026-07-20T01:00:00+00:00
sensor.datchik_klimata_temperatura,18.035090282444443,2026-07-20T02:00:00+00:00
sensor.datchik_klimata_vlazhnost,77.2526137561111,2026-07-20T02:00:00+00:00
sensor.filtered_pressure,984.4201371932555,2026-07-20T02:00:00+00:00
sensor.outside_dew_point_spread_trend,-0.9047943258361112,2026-07-20T02:00:00+00:00
sensor.datchik_klimata_temperatura,18.482052244527775,2026-07-20T03:00:00+00:00
sensor.datchik_klimata_vlazhnost,79.6838469136111,2026-07-20T03:00:00+00:00
sensor.filtered_pressure,984.1719042827889,2026-07-20T03:00:00+00:00
sensor.outside_dew_point_spread_trend,-0.7275216054499999,2026-07-20T03:00:00+00:00
sensor.datchik_klimata_temperatura,19.4812046715,2026-07-20T04:00:00+00:00
sensor.datchik_klimata_vlazhnost,78.06706974472222,2026-07-20T04:00:00+00:00
sensor.filtered_pressure,983.7885310138362,2026-07-20T04:00:00+00:00
sensor.outside_dew_point_spread_trend,0.3015139992083333,2026-07-20T04:00:00+00:00
sensor.datchik_klimata_temperatura,19.44469679566667,2026-07-20T05:00:00+00:00
sensor.datchik_klimata_vlazhnost,80.89647473333333,2026-07-20T05:00:00+00:00
sensor.filtered_pressure,983.3962478128138,2026-07-20T05:00:00+00:00
sensor.outside_dew_point_spread_trend,-0.40903612205,2026-07-20T05:00:00+00:00
sensor.datchik_klimata_temperatura,19.14036223975,2026-07-20T06:00:00+00:00
sensor.datchik_klimata_vlazhnost,85.23998051833333,2026-07-20T06:00:00+00:00
sensor.filtered_pressure,983.1468192667083,2026-07-20T06:00:00+00:00
sensor.outside_dew_point_spread_trend,-0.7942152871027778,2026-07-20T06:00:00+00:00
sensor.datchik_klimata_temperatura,19.99971163113889,2026-07-20T07:00:00+00:00
sensor.datchik_klimata_vlazhnost,83.18098040416668,2026-07-20T07:00:00+00:00
sensor.filtered_pressure,983.4815998531194,2026-07-20T07:00:00+00:00
sensor.outside_dew_point_spread_trend,0.39420382120833336,2026-07-20T07:00:00+00:00
sensor.datchik_klimata_temperatura,21.14594622613889,2026-07-20T08:00:00+00:00
sensor.datchik_klimata_vlazhnost,76.72259494027777,2026-07-20T08:00:00+00:00
sensor.filtered_pressure,983.5442733222749,2026-07-20T08:00:00+00:00
sensor.outside_dew_point_spread_trend,1.3252234567916668,2026-07-20T08:00:00+00:00
sensor.datchik_klimata_temperatura,23.08911847425,2026-07-20T09:00:00+00:00
sensor.datchik_klimata_vlazhnost,67.5010870713889,2026-07-20T09:00:00+00:00
sensor.filtered_pressure,983.4824348038082,2026-07-20T09:00:00+00:00
sensor.outside_dew_point_spread_trend,2.068978028675,2026-07-20T09:00:00+00:00
sensor.datchik_klimata_temperatura,23.08135476772222,2026-07-20T10:00:00+00:00
sensor.datchik_klimata_vlazhnost,63.191823109722215,2026-07-20T10:00:00+00:00
sensor.filtered_pressure,983.9545850193111,2026-07-20T10:00:00+00:00
sensor.outside_dew_point_spread_trend,1.047180157686111,2026-07-20T10:00:00+00:00
sensor.datchik_klimata_temperatura,21.96086964041667,2026-07-20T11:00:00+00:00
sensor.datchik_klimata_vlazhnost,61.18052389277778,2026-07-20T11:00:00+00:00
sensor.filtered_pressure,984.5525561032723,2026-07-20T11:00:00+00:00
sensor.outside_dew_point_spread_trend,0.4904569595444444,2026-07-20T11:00:00+00:00
sensor.datchik_klimata_temperatura,21.265317977583333,2026-07-20T12:00:00+00:00
sensor.datchik_klimata_vlazhnost,54.59875482333334,2026-07-20T12:00:00+00:00
sensor.filtered_pressure,985.2835322940194,2026-07-20T12:00:00+00:00
sensor.outside_dew_point_spread_trend,1.6842272842166668,2026-07-20T12:00:00+00:00
sensor.datchik_klimata_temperatura,21.17040344547222,2026-07-20T13:00:00+00:00
sensor.datchik_klimata_vlazhnost,55.20180055083333,2026-07-20T13:00:00+00:00
sensor.filtered_pressure,985.5691524314111,2026-07-20T13:00:00+00:00
sensor.outside_dew_point_spread_trend,-0.20291267699999996,2026-07-20T13:00:00+00:00
sensor.datchik_klimata_temperatura,21.16274097975,2026-07-20T14:00:00+00:00
sensor.datchik_klimata_vlazhnost,53.06362804166667,2026-07-20T14:00:00+00:00
sensor.filtered_pressure,985.9372712672833,2026-07-20T14:00:00+00:00
sensor.outside_dew_point_spread_trend,0.6101185207694444,2026-07-20T14:00:00+00:00
sensor.datchik_klimata_temperatura,21.14260437711111,2026-07-20T15:00:00+00:00
sensor.datchik_klimata_vlazhnost,50.73195245027778,2026-07-20T15:00:00+00:00
sensor.filtered_pressure,985.870244659025,2026-07-20T15:00:00+00:00
sensor.outside_dew_point_spread_trend,0.5977473104833334,2026-07-20T15:00:00+00:00
sensor.datchik_klimata_temperatura,20.730567982444445,2026-07-20T16:00:00+00:00
sensor.datchik_klimata_vlazhnost,49.65858950555556,2026-07-20T16:00:00+00:00
sensor.filtered_pressure,986.1947313018917,2026-07-20T16:00:00+00:00
sensor.outside_dew_point_spread_trend,0.32896061512222224,2026-07-20T16:00:00+00:00
sensor.datchik_klimata_temperatura,19.93446560986111,2026-07-20T17:00:00+00:00
sensor.datchik_klimata_vlazhnost,51.138929850000004,2026-07-20T17:00:00+00:00
sensor.filtered_pressure,986.4753402229861,2026-07-20T17:00:00+00:00
sensor.outside_dew_point_spread_trend,-0.5065491598444445,2026-07-20T17:00:00+00:00
sensor.datchik_klimata_temperatura,19.192627682555557,2026-07-20T18:00:00+00:00
sensor.datchik_klimata_vlazhnost,53.87891476111111,2026-07-20T18:00:00+00:00
sensor.filtered_pressure,986.666604209411,2026-07-20T18:00:00+00:00
sensor.outside_dew_point_spread_trend,-0.8807648269833334,2026-07-20T18:00:00+00:00
sensor.datchik_klimata_temperatura,18.373716583361112,2026-07-20T19:00:00+00:00
sensor.datchik_klimata_vlazhnost,57.73622726916667,2026-07-20T19:00:00+00:00
sensor.filtered_pressure,987.0390080682056,2026-07-20T19:00:00+00:00
sensor.outside_dew_point_spread_trend,-1.1787430626555555,2026-07-20T19:00:00+00:00
sensor.datchik_klimata_temperatura,17.689571913583332,2026-07-20T20:00:00+00:00
sensor.datchik_klimata_vlazhnost,60.60411266305555,2026-07-20T20:00:00+00:00
sensor.filtered_pressure,987.2127510062916,2026-07-20T20:00:00+00:00
sensor.outside_dew_point_spread_trend,-0.7332926938416667,2026-07-20T20:00:00+00:00
sensor.datchik_klimata_temperatura,16.355133265777777,2026-07-20T21:00:00+00:00
sensor.datchik_klimata_vlazhnost,64.99499234611112,2026-07-20T21:00:00+00:00
sensor.filtered_pressure,987.2068322178638,2026-07-20T21:00:00+00:00
sensor.outside_dew_point_spread_trend,-1.1603432163861112,2026-07-20T21:00:00+00:00
sensor.datchik_klimata_temperatura,15.853464809777778,2026-07-20T22:00:00+00:00
sensor.datchik_klimata_vlazhnost,63.627557349722224,2026-07-20T22:00:00+00:00
sensor.filtered_pressure,987.3847484430056,2026-07-20T22:00:00+00:00
sensor.outside_dew_point_spread_trend,0.23168438828055557,2026-07-20T22:00:00+00:00
sensor.datchik_klimata_temperatura,15.51255664875,2026-07-20T23:00:00+00:00
sensor.datchik_klimata_vlazhnost,63.24329488138889,2026-07-20T23:00:00+00:00
sensor.filtered_pressure,987.1337814852028,2026-07-20T23:00:00+00:00
sensor.outside_dew_point_spread_trend,0.12872273647777777,2026-07-20T23:00:00+00:00
sensor.datchik_klimata_temperatura,14.79838393522222,2026-07-21T00:00:00+00:00
sensor.datchik_klimata_vlazhnost,69.69330618722222,2026-07-21T00:00:00+00:00
sensor.filtered_pressure,986.7767049562084,2026-07-21T00:00:00+00:00
sensor.outside_dew_point_spread_trend,-1.4757495000111112,2026-07-21T00:00:00+00:00
sensor.datchik_klimata_temperatura,14.562404951472223,2026-07-21T01:00:00+00:00
sensor.datchik_klimata_vlazhnost,70.58759467972222,2026-07-21T01:00:00+00:00
sensor.filtered_pressure,986.5001100384861,2026-07-21T01:00:00+00:00
sensor.outside_dew_point_spread_trend,-0.4037443670222223,2026-07-21T01:00:00+00:00
sensor.datchik_klimata_temperatura,14.002693036111111,2026-07-21T02:00:00+00:00
sensor.datchik_klimata_vlazhnost,71.4858986888889,2026-07-21T02:00:00+00:00
sensor.filtered_pressure,986.5373958951473,2026-07-21T02:00:00+00:00
sensor.outside_dew_point_spread_trend,-0.095397552575,2026-07-21T02:00:00+00:00
sensor.datchik_klimata_temperatura,14.436358532055555,2026-07-21T03:00:00+00:00
sensor.datchik_klimata_vlazhnost,67.88901898305555,2026-07-21T03:00:00+00:00
sensor.filtered_pressure,986.4983664033833,2026-07-21T03:00:00+00:00
sensor.outside_dew_point_spread_trend,0.6939378091388889,2026-07-21T03:00:00+00:00
sensor.datchik_klimata_temperatura,19.035729644333333,2026-07-21T04:00:00+00:00
sensor.datchik_klimata_vlazhnost,53.33296783888889,2026-07-21T04:00:00+00:00
sensor.filtered_pressure,986.3446601554166,2026-07-21T04:00:00+00:00
sensor.outside_dew_point_spread_trend,3.896766673166667,2026-07-21T04:00:00+00:00
sensor.datchik_klimata_temperatura,21.79070722738889,2026-07-21T05:00:00+00:00
sensor.datchik_klimata_vlazhnost,45.14575895694444,2026-07-21T05:00:00+00:00
sensor.filtered_pressure,986.3297485505973,2026-07-21T05:00:00+00:00
sensor.outside_dew_point_spread_trend,2.794596729986111,2026-07-21T05:00:00+00:00
sensor.datchik_klimata_temperatura,22.472110167777775,2026-07-21T06:00:00+00:00
sensor.datchik_klimata_vlazhnost,44.04388910583333,2026-07-21T06:00:00+00:00
sensor.filtered_pressure,985.9458025856001,2026-07-21T06:00:00+00:00
sensor.outside_dew_point_spread_trend,0.6759818653527777,2026-07-21T06:00:00+00:00
sensor.datchik_klimata_temperatura,24.311085661222222,2026-07-21T07:00:00+00:00
sensor.datchik_klimata_vlazhnost,40.32592516972222,2026-07-21T07:00:00+00:00
sensor.filtered_pressure,985.6734682852028,2026-07-21T07:00:00+00:00
sensor.outside_dew_point_spread_trend,1.5336025250305554,2026-07-21T07:00:00+00:00
sensor.datchik_klimata_temperatura,22.80513566186111,2026-07-21T08:00:00+00:00
sensor.datchik_klimata_vlazhnost,40.857519535,2026-07-21T08:00:00+00:00
sensor.filtered_pressure,985.3382736353223,2026-07-21T08:00:00+00:00
sensor.outside_dew_point_spread_trend,-0.3989186441805556,2026-07-21T08:00:00+00:00
sensor.datchik_klimata_temperatura,20.980520477472222,2026-07-21T09:00:00+00:00
sensor.datchik_klimata_vlazhnost,45.96835178611111,2026-07-21T09:00:00+00:00
sensor.filtered_pressure,984.9415710623028,2026-07-21T09:00:00+00:00
sensor.outside_dew_point_spread_trend,-2.1644816485944447,2026-07-21T09:00:00+00:00
sensor.datchik_klimata_temperatura,21.984908554472224,2026-07-21T10:00:00+00:00
sensor.datchik_klimata_vlazhnost,42.65072305,2026-07-21T10:00:00+00:00
sensor.filtered_pressure,984.3674672597862,2026-07-21T10:00:00+00:00
sensor.outside_dew_point_spread_trend,1.1335684891583333,2026-07-21T10:00:00+00:00
sensor.datchik_klimata_temperatura,20.283645010166666,2026-07-21T11:00:00+00:00
sensor.datchik_klimata_vlazhnost,48.05939885055556,2026-07-21T11:00:00+00:00
sensor.filtered_pressure,983.8612165232806,2026-07-21T11:00:00+00:00
sensor.outside_dew_point_spread_trend,-1.345035206275,2026-07-21T11:00:00+00:00
sensor.datchik_klimata_temperatura,15.194624760555556,2026-07-21T12:00:00+00:00
sensor.datchik_klimata_vlazhnost,81.48467118083333,2026-07-21T12:00:00+00:00
sensor.filtered_pressure,984.7145113151028,2026-07-21T12:00:00+00:00
sensor.outside_dew_point_spread_trend,-8.613087833794445,2026-07-21T12:00:00+00:00
sensor.datchik_klimata_temperatura,16.332008462277777,2026-07-21T13:00:00+00:00
sensor.datchik_klimata_vlazhnost,79.71220962805556,2026-07-21T13:00:00+00:00
sensor.filtered_pressure,983.7920554708361,2026-07-21T13:00:00+00:00
sensor.outside_dew_point_spread_trend,0.22457313138055549,2026-07-21T13:00:00+00:00
sensor.datchik_klimata_temperatura,17.358649003555556,2026-07-21T14:00:00+00:00
sensor.datchik_klimata_vlazhnost,68.70632367083333,2026-07-21T14:00:00+00:00
sensor.filtered_pressure,983.3982697496417,2026-07-21T14:00:00+00:00
sensor.outside_dew_point_spread_trend,2.4412309314,2026-07-21T14:00:00+00:00
sensor.datchik_klimata_temperatura,17.842822772,2026-07-21T15:00:00+00:00
sensor.datchik_klimata_vlazhnost,66.43807735138888,2026-07-21T15:00:00+00:00
sensor.filtered_pressure,983.1949925874638,2026-07-21T15:00:00+00:00
sensor.outside_dew_point_spread_trend,0.582354039975,2026-07-21T15:00:00+00:00
sensor.datchik_klimata_temperatura,16.637470314361114,2026-07-21T16:00:00+00:00
sensor.datchik_klimata_vlazhnost,72.46677807555555,2026-07-21T16:00:00+00:00
sensor.filtered_pressure,983.2761176389223,2026-07-21T16:00:00+00:00
sensor.outside_dew_point_spread_trend,-1.3908768033944445,2026-07-21T16:00:00+00:00
sensor.datchik_klimata_temperatura,15.59338999788889,2026-07-21T17:00:00+00:00
sensor.datchik_klimata_vlazhnost,82.65050473805555,2026-07-21T17:00:00+00:00
sensor.filtered_pressure,983.1073734411111,2026-07-21T17:00:00+00:00
sensor.outside_dew_point_spread_trend,-2.0206705939888887,2026-07-21T17:00:00+00:00
sensor.datchik_klimata_temperatura,14.881654243194445,2026-07-21T18:00:00+00:00
sensor.datchik_klimata_vlazhnost,86.33985412444444,2026-07-21T18:00:00+00:00
sensor.filtered_pressure,982.7819720097,2026-07-21T18:00:00+00:00
sensor.outside_dew_point_spread_trend,-0.8166218428,2026-07-21T18:00:00+00:00
sensor.datchik_klimata_temperatura,14.949118360944444,2026-07-21T19:00:00+00:00
sensor.datchik_klimata_vlazhnost,87.03631606750001,2026-07-21T19:00:00+00:00
sensor.filtered_pressure,982.839744458703,2026-07-21T19:00:00+00:00
sensor.outside_dew_point_spread_trend,-0.12965743785555553,2026-07-21T19:00:00+00:00
sensor.datchik_klimata_temperatura,14.563989069805556,2026-07-21T20:00:00+00:00
sensor.datchik_klimata_vlazhnost,87.59662787027777,2026-07-21T20:00:00+00:00
sensor.filtered_pressure,982.8494248094917,2026-07-21T20:00:00+00:00
sensor.outside_dew_point_spread_trend,-0.08032367782500001,2026-07-21T20:00:00+00:00
sensor.datchik_klimata_temperatura,14.419328840055556,2026-07-21T21:00:00+00:00
sensor.datchik_klimata_vlazhnost,88.7020550538889,2026-07-21T21:00:00+00:00
sensor.filtered_pressure,982.7024403854833,2026-07-21T21:00:00+00:00
sensor.outside_dew_point_spread_trend,-0.20530784745833333,2026-07-21T21:00:00+00:00
sensor.datchik_klimata_temperatura,14.620226114555555,2026-07-21T22:00:00+00:00
sensor.datchik_klimata_vlazhnost,89.0,2026-07-21T22:00:00+00:00
sensor.filtered_pressure,982.3894254017861,2026-07-21T22:00:00+00:00
sensor.outside_dew_point_spread_trend,-0.25,2026-07-21T22:00:00+00:00
sensor.datchik_klimata_temperatura,14.659641442166667,2026-07-21T23:00:00+00:00
sensor.datchik_klimata_vlazhnost,88.31545206944445,2026-07-21T23:00:00+00:00
sensor.filtered_pressure,981.9108035551444,2026-07-21T23:00:00+00:00
sensor.outside_dew_point_spread_trend,0.0009584827083333334,2026-07-21T23:00:00+00:00
sensor.datchik_klimata_temperatura,14.70791217861111,2026-07-22T00:00:00+00:00
sensor.datchik_klimata_vlazhnost,87.72783891444443,2026-07-22T00:00:00+00:00
sensor.filtered_pressure,981.5887687081362,2026-07-22T00:00:00+00:00
sensor.outside_dew_point_spread_trend,0.08445851199444444,2026-07-22T00:00:00+00:00
sensor.datchik_klimata_temperatura,14.718323471472223,2026-07-22T01:00:00+00:00
sensor.datchik_klimata_vlazhnost,88.25647340333335,2026-07-22T01:00:00+00:00
sensor.filtered_pressure,981.3891913635417,2026-07-22T01:00:00+00:00
sensor.outside_dew_point_spread_trend,-0.11459364180833333,2026-07-22T01:00:00+00:00
sensor.datchik_klimata_temperatura,14.25959065736111,2026-07-22T02:00:00+00:00
sensor.datchik_klimata_vlazhnost,94.749437905,2026-07-22T02:00:00+00:00
sensor.filtered_pressure,981.1962020250306,2026-07-22T02:00:00+00:00
sensor.outside_dew_point_spread_trend,-1.0408817783055555,2026-07-22T02:00:00+00:00
sensor.datchik_klimata_temperatura,13.896452922111111,2026-07-22T03:00:00+00:00
sensor.datchik_klimata_vlazhnost,97.88508009499999,2026-07-22T03:00:00+00:00
sensor.filtered_pressure,981.2779321285138,2026-07-22T03:00:00+00:00
sensor.outside_dew_point_spread_trend,-0.6528637605611111,2026-07-22T03:00:00+00:00
sensor.datchik_klimata_temperatura,14.072824209972223,2026-07-22T04:00:00+00:00
sensor.datchik_klimata_vlazhnost,98.47291409361111,2026-07-22T04:00:00+00:00
sensor.filtered_pressure,981.3199994333389,2026-07-22T04:00:00+00:00
sensor.outside_dew_point_spread_trend,-0.3493560411,2026-07-22T04:00:00+00:00
sensor.datchik_klimata_temperatura,14.591255703249999,2026-07-22T05:00:00+00:00
sensor.datchik_klimata_vlazhnost,99.0,2026-07-22T05:00:00+00:00
sensor.filtered_pressure,981.4465597009389,2026-07-22T05:00:00+00:00
sensor.outside_dew_point_spread_trend,-0.07,2026-07-22T05:00:00+00:00
sensor.datchik_klimata_temperatura,14.774362625055554,2026-07-22T06:00:00+00:00
sensor.datchik_klimata_vlazhnost,98.74629046138888,2026-07-22T06:00:00+00:00
sensor.filtered_pressure,981.6944867234196,2026-07-22T06:00:00+00:00
sensor.outside_dew_point_spread_trend,-0.03955498353333334,2026-07-22T06:00:00+00:00
sensor.datchik_klimata_temperatura,17.07307489975,2026-07-22T07:00:00+00:00
sensor.datchik_klimata_vlazhnost,95.6550280861111,2026-07-22T07:00:00+00:00
sensor.filtered_pressure,981.9082990989112,2026-07-22T07:00:00+00:00
sensor.outside_dew_point_spread_trend,0.4239288958166667,2026-07-22T07:00:00+00:00
sensor.datchik_klimata_temperatura,16.81042131338889,2026-07-22T08:00:00+00:00
sensor.datchik_klimata_vlazhnost,92.47234163722221,2026-07-22T08:00:00+00:00
sensor.filtered_pressure,982.3815463796167,2026-07-22T08:00:00+00:00
sensor.outside_dew_point_spread_trend,0.5839903200638888,2026-07-22T08:00:00+00:00
sensor.datchik_klimata_temperatura,19.75897038652778,2026-07-22T09:00:00+00:00
sensor.datchik_klimata_vlazhnost,71.8318715636111,2026-07-22T09:00:00+00:00
sensor.filtered_pressure,982.4990229657111,2026-07-22T09:00:00+00:00
sensor.outside_dew_point_spread_trend,4.005001385777778,2026-07-22T09:00:00+00:00
sensor.datchik_klimata_temperatura,20.918249732666666,2026-07-22T10:00:00+00:00
sensor.datchik_klimata_vlazhnost,65.92540067,2026-07-22T10:00:00+00:00
sensor.filtered_pressure,982.492986290075,2026-07-22T10:00:00+00:00
sensor.outside_dew_point_spread_trend,1.4396490163166664,2026-07-22T10:00:00+00:00
sensor.datchik_klimata_temperatura,18.873925685472223,2026-07-22T11:00:00+00:00
sensor.datchik_klimata_vlazhnost,78.86336263916667,2026-07-22T11:00:00+00:00
sensor.filtered_pressure,982.7907719241139,2026-07-22T11:00:00+00:00
sensor.outside_dew_point_spread_trend,-3.2641293431000005,2026-07-22T11:00:00+00:00
sensor.datchik_klimata_temperatura,19.502387755944444,2026-07-22T12:00:00+00:00
sensor.datchik_klimata_vlazhnost,64.84217979361111,2026-07-22T12:00:00+00:00
sensor.filtered_pressure,982.8035847006972,2026-07-22T12:00:00+00:00
sensor.outside_dew_point_spread_trend,2.9828709339194446,2026-07-22T12:00:00+00:00
sensor.datchik_klimata_temperatura,19.47896989277778,2026-07-22T13:00:00+00:00
sensor.datchik_klimata_vlazhnost,60.52555406166667,2026-07-22T13:00:00+00:00
sensor.filtered_pressure,983.1458400195194,2026-07-22T13:00:00+00:00
sensor.outside_dew_point_spread_trend,1.0725471576722223,2026-07-22T13:00:00+00:00
sensor.datchik_klimata_temperatura,17.69048487461111,2026-07-22T14:00:00+00:00
sensor.datchik_klimata_vlazhnost,69.88761669194444,2026-07-22T14:00:00+00:00
sensor.filtered_pressure,983.7586589164749,2026-07-22T14:00:00+00:00
sensor.outside_dew_point_spread_trend,-2.117553377152778,2026-07-22T14:00:00+00:00
sensor.datchik_klimata_temperatura,16.80252367125,2026-07-22T15:00:00+00:00
sensor.datchik_klimata_vlazhnost,80.27774278166667,2026-07-22T15:00:00+00:00
sensor.filtered_pressure,984.1320526249666,2026-07-22T15:00:00+00:00
sensor.outside_dew_point_spread_trend,-2.4676775840222223,2026-07-22T15:00:00+00:00
sensor.datchik_klimata_temperatura,16.318471611055553,2026-07-22T16:00:00+00:00
sensor.datchik_klimata_vlazhnost,78.23722794055556,2026-07-22T16:00:00+00:00
sensor.filtered_pressure,984.5357430039722,2026-07-22T16:00:00+00:00
sensor.outside_dew_point_spread_trend,0.3939048873777778,2026-07-22T16:00:00+00:00
sensor.datchik_klimata_temperatura,16.055501133611113,2026-07-22T17:00:00+00:00
sensor.datchik_klimata_vlazhnost,72.14954025333334,2026-07-22T17:00:00+00:00
sensor.filtered_pressure,984.8138504063833,2026-07-22T17:00:00+00:00
sensor.outside_dew_point_spread_trend,1.1790536401166667,2026-07-22T17:00:00+00:00
sensor.datchik_klimata_temperatura,15.327235323194444,2026-07-22T18:00:00+00:00
sensor.datchik_klimata_vlazhnost,77.03019550861111,2026-07-22T18:00:00+00:00
sensor.filtered_pressure,985.1489718126667,2026-07-22T18:00:00+00:00
sensor.outside_dew_point_spread_trend,-1.0071854358444445,2026-07-22T18:00:00+00:00
sensor.datchik_klimata_temperatura,14.469361750805556,2026-07-22T19:00:00+00:00
sensor.datchik_klimata_vlazhnost,81.14459450333334,2026-07-22T19:00:00+00:00
sensor.filtered_pressure,985.2967997414277,2026-07-22T19:00:00+00:00
sensor.outside_dew_point_spread_trend,-0.798609370275,2026-07-22T19:00:00+00:00
sensor.datchik_klimata_temperatura,13.646494118083334,2026-07-22T20:00:00+00:00
sensor.datchik_klimata_vlazhnost,84.92098351416666,2026-07-22T20:00:00+00:00
sensor.filtered_pressure,985.1934583019973,2026-07-22T20:00:00+00:00
sensor.outside_dew_point_spread_trend,-0.7083915734944445,2026-07-22T20:00:00+00:00
sensor.datchik_klimata_temperatura,13.295597569444444,2026-07-22T21:00:00+00:00
sensor.datchik_klimata_vlazhnost,86.40400760861111,2026-07-22T21:00:00+00:00
sensor.filtered_pressure,985.1052826883944,2026-07-22T21:00:00+00:00
sensor.outside_dew_point_spread_trend,-0.27427302386111113,2026-07-22T21:00:00+00:00
sensor.datchik_klimata_temperatura,12.911414598083333,2026-07-22T22:00:00+00:00
sensor.datchik_klimata_vlazhnost,86.0,2026-07-22T22:00:00+00:00
sensor.filtered_pressure,984.9421842475834,2026-07-22T22:00:00+00:00
sensor.outside_dew_point_spread_trend,0.0,2026-07-22T22:00:00+00:00
sensor.datchik_klimata_temperatura,12.914914996166667,2026-07-22T23:00:00+00:00
sensor.datchik_klimata_vlazhnost,86.0,2026-07-22T23:00:00+00:00
sensor.filtered_pressure,984.8317737192056,2026-07-22T23:00:00+00:00
sensor.outside_dew_point_spread_trend,0.0,2026-07-22T23:00:00+00:00
sensor.datchik_klimata_temperatura,12.704777186694445,2026-07-23T00:00:00+00:00
sensor.datchik_klimata_vlazhnost,86.42548789333334,2026-07-23T00:00:00+00:00
sensor.filtered_pressure,984.73251428705,2026-07-23T00:00:00+00:00
sensor.outside_dew_point_spread_trend,0.029583103033333336,2026-07-23T00:00:00+00:00
sensor.datchik_klimata_temperatura,12.258757891527777,2026-07-23T01:00:00+00:00
sensor.datchik_klimata_vlazhnost,88.65315840916666,2026-07-23T01:00:00+00:00
sensor.filtered_pressure,984.6231058282666,2026-07-23T01:00:00+00:00
sensor.outside_dew_point_spread_trend,-0.3569098531444444,2026-07-23T01:00:00+00:00
sensor.datchik_klimata_temperatura,12.531199860305556,2026-07-23T02:00:00+00:00
sensor.datchik_klimata_vlazhnost,89.39493158527777,2026-07-23T02:00:00+00:00
sensor.filtered_pressure,984.5144462939166,2026-07-23T02:00:00+00:00
sensor.outside_dew_point_spread_trend,-0.19557934839166666,2026-07-23T02:00:00+00:00
sensor.datchik_klimata_temperatura,13.045277669722223,2026-07-23T03:00:00+00:00
sensor.datchik_klimata_vlazhnost,88.80313422916667,2026-07-23T03:00:00+00:00
sensor.filtered_pressure,984.610416751475,2026-07-23T03:00:00+00:00
sensor.outside_dew_point_spread_trend,0.09314346825277776,2026-07-23T03:00:00+00:00
sensor.datchik_klimata_temperatura,14.037385262,2026-07-23T04:00:00+00:00
sensor.datchik_klimata_vlazhnost,85.42554693972222,2026-07-23T04:00:00+00:00
sensor.filtered_pressure,984.7940537936166,2026-07-23T04:00:00+00:00
sensor.outside_dew_point_spread_trend,0.6155907010083334,2026-07-23T04:00:00+00:00
sensor.datchik_klimata_temperatura,14.960612557611112,2026-07-23T05:00:00+00:00
sensor.datchik_klimata_vlazhnost,80.30019550555555,2026-07-23T05:00:00+00:00
sensor.filtered_pressure,984.8371000280582,2026-07-23T05:00:00+00:00
sensor.outside_dew_point_spread_trend,0.8935637164916667,2026-07-23T05:00:00+00:00
sensor.datchik_klimata_temperatura,15.964552594138889,2026-07-23T06:00:00+00:00
sensor.datchik_klimata_vlazhnost,74.61724772916666,2026-07-23T06:00:00+00:00
sensor.filtered_pressure,984.8577170527778,2026-07-23T06:00:00+00:00
sensor.outside_dew_point_spread_trend,1.2286009125416666,2026-07-23T06:00:00+00:00
sensor.datchik_klimata_temperatura,16.889272187916664,2026-07-23T07:00:00+00:00
sensor.datchik_klimata_vlazhnost,68.50632800666666,2026-07-23T07:00:00+00:00
sensor.filtered_pressure,984.9014649188362,2026-07-23T07:00:00+00:00
sensor.outside_dew_point_spread_trend,1.4539779906972221,2026-07-23T07:00:00+00:00
sensor.datchik_klimata_temperatura,17.4,2026-07-23T08:00:00+00:00
sensor.datchik_klimata_vlazhnost,66.0,2026-07-23T08:00:00+00:00
sensor.filtered_pressure,984.9765513341639,2026-07-23T08:00:00+00:00
sensor.outside_dew_point_spread_trend,1.16,2026-07-23T08:00:00+00:00
sensor.datchik_klimata_temperatura,17.90731450522222,2026-07-23T09:00:00+00:00
sensor.datchik_klimata_vlazhnost,64.97029127083333,2026-07-23T09:00:00+00:00
sensor.filtered_pressure,985.0980967335,2026-07-23T09:00:00+00:00
sensor.outside_dew_point_spread_trend,0.36771091569166664,2026-07-23T09:00:00+00:00
sensor.datchik_klimata_temperatura,19.43547741461111,2026-07-23T10:00:00+00:00
sensor.datchik_klimata_vlazhnost,59.23707773527778,2026-07-23T10:00:00+00:00
sensor.filtered_pressure,984.7996992434918,2026-07-23T10:00:00+00:00
sensor.outside_dew_point_spread_trend,1.3055355819916667,2026-07-23T10:00:00+00:00
sensor.datchik_klimata_temperatura,20.33855420213889,2026-07-23T11:00:00+00:00
sensor.datchik_klimata_vlazhnost,53.89865467777778,2026-07-23T11:00:00+00:00
sensor.filtered_pressure,984.3274900690611,2026-07-23T11:00:00+00:00
sensor.outside_dew_point_spread_trend,1.4448419433944444,2026-07-23T11:00:00+00:00
sensor.datchik_klimata_temperatura,20.368628484222224,2026-07-23T12:00:00+00:00
sensor.datchik_klimata_vlazhnost,50.468612596111114,2026-07-23T12:00:00+00:00
sensor.filtered_pressure,983.9902910902333,2026-07-23T12:00:00+00:00
sensor.outside_dew_point_spread_trend,0.9791358604583333,2026-07-23T12:00:00+00:00
sensor.datchik_klimata_temperatura,20.40981760986111,2026-07-23T13:00:00+00:00
sensor.datchik_klimata_vlazhnost,48.658027590833335,2026-07-23T13:00:00+00:00
sensor.filtered_pressure,983.7848937938444,2026-07-23T13:00:00+00:00
sensor.outside_dew_point_spread_trend,0.5059131775666666,2026-07-23T13:00:00+00:00
sensor.datchik_klimata_temperatura,18.20451003347222,2026-07-23T14:00:00+00:00
sensor.datchik_klimata_vlazhnost,69.9684083125,2026-07-23T14:00:00+00:00
sensor.filtered_pressure,983.835805849339,2026-07-23T14:00:00+00:00
sensor.outside_dew_point_spread_trend,-5.624761981308333,2026-07-23T14:00:00+00:00
sensor.datchik_klimata_temperatura,18.16926121263889,2026-07-23T15:00:00+00:00
sensor.datchik_klimata_vlazhnost,68.72442679055555,2026-07-23T15:00:00+00:00
sensor.filtered_pressure,983.8053864610223,2026-07-23T15:00:00+00:00
sensor.outside_dew_point_spread_trend,0.29242053989999994,2026-07-23T15:00:00+00:00
sensor.datchik_klimata_temperatura,17.731036185416666,2026-07-23T16:00:00+00:00
sensor.datchik_klimata_vlazhnost,70.14588937222221,2026-07-23T16:00:00+00:00
sensor.filtered_pressure,983.8658206918777,2026-07-23T16:00:00+00:00
sensor.outside_dew_point_spread_trend,-0.44730357403611115,2026-07-23T16:00:00+00:00
sensor.datchik_klimata_temperatura,14.06041308788889,2026-07-23T17:00:00+00:00
sensor.datchik_klimata_vlazhnost,90.51824311555555,2026-07-23T17:00:00+00:00
sensor.filtered_pressure,984.8905080817972,2026-07-23T17:00:00+00:00
sensor.outside_dew_point_spread_trend,-3.8887955194249995,2026-07-23T17:00:00+00:00
sensor.datchik_klimata_temperatura,13.445738184555557,2026-07-23T18:00:00+00:00
sensor.datchik_klimata_vlazhnost,97.97417784388888,2026-07-23T18:00:00+00:00
sensor.filtered_pressure,984.7709019832834,2026-07-23T18:00:00+00:00
sensor.outside_dew_point_spread_trend,-2.5924959729694446,2026-07-23T18:00:00+00:00
sensor.datchik_klimata_temperatura,13.152347297805555,2026-07-23T19:00:00+00:00
sensor.datchik_klimata_vlazhnost,99.0,2026-07-23T19:00:00+00:00
sensor.filtered_pressure,984.6723613997056,2026-07-23T19:00:00+00:00
sensor.outside_dew_point_spread_trend,-0.29,2026-07-23T19:00:00+00:00
sensor.datchik_klimata_temperatura,12.768878392472223,2026-07-23T20:00:00+00:00
sensor.datchik_klimata_vlazhnost,99.0,2026-07-23T20:00:00+00:00
sensor.filtered_pressure,984.2910762439639,2026-07-23T20:00:00+00:00
sensor.outside_dew_point_spread_trend,-0.29,2026-07-23T20:00:00+00:00
sensor.datchik_klimata_temperatura,12.793733505888888,2026-07-23T21:00:00+00:00
sensor.datchik_klimata_vlazhnost,99.0,2026-07-23T21:00:00+00:00
sensor.filtered_pressure,984.3364154882888,2026-07-23T21:00:00+00:00
sensor.outside_dew_point_spread_trend,-0.29,2026-07-23T21:00:00+00:00
sensor.datchik_klimata_temperatura,13.14033961675,2026-07-23T22:00:00+00:00
sensor.datchik_klimata_vlazhnost,99.0,2026-07-23T22:00:00+00:00
sensor.filtered_pressure,984.566961216986,2026-07-23T22:00:00+00:00
sensor.outside_dew_point_spread_trend,-0.29,2026-07-23T22:00:00+00:00
sensor.datchik_klimata_temperatura,13.185398150472222,2026-07-23T23:00:00+00:00
sensor.datchik_klimata_vlazhnost,99.0,2026-07-23T23:00:00+00:00
sensor.filtered_pressure,984.3549046996083,2026-07-23T23:00:00+00:00
sensor.outside_dew_point_spread_trend,-0.29,2026-07-23T23:00:00+00:00
sensor.datchik_klimata_temperatura,13.176014041027777,2026-07-24T00:00:00+00:00
sensor.datchik_klimata_vlazhnost,99.0,2026-07-24T00:00:00+00:00
sensor.filtered_pressure,984.2350369203722,2026-07-24T00:00:00+00:00
sensor.outside_dew_point_spread_trend,-0.29,2026-07-24T00:00:00+00:00
sensor.datchik_klimata_temperatura,13.036522165305556,2026-07-24T01:00:00+00:00
sensor.datchik_klimata_vlazhnost,99.0,2026-07-24T01:00:00+00:00
sensor.filtered_pressure,984.2435376145805,2026-07-24T01:00:00+00:00
sensor.outside_dew_point_spread_trend,-0.29,2026-07-24T01:00:00+00:00
sensor.datchik_klimata_temperatura,13.127243463361111,2026-07-24T02:00:00+00:00
sensor.datchik_klimata_vlazhnost,99.0,2026-07-24T02:00:00+00:00
sensor.filtered_pressure,984.5344600156833,2026-07-24T02:00:00+00:00
sensor.outside_dew_point_spread_trend,-0.29,2026-07-24T02:00:00+00:00
sensor.datchik_klimata_temperatura,13.233023497722222,2026-07-24T03:00:00+00:00
sensor.datchik_klimata_vlazhnost,99.0,2026-07-24T03:00:00+00:00
sensor.filtered_pressure,984.9160687587972,2026-07-24T03:00:00+00:00
sensor.outside_dew_point_spread_trend,-0.29,2026-07-24T03:00:00+00:00
sensor.datchik_klimata_temperatura,13.86750612075,2026-07-24T04:00:00+00:00
sensor.datchik_klimata_vlazhnost,99.0,2026-07-24T04:00:00+00:00
sensor.filtered_pressure,985.1906490979583,2026-07-24T04:00:00+00:00
sensor.outside_dew_point_spread_trend,-0.29,2026-07-24T04:00:00+00:00
sensor.datchik_klimata_temperatura,14.331588755305555,2026-07-24T05:00:00+00:00
sensor.datchik_klimata_vlazhnost,99.0,2026-07-24T05:00:00+00:00
sensor.filtered_pressure,985.2692601226917,2026-07-24T05:00:00+00:00
sensor.outside_dew_point_spread_trend,-0.29,2026-07-24T05:00:00+00:00
sensor.datchik_klimata_temperatura,15.379903212444445,2026-07-24T06:00:00+00:00
sensor.datchik_klimata_vlazhnost,98.70699697111111,2026-07-24T06:00:00+00:00
sensor.filtered_pressure,985.4224651125,2026-07-24T06:00:00+00:00
sensor.outside_dew_point_spread_trend,-0.20524583705555555,2026-07-24T06:00:00+00:00
sensor.datchik_klimata_temperatura,15.945726897972222,2026-07-24T07:00:00+00:00
sensor.datchik_klimata_vlazhnost,97.22745229694443,2026-07-24T07:00:00+00:00
sensor.filtered_pressure,985.6183708875695,2026-07-24T07:00:00+00:00
sensor.outside_dew_point_spread_trend,0.15678390957500002,2026-07-24T07:00:00+00:00
sensor.datchik_klimata_temperatura,19.984775302083335,2026-07-24T08:00:00+00:00
sensor.datchik_klimata_vlazhnost,83.91404918527778,2026-07-24T08:00:00+00:00
sensor.filtered_pressure,985.6705021303528,2026-07-24T08:00:00+00:00
sensor.outside_dew_point_spread_trend,2.252249404619444,2026-07-24T08:00:00+00:00
sensor.datchik_klimata_temperatura,22.496633720416668,2026-07-24T09:00:00+00:00
sensor.datchik_klimata_vlazhnost,58.97379815111111,2026-07-24T09:00:00+00:00
sensor.filtered_pressure,985.4288057875139,2026-07-24T09:00:00+00:00
sensor.outside_dew_point_spread_trend,5.414092490258334,2026-07-24T09:00:00+00:00
sensor.datchik_klimata_temperatura,23.805183983305554,2026-07-24T10:00:00+00:00
sensor.datchik_klimata_vlazhnost,51.07931866111111,2026-07-24T10:00:00+00:00
sensor.filtered_pressure,984.9110522008917,2026-07-24T10:00:00+00:00
sensor.outside_dew_point_spread_trend,2.675529691647222,2026-07-24T10:00:00+00:00
sensor.datchik_klimata_temperatura,23.05460769847222,2026-07-24T11:00:00+00:00
sensor.datchik_klimata_vlazhnost,49.88905368111111,2026-07-24T11:00:00+00:00
sensor.filtered_pressure,984.556588308511,2026-07-24T11:00:00+00:00
sensor.outside_dew_point_spread_trend,0.22935120484166663,2026-07-24T11:00:00+00:00
sensor.datchik_klimata_temperatura,19.842314523777777,2026-07-24T12:00:00+00:00
sensor.datchik_klimata_vlazhnost,65.53677845027778,2026-07-24T12:00:00+00:00
sensor.filtered_pressure,984.6168304788861,2026-07-24T12:00:00+00:00
sensor.outside_dew_point_spread_trend,-4.063819154855556,2026-07-24T12:00:00+00:00
sensor.datchik_klimata_temperatura,16.94656180352778,2026-07-24T13:00:00+00:00
sensor.datchik_klimata_vlazhnost,71.62101729444444,2026-07-24T13:00:00+00:00
sensor.filtered_pressure,985.0960142146805,2026-07-24T13:00:00+00:00
sensor.outside_dew_point_spread_trend,-2.091292800186111,2026-07-24T13:00:00+00:00
sensor.datchik_klimata_temperatura,15.776794589083332,2026-07-24T14:00:00+00:00
sensor.datchik_klimata_vlazhnost,77.15465177388889,2026-07-24T14:00:00+00:00
sensor.filtered_pressure,985.3993758036751,2026-07-24T14:00:00+00:00
sensor.outside_dew_point_spread_trend,-1.235333507038889,2026-07-24T14:00:00+00:00
sensor.datchik_klimata_temperatura,15.478405086361112,2026-07-24T15:00:00+00:00
sensor.datchik_klimata_vlazhnost,82.70694804138888,2026-07-24T15:00:00+00:00
sensor.filtered_pressure,985.2078702237083,2026-07-24T15:00:00+00:00
sensor.outside_dew_point_spread_trend,-1.01565210195,2026-07-24T15:00:00+00:00
sensor.datchik_klimata_temperatura,16.18636083411111,2026-07-24T16:00:00+00:00
sensor.datchik_klimata_vlazhnost,86.6610295263889,2026-07-24T16:00:00+00:00
sensor.filtered_pressure,985.1624043637306,2026-07-24T16:00:00+00:00
sensor.outside_dew_point_spread_trend,-0.8285523265583333,2026-07-24T16:00:00+00:00
sensor.datchik_klimata_temperatura,16.231037519,2026-07-24T17:00:00+00:00
sensor.datchik_klimata_vlazhnost,85.01274870888889,2026-07-24T17:00:00+00:00
sensor.filtered_pressure,985.3948871700444,2026-07-24T17:00:00+00:00
sensor.outside_dew_point_spread_trend,0.28929458496944443,2026-07-24T17:00:00+00:00
sensor.datchik_klimata_temperatura,15.407339386138888,2026-07-24T18:00:00+00:00
sensor.datchik_klimata_vlazhnost,87.14218503111111,2026-07-24T18:00:00+00:00
sensor.filtered_pressure,985.5494736218305,2026-07-24T18:00:00+00:00
sensor.outside_dew_point_spread_trend,-0.42438280275,2026-07-24T18:00:00+00:00
sensor.datchik_klimata_temperatura,14.814497584916666,2026-07-24T19:00:00+00:00
sensor.datchik_klimata_vlazhnost,90.11524319527778,2026-07-24T19:00:00+00:00
sensor.filtered_pressure,985.6667624651083,2026-07-24T19:00:00+00:00
sensor.outside_dew_point_spread_trend,-0.5517242147222222,2026-07-24T19:00:00+00:00
sensor.datchik_klimata_temperatura,14.140769141666667,2026-07-24T20:00:00+00:00
sensor.datchik_klimata_vlazhnost,91.96527592111111,2026-07-24T20:00:00+00:00
sensor.filtered_pressure,985.6231620608168,2026-07-24T20:00:00+00:00
sensor.outside_dew_point_spread_trend,-0.48791649563333334,2026-07-24T20:00:00+00:00
sensor.datchik_klimata_temperatura,13.561129948472221,2026-07-24T21:00:00+00:00
sensor.datchik_klimata_vlazhnost,92.55314453111112,2026-07-24T21:00:00+00:00
sensor.filtered_pressure,985.664389652589,2026-07-24T21:00:00+00:00
sensor.outside_dew_point_spread_trend,-0.29639974719444445,2026-07-24T21:00:00+00:00
sensor.datchik_klimata_temperatura,13.085711759166665,2026-07-24T22:00:00+00:00
sensor.datchik_klimata_vlazhnost,93.34206075361111,2026-07-24T22:00:00+00:00
sensor.filtered_pressure,985.5913062484084,2026-07-24T22:00:00+00:00
sensor.outside_dew_point_spread_trend,-0.11292797385555557,2026-07-24T22:00:00+00:00
sensor.datchik_klimata_temperatura,12.731822963833332,2026-07-24T23:00:00+00:00
sensor.datchik_klimata_vlazhnost,94.0,2026-07-24T23:00:00+00:00
sensor.filtered_pressure,985.560287267614,2026-07-24T23:00:00+00:00
sensor.outside_dew_point_spread_trend,-0.12,2026-07-24T23:00:00+00:00
sensor.datchik_klimata_temperatura,12.515151674777778,2026-07-25T00:00:00+00:00
sensor.datchik_klimata_vlazhnost,94.0,2026-07-25T00:00:00+00:00
sensor.filtered_pressure,985.3289506969278,2026-07-25T00:00:00+00:00
sensor.outside_dew_point_spread_trend,-0.12,2026-07-25T00:00:00+00:00
sensor.datchik_klimata_temperatura,12.155717472083333,2026-07-25T01:00:00+00:00
sensor.datchik_klimata_vlazhnost,94.0,2026-07-25T01:00:00+00:00
sensor.filtered_pressure,985.3395910484028,2026-07-25T01:00:00+00:00
sensor.outside_dew_point_spread_trend,-0.12,2026-07-25T01:00:00+00:00
sensor.datchik_klimata_temperatura,11.740340590972222,2026-07-25T02:00:00+00:00
sensor.datchik_klimata_vlazhnost,94.70185871222223,2026-07-25T02:00:00+00:00
sensor.filtered_pressure,985.6313469413084,2026-07-25T02:00:00+00:00
sensor.outside_dew_point_spread_trend,-0.0568327866,2026-07-25T02:00:00+00:00
sensor.datchik_klimata_temperatura,12.328905437777777,2026-07-25T03:00:00+00:00
sensor.datchik_klimata_vlazhnost,95.0,2026-07-25T03:00:00+00:00
sensor.filtered_pressure,985.6566992441973,2026-07-25T03:00:00+00:00
sensor.outside_dew_point_spread_trend,-0.03,2026-07-25T03:00:00+00:00
sensor.datchik_klimata_temperatura,17.936678841166668,2026-07-25T04:00:00+00:00
sensor.datchik_klimata_vlazhnost,79.35542037333333,2026-07-25T04:00:00+00:00
sensor.filtered_pressure,985.6088335447861,2026-07-25T04:00:00+00:00
sensor.outside_dew_point_spread_trend,2.4233276169305555,2026-07-25T04:00:00+00:00
sensor.datchik_klimata_temperatura,21.505730160472222,2026-07-25T05:00:00+00:00
sensor.datchik_klimata_vlazhnost,56.71627134861111,2026-07-25T05:00:00+00:00
sensor.filtered_pressure,985.5776660210362,2026-07-25T05:00:00+00:00
sensor.outside_dew_point_spread_trend,5.353153395966667,2026-07-25T05:00:00+00:00
sensor.datchik_klimata_temperatura,25.05407447211111,2026-07-25T06:00:00+00:00
sensor.datchik_klimata_vlazhnost,45.74596148194445,2026-07-25T06:00:00+00:00
sensor.filtered_pressure,985.5256194520749,2026-07-25T06:00:00+00:00
sensor.outside_dew_point_spread_trend,3.5189026092666666,2026-07-25T06:00:00+00:00
sensor.datchik_klimata_temperatura,27.358193063694443,2026-07-25T07:00:00+00:00
sensor.datchik_klimata_vlazhnost,39.5605951975,2026-07-25T07:00:00+00:00
sensor.filtered_pressure,985.4827996375251,2026-07-25T07:00:00+00:00
sensor.outside_dew_point_spread_trend,2.4640658462972223,2026-07-25T07:00:00+00:00
sensor.datchik_klimata_temperatura,28.310350607055554,2026-07-25T08:00:00+00:00
sensor.datchik_klimata_vlazhnost,37.18220648888889,2026-07-25T08:00:00+00:00
sensor.filtered_pressure,985.3157027243666,2026-07-25T08:00:00+00:00
sensor.outside_dew_point_spread_trend,1.060696521211111,2026-07-25T08:00:00+00:00
sensor.datchik_klimata_temperatura,25.97906006436111,2026-07-25T09:00:00+00:00
sensor.datchik_klimata_vlazhnost,39.52486175,2026-07-25T09:00:00+00:00
sensor.filtered_pressure,985.1545800341361,2026-07-25T09:00:00+00:00
sensor.outside_dew_point_spread_trend,-1.176390580786111,2026-07-25T09:00:00+00:00
sensor.datchik_klimata_temperatura,25.578803211527774,2026-07-25T10:00:00+00:00
sensor.datchik_klimata_vlazhnost,39.84735993527778,2026-07-25T10:00:00+00:00
sensor.filtered_pressure,984.926816995475,2026-07-25T10:00:00+00:00
sensor.outside_dew_point_spread_trend,-0.6500593829472222,2026-07-25T10:00:00+00:00
sensor.datchik_klimata_temperatura,25.687831640805555,2026-07-25T11:00:00+00:00
sensor.datchik_klimata_vlazhnost,39.416075123055556,2026-07-25T11:00:00+00:00
sensor.filtered_pressure,984.5715125377943,2026-07-25T11:00:00+00:00
sensor.outside_dew_point_spread_trend,0.27793200526944445,2026-07-25T11:00:00+00:00
sensor.datchik_klimata_temperatura,23.35123979897222,2026-07-25T12:00:00+00:00
sensor.datchik_klimata_vlazhnost,49.31636078583333,2026-07-25T12:00:00+00:00
sensor.filtered_pressure,984.4702310028584,2026-07-25T12:00:00+00:00
sensor.outside_dew_point_spread_trend,-3.476305622505556,2026-07-25T12:00:00+00:00
sensor.datchik_klimata_temperatura,21.985179537694446,2026-07-25T13:00:00+00:00
sensor.datchik_klimata_vlazhnost,58.10016273916667,2026-07-25T13:00:00+00:00
sensor.filtered_pressure,984.4801181819806,2026-07-25T13:00:00+00:00
sensor.outside_dew_point_spread_trend,-2.9346789198,2026-07-25T13:00:00+00:00
sensor.datchik_klimata_temperatura,22.36314490725,2026-07-25T14:00:00+00:00
sensor.datchik_klimata_vlazhnost,52.66265546027778,2026-07-25T14:00:00+00:00
sensor.filtered_pressure,984.3198635392722,2026-07-25T14:00:00+00:00
sensor.outside_dew_point_spread_trend,1.434938749925,2026-07-25T14:00:00+00:00
sensor.datchik_klimata_temperatura,22.274001021972225,2026-07-25T15:00:00+00:00
sensor.datchik_klimata_vlazhnost,49.31090461,2026-07-25T15:00:00+00:00
sensor.filtered_pressure,984.2863764563722,2026-07-25T15:00:00+00:00
sensor.outside_dew_point_spread_trend,1.0184496983416667,2026-07-25T15:00:00+00:00
sensor.datchik_klimata_temperatura,21.820164444,2026-07-25T16:00:00+00:00
sensor.datchik_klimata_vlazhnost,50.87345440388889,2026-07-25T16:00:00+00:00
sensor.filtered_pressure,984.2983820145027,2026-07-25T16:00:00+00:00
sensor.outside_dew_point_spread_trend,-0.4733592844027778,2026-07-25T16:00:00+00:00
sensor.datchik_klimata_temperatura,21.38470077525,2026-07-25T17:00:00+00:00
sensor.datchik_klimata_vlazhnost,51.98068280388889,2026-07-25T17:00:00+00:00
sensor.filtered_pressure,984.1510974519612,2026-07-25T17:00:00+00:00
sensor.outside_dew_point_spread_trend,-0.475920217625,2026-07-25T17:00:00+00:00
sensor.datchik_klimata_temperatura,20.068123904555556,2026-07-25T18:00:00+00:00
sensor.datchik_klimata_vlazhnost,56.764778264166665,2026-07-25T18:00:00+00:00
sensor.filtered_pressure,984.3858597654917,2026-07-25T18:00:00+00:00
sensor.outside_dew_point_spread_trend,-1.2930459501527778,2026-07-25T18:00:00+00:00
sensor.datchik_klimata_temperatura,18.626080240666667,2026-07-25T19:00:00+00:00
sensor.datchik_klimata_vlazhnost,63.703586477777776,2026-07-25T19:00:00+00:00
sensor.filtered_pressure,984.6269547780166,2026-07-25T19:00:00+00:00
sensor.outside_dew_point_spread_trend,-1.9422234393638889,2026-07-25T19:00:00+00:00
sensor.datchik_klimata_temperatura,17.597568577944443,2026-07-25T20:00:00+00:00
sensor.datchik_klimata_vlazhnost,70.20724941472223,2026-07-25T20:00:00+00:00
sensor.filtered_pressure,984.6961032756057,2026-07-25T20:00:00+00:00
sensor.outside_dew_point_spread_trend,-1.5119246956805554,2026-07-25T20:00:00+00:00
sensor.datchik_klimata_temperatura,16.655681988444446,2026-07-25T21:00:00+00:00
sensor.datchik_klimata_vlazhnost,76.75993206083334,2026-07-25T21:00:00+00:00
sensor.filtered_pressure,984.6559024830304,2026-07-25T21:00:00+00:00
sensor.outside_dew_point_spread_trend,-1.3313800195749999,2026-07-25T21:00:00+00:00
sensor.datchik_klimata_temperatura,15.985777993944446,2026-07-25T22:00:00+00:00
sensor.datchik_klimata_vlazhnost,81.25331411694445,2026-07-25T22:00:00+00:00
sensor.filtered_pressure,984.5643418600222,2026-07-25T22:00:00+00:00
sensor.outside_dew_point_spread_trend,-1.0159811140916666,2026-07-25T22:00:00+00:00
sensor.datchik_klimata_temperatura,15.446323608444445,2026-07-25T23:00:00+00:00
sensor.datchik_klimata_vlazhnost,84.22145104555555,2026-07-25T23:00:00+00:00
sensor.filtered_pressure,984.4888373156556,2026-07-25T23:00:00+00:00
sensor.outside_dew_point_spread_trend,-0.598124009886111,2026-07-25T23:00:00+00:00
sensor.datchik_klimata_temperatura,14.953294558166666,2026-07-26T00:00:00+00:00
sensor.datchik_klimata_vlazhnost,86.00229689361112,2026-07-26T00:00:00+00:00
sensor.filtered_pressure,984.4397797691722,2026-07-26T00:00:00+00:00
sensor.outside_dew_point_spread_trend,-0.4253585125805556,2026-07-26T00:00:00+00:00
sensor.datchik_klimata_temperatura,14.490707079805555,2026-07-26T01:00:00+00:00
sensor.datchik_klimata_vlazhnost,87.0,2026-07-26T01:00:00+00:00
sensor.filtered_pressure,984.3695474283973,2026-07-26T01:00:00+00:00
sensor.outside_dew_point_spread_trend,-0.33,2026-07-26T01:00:00+00:00
sensor.datchik_klimata_temperatura,14.245016034527778,2026-07-26T02:00:00+00:00
sensor.datchik_klimata_vlazhnost,87.40365117444445,2026-07-26T02:00:00+00:00
sensor.filtered_pressure,984.2723092415112,2026-07-26T02:00:00+00:00
sensor.outside_dew_point_spread_trend,-0.006975639302777777,2026-07-26T02:00:00+00:00
sensor.datchik_klimata_temperatura,14.866425450416669,2026-07-26T03:00:00+00:00
sensor.datchik_klimata_vlazhnost,86.61466500083333,2026-07-26T03:00:00+00:00
sensor.filtered_pressure,984.3688782476388,2026-07-26T03:00:00+00:00
sensor.outside_dew_point_spread_trend,0.13327951743333336,2026-07-26T03:00:00+00:00
sensor.datchik_klimata_temperatura,17.699448442416667,2026-07-26T04:00:00+00:00
sensor.datchik_klimata_vlazhnost,75.39667839555555,2026-07-26T04:00:00+00:00
sensor.filtered_pressure,984.4001811524112,2026-07-26T04:00:00+00:00
sensor.outside_dew_point_spread_trend,2.304946943933333,2026-07-26T04:00:00+00:00
sensor.datchik_klimata_temperatura,21.306303436805557,2026-07-26T05:00:00+00:00
sensor.datchik_klimata_vlazhnost,61.441410982777775,2026-07-26T05:00:00+00:00
sensor.filtered_pressure,984.5344656079028,2026-07-26T05:00:00+00:00
sensor.outside_dew_point_spread_trend,3.176818609402778,2026-07-26T05:00:00+00:00
sensor.datchik_klimata_temperatura,25.188741985611113,2026-07-26T06:00:00+00:00
sensor.datchik_klimata_vlazhnost,48.03062333333333,2026-07-26T06:00:00+00:00
sensor.filtered_pressure,984.4462240071028,2026-07-26T06:00:00+00:00
sensor.outside_dew_point_spread_trend,4.101022846597222,2026-07-26T06:00:00+00:00
sensor.datchik_klimata_temperatura,28.204911327,2026-07-26T07:00:00+00:00
sensor.datchik_klimata_vlazhnost,39.51407158111111,2026-07-26T07:00:00+00:00
sensor.filtered_pressure,984.04157730955,2026-07-26T07:00:00+00:00
sensor.outside_dew_point_spread_trend,3.2095901055583336,2026-07-26T07:00:00+00:00
sensor.datchik_klimata_temperatura,28.848616270055555,2026-07-26T08:00:00+00:00
sensor.datchik_klimata_vlazhnost,34.01452162416667,2026-07-26T08:00:00+00:00
sensor.filtered_pressure,983.6231035004249,2026-07-26T08:00:00+00:00
sensor.outside_dew_point_spread_trend,2.384044379030555,2026-07-26T08:00:00+00:00
sensor.datchik_klimata_temperatura,28.76217656338889,2026-07-26T09:00:00+00:00
sensor.datchik_klimata_vlazhnost,31.37852569861111,2026-07-26T09:00:00+00:00
sensor.filtered_pressure,983.4498271686194,2026-07-26T09:00:00+00:00
sensor.outside_dew_point_spread_trend,1.2351495655138889,2026-07-26T09:00:00+00:00
sensor.datchik_klimata_temperatura,29.025256962444445,2026-07-26T10:00:00+00:00
sensor.datchik_klimata_vlazhnost,29.823234539444446,2026-07-26T10:00:00+00:00
sensor.filtered_pressure,983.1901339828972,2026-07-26T10:00:00+00:00
sensor.outside_dew_point_spread_trend,0.8716668082944444,2026-07-26T10:00:00+00:00
sensor.datchik_klimata_temperatura,26.850927556749998,2026-07-26T11:00:00+00:00
sensor.datchik_klimata_vlazhnost,34.032283927499996,2026-07-26T11:00:00+00:00
sensor.filtered_pressure,982.8918168581528,2026-07-26T11:00:00+00:00
sensor.outside_dew_point_spread_trend,-3.0977110288916667,2026-07-26T11:00:00+00:00
sensor.datchik_klimata_temperatura,25.62741957575,2026-07-26T12:00:00+00:00
sensor.datchik_klimata_vlazhnost,36.40568408388889,2026-07-26T12:00:00+00:00
sensor.filtered_pressure,982.4141244265388,2026-07-26T12:00:00+00:00
sensor.outside_dew_point_spread_trend,-1.1390448230555557,2026-07-26T12:00:00+00:00
sensor.datchik_klimata_temperatura,25.73283036413889,2026-07-26T13:00:00+00:00
sensor.datchik_klimata_vlazhnost,36.810519820277776,2026-07-26T13:00:00+00:00
sensor.filtered_pressure,982.2096302983723,2026-07-26T13:00:00+00:00
sensor.outside_dew_point_spread_trend,-0.03952574338888888,2026-07-26T13:00:00+00:00
sensor.datchik_klimata_temperatura,25.37650535822222,2026-07-26T14:00:00+00:00
sensor.datchik_klimata_vlazhnost,35.77739822472222,2026-07-26T14:00:00+00:00
sensor.filtered_pressure,982.1468292875028,2026-07-26T14:00:00+00:00
sensor.outside_dew_point_spread_trend,0.39697725274722223,2026-07-26T14:00:00+00:00
sensor.datchik_klimata_temperatura,24.821994699277777,2026-07-26T15:00:00+00:00
sensor.datchik_klimata_vlazhnost,38.121138163611114,2026-07-26T15:00:00+00:00
sensor.filtered_pressure,981.9438192645472,2026-07-26T15:00:00+00:00
sensor.outside_dew_point_spread_trend,-0.9380905411027777,2026-07-26T15:00:00+00:00
sensor.datchik_klimata_temperatura,24.27091388725,2026-07-26T16:00:00+00:00
sensor.datchik_klimata_vlazhnost,39.39458203916667,2026-07-26T16:00:00+00:00
sensor.filtered_pressure,981.875293924425,2026-07-26T16:00:00+00:00
sensor.outside_dew_point_spread_trend,-0.48664077576666664,2026-07-26T16:00:00+00:00
sensor.datchik_klimata_temperatura,23.611956949694445,2026-07-26T17:00:00+00:00
sensor.datchik_klimata_vlazhnost,41.62678531444444,2026-07-26T17:00:00+00:00
sensor.filtered_pressure,981.7747396215806,2026-07-26T17:00:00+00:00
sensor.outside_dew_point_spread_trend,-0.8314268781694444,2026-07-26T17:00:00+00:00
sensor.datchik_klimata_temperatura,22.43744891825,2026-07-26T18:00:00+00:00
sensor.datchik_klimata_vlazhnost,46.9077174325,2026-07-26T18:00:00+00:00
sensor.filtered_pressure,981.7877902916749,2026-07-26T18:00:00+00:00
sensor.outside_dew_point_spread_trend,-1.9041594730666667,2026-07-26T18:00:00+00:00
sensor.datchik_klimata_temperatura,21.35885589725,2026-07-26T19:00:00+00:00
sensor.datchik_klimata_vlazhnost,52.06139019333333,2026-07-26T19:00:00+00:00
sensor.filtered_pressure,981.6635601888694,2026-07-26T19:00:00+00:00
sensor.outside_dew_point_spread_trend,-1.6475164572694443,2026-07-26T19:00:00+00:00
sensor.datchik_klimata_temperatura,20.428706921666667,2026-07-26T20:00:00+00:00
sensor.datchik_klimata_vlazhnost,55.44901681611111,2026-07-26T20:00:00+00:00
sensor.filtered_pressure,981.3786072007971,2026-07-26T20:00:00+00:00
sensor.outside_dew_point_spread_trend,-1.0659692860638887,2026-07-26T20:00:00+00:00
sensor.datchik_klimata_temperatura,19.746105704722222,2026-07-26T21:00:00+00:00
sensor.datchik_klimata_vlazhnost,56.93675050416667,2026-07-26T21:00:00+00:00
sensor.filtered_pressure,981.0362798294223,2026-07-26T21:00:00+00:00
sensor.outside_dew_point_spread_trend,-0.4063304207583333,2026-07-26T21:00:00+00:00
sensor.datchik_klimata_temperatura,19.078123833555555,2026-07-26T22:00:00+00:00
sensor.datchik_klimata_vlazhnost,59.10180665944444,2026-07-26T22:00:00+00:00
sensor.filtered_pressure,980.6765405759166,2026-07-26T22:00:00+00:00
sensor.outside_dew_point_spread_trend,-0.5364575252777778,2026-07-26T22:00:00+00:00
sensor.datchik_klimata_temperatura,18.41972576686111,2026-07-26T23:00:00+00:00
sensor.datchik_klimata_vlazhnost,61.691351123888886,2026-07-26T23:00:00+00:00
sensor.filtered_pressure,980.369422627436,2026-07-26T23:00:00+00:00
sensor.outside_dew_point_spread_trend,-0.713242457461111,2026-07-26T23:00:00+00:00
sensor.datchik_klimata_temperatura,17.546019616416668,2026-07-27T00:00:00+00:00
sensor.datchik_klimata_vlazhnost,65.35485052194444,2026-07-27T00:00:00+00:00
sensor.filtered_pressure,980.1570578348723,2026-07-27T00:00:00+00:00
sensor.outside_dew_point_spread_trend,-0.8878666041194445,2026-07-27T00:00:00+00:00
sensor.datchik_klimata_temperatura,16.798786211166668,2026-07-27T01:00:00+00:00
sensor.datchik_klimata_vlazhnost,68.4372243738889,2026-07-27T01:00:00+00:00
sensor.filtered_pressure,979.9145914514834,2026-07-27T01:00:00+00:00
sensor.outside_dew_point_spread_trend,-0.7756426882027778,2026-07-27T01:00:00+00:00
sensor.datchik_klimata_temperatura,16.450531988416667,2026-07-27T02:00:00+00:00
sensor.datchik_klimata_vlazhnost,69.86518840694445,2026-07-27T02:00:00+00:00
sensor.filtered_pressure,979.7755248282973,2026-07-27T02:00:00+00:00
sensor.outside_dew_point_spread_trend,-0.39840686168055556,2026-07-27T02:00:00+00:00
sensor.datchik_klimata_temperatura,16.432247565972222,2026-07-27T03:00:00+00:00
sensor.datchik_klimata_vlazhnost,71.02849094444444,2026-07-27T03:00:00+00:00
sensor.filtered_pressure,979.5688987222334,2026-07-27T03:00:00+00:00
sensor.outside_dew_point_spread_trend,-0.1634592984027778,2026-07-27T03:00:00+00:00
sensor.datchik_klimata_temperatura,19.887934560083334,2026-07-27T04:00:00+00:00
sensor.datchik_klimata_vlazhnost,60.41522351861111,2026-07-27T04:00:00+00:00
sensor.filtered_pressure,979.1928550165389,2026-07-27T04:00:00+00:00
sensor.outside_dew_point_spread_trend,2.5669310651277777,2026-07-27T04:00:00+00:00
sensor.datchik_klimata_temperatura,22.8823965685,2026-07-27T05:00:00+00:00
sensor.datchik_klimata_vlazhnost,49.577132865277775,2026-07-27T05:00:00+00:00
sensor.filtered_pressure,978.8621093138167,2026-07-27T05:00:00+00:00
sensor.outside_dew_point_spread_trend,3.1430522323555556,2026-07-27T05:00:00+00:00
sensor.datchik_klimata_temperatura,25.723203090777776,2026-07-27T06:00:00+00:00
sensor.datchik_klimata_vlazhnost,45.3744542225,2026-07-27T06:00:00+00:00
sensor.filtered_pressure,978.5646297639528,2026-07-27T06:00:00+00:00
sensor.outside_dew_point_spread_trend,1.6596086400277779,2026-07-27T06:00:00+00:00
sensor.datchik_klimata_temperatura,26.919494209944446,2026-07-27T07:00:00+00:00
sensor.datchik_klimata_vlazhnost,41.767765213333334,2026-07-27T07:00:00+00:00
sensor.filtered_pressure,978.2634190658667,2026-07-27T07:00:00+00:00
sensor.outside_dew_point_spread_trend,1.5065254294583335,2026-07-27T07:00:00+00:00
sensor.datchik_klimata_temperatura,28.15791307538889,2026-07-27T08:00:00+00:00
sensor.datchik_klimata_vlazhnost,39.00028143777778,2026-07-27T08:00:00+00:00
sensor.filtered_pressure,978.360061617211,2026-07-27T08:00:00+00:00
sensor.outside_dew_point_spread_trend,0.9108514152833332,2026-07-27T08:00:00+00:00
sensor.datchik_klimata_temperatura,28.777794455944445,2026-07-27T09:00:00+00:00
sensor.datchik_klimata_vlazhnost,35.565569322500004,2026-07-27T09:00:00+00:00
sensor.filtered_pressure,978.3066200420667,2026-07-27T09:00:00+00:00
sensor.outside_dew_point_spread_trend,1.5484369467916668,2026-07-27T09:00:00+00:00
sensor.datchik_klimata_temperatura,30.020982605694442,2026-07-27T10:00:00+00:00
sensor.datchik_klimata_vlazhnost,31.582820262222224,2026-07-27T10:00:00+00:00
sensor.filtered_pressure,977.9763462472,2026-07-27T10:00:00+00:00
sensor.outside_dew_point_spread_trend,1.9163554401055558,2026-07-27T10:00:00+00:00
sensor.datchik_klimata_temperatura,27.797051613555556,2026-07-27T11:00:00+00:00
sensor.datchik_klimata_vlazhnost,38.44114644444445,2026-07-27T11:00:00+00:00
sensor.filtered_pressure,978.2014966314277,2026-07-27T11:00:00+00:00
sensor.outside_dew_point_spread_trend,-2.396213978288889,2026-07-27T11:00:00+00:00
sensor.datchik_klimata_temperatura,24.693666344416666,2026-07-27T12:00:00+00:00
sensor.datchik_klimata_vlazhnost,46.59837753722223,2026-07-27T12:00:00+00:00
sensor.filtered_pressure,978.7505224433166,2026-07-27T12:00:00+00:00
sensor.outside_dew_point_spread_trend,-3.317771876086111,2026-07-27T12:00:00+00:00
sensor.datchik_klimata_temperatura,22.82411794719445,2026-07-27T13:00:00+00:00
sensor.datchik_klimata_vlazhnost,55.15374604611111,2026-07-27T13:00:00+00:00
sensor.filtered_pressure,978.3578065922611,2026-07-27T13:00:00+00:00
sensor.outside_dew_point_spread_trend,-2.681589576111111,2026-07-27T13:00:00+00:00
sensor.datchik_klimata_temperatura,23.165558793111114,2026-07-27T14:00:00+00:00
sensor.datchik_klimata_vlazhnost,54.097579001944446,2026-07-27T14:00:00+00:00
sensor.filtered_pressure,978.3252027713778,2026-07-27T14:00:00+00:00
sensor.outside_dew_point_spread_trend,0.14705860343333335,2026-07-27T14:00:00+00:00
sensor.datchik_klimata_temperatura,23.074857588833336,2026-07-27T15:00:00+00:00
sensor.datchik_klimata_vlazhnost,57.497404178055554,2026-07-27T15:00:00+00:00
sensor.filtered_pressure,978.3839060039583,2026-07-27T15:00:00+00:00
sensor.outside_dew_point_spread_trend,-1.0032805315166666,2026-07-27T15:00:00+00:00
sensor.datchik_klimata_temperatura,22.7561026035,2026-07-27T16:00:00+00:00
sensor.datchik_klimata_vlazhnost,58.131174172777776,2026-07-27T16:00:00+00:00
sensor.filtered_pressure,978.6327121953556,2026-07-27T16:00:00+00:00
sensor.outside_dew_point_spread_trend,-0.2085805718388889,2026-07-27T16:00:00+00:00
sensor.datchik_klimata_temperatura,21.200526577722222,2026-07-27T17:00:00+00:00
sensor.datchik_klimata_vlazhnost,59.512190356944444,2026-07-27T17:00:00+00:00
sensor.filtered_pressure,979.1592172561055,2026-07-27T17:00:00+00:00
sensor.outside_dew_point_spread_trend,-0.39080125920833336,2026-07-27T17:00:00+00:00
sensor.datchik_klimata_temperatura,19.370880853527776,2026-07-27T18:00:00+00:00
sensor.datchik_klimata_vlazhnost,68.87193455138889,2026-07-27T18:00:00+00:00
sensor.filtered_pressure,979.8036317843249,2026-07-27T18:00:00+00:00
sensor.outside_dew_point_spread_trend,-2.3337777447777777,2026-07-27T18:00:00+00:00
sensor.datchik_klimata_temperatura,18.180036451333333,2026-07-27T19:00:00+00:00
sensor.datchik_klimata_vlazhnost,75.99078492472222,2026-07-27T19:00:00+00:00
sensor.filtered_pressure,979.81972644935,2026-07-27T19:00:00+00:00
sensor.outside_dew_point_spread_trend,-1.605031739863889,2026-07-27T19:00:00+00:00
sensor.datchik_klimata_temperatura,17.68019703888889,2026-07-27T20:00:00+00:00
sensor.datchik_klimata_vlazhnost,80.98338955694445,2026-07-27T20:00:00+00:00
sensor.filtered_pressure,979.9088436571861,2026-07-27T20:00:00+00:00
sensor.outside_dew_point_spread_trend,-1.0847790067666667,2026-07-27T20:00:00+00:00
sensor.datchik_klimata_temperatura,17.42444940386111,2026-07-27T21:00:00+00:00
sensor.datchik_klimata_vlazhnost,85.00012569416667,2026-07-27T21:00:00+00:00
sensor.filtered_pressure,980.4368839545723,2026-07-27T21:00:00+00:00
sensor.outside_dew_point_spread_trend,-0.7798632747805555,2026-07-27T21:00:00+00:00
sensor.datchik_klimata_temperatura,16.729665506333333,2026-07-27T22:00:00+00:00
sensor.datchik_klimata_vlazhnost,83.82440074055556,2026-07-27T22:00:00+00:00
sensor.filtered_pressure,980.93761602305,2026-07-27T22:00:00+00:00
sensor.outside_dew_point_spread_trend,-0.12151668195833333,2026-07-27T22:00:00+00:00
sensor.datchik_klimata_temperatura,16.273037727722222,2026-07-27T23:00:00+00:00
sensor.datchik_klimata_vlazhnost,81.89328863555555,2026-07-27T23:00:00+00:00
sensor.filtered_pressure,981.4964662970001,2026-07-27T23:00:00+00:00
sensor.outside_dew_point_spread_trend,0.29678929605277776,2026-07-27T23:00:00+00:00
sensor.datchik_klimata_temperatura,15.583480509805556,2026-07-28T00:00:00+00:00
sensor.datchik_klimata_vlazhnost,79.59662974305556,2026-07-28T00:00:00+00:00
sensor.filtered_pressure,982.1107056314222,2026-07-28T00:00:00+00:00
sensor.outside_dew_point_spread_trend,0.36510621002777777,2026-07-28T00:00:00+00:00
sensor.datchik_klimata_temperatura,15.026082695555557,2026-07-28T01:00:00+00:00
sensor.datchik_klimata_vlazhnost,78.28881986805555,2026-07-28T01:00:00+00:00
sensor.filtered_pressure,982.692726816825,2026-07-28T01:00:00+00:00
sensor.outside_dew_point_spread_trend,0.18055832893055557,2026-07-28T01:00:00+00:00
sensor.datchik_klimata_temperatura,14.460348975611112,2026-07-28T02:00:00+00:00
sensor.datchik_klimata_vlazhnost,78.88663896583334,2026-07-28T02:00:00+00:00
sensor.filtered_pressure,983.0008758330999,2026-07-28T02:00:00+00:00
sensor.outside_dew_point_spread_trend,-0.10964725011111111,2026-07-28T02:00:00+00:00
sensor.datchik_klimata_temperatura,14.320767902416668,2026-07-28T03:00:00+00:00
sensor.datchik_klimata_vlazhnost,79.33253138861112,2026-07-28T03:00:00+00:00
sensor.filtered_pressure,983.3161518707778,2026-07-28T03:00:00+00:00
sensor.outside_dew_point_spread_trend,-0.04902489003055557,2026-07-28T03:00:00+00:00
sensor.datchik_klimata_temperatura,14.686035210972221,2026-07-28T04:00:00+00:00
sensor.datchik_klimata_vlazhnost,77.27147084194445,2026-07-28T04:00:00+00:00
sensor.filtered_pressure,983.8659525263306,2026-07-28T04:00:00+00:00
sensor.outside_dew_point_spread_trend,0.4437116913833334,2026-07-28T04:00:00+00:00
sensor.datchik_klimata_temperatura,14.912732708888889,2026-07-28T05:00:00+00:00
sensor.datchik_klimata_vlazhnost,75.77111279944445,2026-07-28T05:00:00+00:00
sensor.filtered_pressure,984.3412408090917,2026-07-28T05:00:00+00:00
sensor.outside_dew_point_spread_trend,0.30723381297222224,2026-07-28T05:00:00+00:00
sensor.datchik_klimata_temperatura,15.305598587972222,2026-07-28T06:00:00+00:00
sensor.datchik_klimata_vlazhnost,74.39372160111111,2026-07-28T06:00:00+00:00
sensor.filtered_pressure,984.8183846565026,2026-07-28T06:00:00+00:00
sensor.outside_dew_point_spread_trend,0.27794466623333336,2026-07-28T06:00:00+00:00
sensor.datchik_klimata_temperatura,15.752409991333332,2026-07-28T07:00:00+00:00
sensor.datchik_klimata_vlazhnost,71.80690687694444,2026-07-28T07:00:00+00:00
sensor.filtered_pressure,985.1868526322473,2026-07-28T07:00:00+00:00
sensor.outside_dew_point_spread_trend,0.5440405416666666,2026-07-28T07:00:00+00:00
sensor.datchik_klimata_temperatura,16.907803494472223,2026-07-28T08:00:00+00:00
sensor.datchik_klimata_vlazhnost,68.5671891525,2026-07-28T08:00:00+00:00
sensor.filtered_pressure,985.4706137623833,2026-07-28T08:00:00+00:00
sensor.outside_dew_point_spread_trend,0.7690617363333333,2026-07-28T08:00:00+00:00
sensor.datchik_klimata_temperatura,21.697845344138887,2026-07-28T09:00:00+00:00
sensor.datchik_klimata_vlazhnost,52.750526640833336,2026-07-28T09:00:00+00:00
sensor.filtered_pressure,985.7217438250333,2026-07-28T09:00:00+00:00
sensor.outside_dew_point_spread_trend,4.2034814748916665,2026-07-28T09:00:00+00:00
sensor.datchik_klimata_temperatura,19.7509310905,2026-07-28T10:00:00+00:00
sensor.datchik_klimata_vlazhnost,54.34258094583333,2026-07-28T10:00:00+00:00
sensor.filtered_pressure,986.11684977005,2026-07-28T10:00:00+00:00
sensor.outside_dew_point_spread_trend,-0.5835272223805555,2026-07-28T10:00:00+00:00
sensor.datchik_klimata_temperatura,20.058332705027777,2026-07-28T11:00:00+00:00
sensor.datchik_klimata_vlazhnost,52.87502356694444,2026-07-28T11:00:00+00:00
sensor.filtered_pressure,986.3632953594861,2026-07-28T11:00:00+00:00
sensor.outside_dew_point_spread_trend,0.36377418465,2026-07-28T11:00:00+00:00
sensor.datchik_klimata_temperatura,19.526185635166666,2026-07-28T12:00:00+00:00
sensor.datchik_klimata_vlazhnost,51.587945426666664,2026-07-28T12:00:00+00:00
sensor.filtered_pressure,986.7431580265584,2026-07-28T12:00:00+00:00
sensor.outside_dew_point_spread_trend,0.30476283316944447,2026-07-28T12:00:00+00:00
sensor.datchik_klimata_temperatura,19.624977634444445,2026-07-28T13:00:00+00:00
sensor.datchik_klimata_vlazhnost,53.71199732666667,2026-07-28T13:00:00+00:00
sensor.filtered_pressure,986.7831964872944,2026-07-28T13:00:00+00:00
sensor.outside_dew_point_spread_trend,-0.5441748254777777,2026-07-28T13:00:00+00:00
sensor.datchik_klimata_temperatura,19.19116684747222,2026-07-28T14:00:00+00:00
sensor.datchik_klimata_vlazhnost,51.270380476944446,2026-07-28T14:00:00+00:00
sensor.filtered_pressure,987.1510015502278,2026-07-28T14:00:00+00:00
sensor.outside_dew_point_spread_trend,0.7889581294694445,2026-07-28T14:00:00+00:00
sensor.datchik_klimata_temperatura,17.69403278272222,2026-07-28T15:00:00+00:00
sensor.datchik_klimata_vlazhnost,65.41809826583334,2026-07-28T15:00:00+00:00
sensor.filtered_pressure,987.4612936997111,2026-07-28T15:00:00+00:00
sensor.outside_dew_point_spread_trend,-3.7491505633250006,2026-07-28T15:00:00+00:00
sensor.datchik_klimata_temperatura,17.313703719111114,2026-07-28T16:00:00+00:00
sensor.datchik_klimata_vlazhnost,70.31705874186831,2026-07-28T16:00:00+00:00
sensor.filtered_pressure,987.7782316548972,2026-07-28T16:00:00+00:00
sensor.outside_dew_point_spread_trend,-1.0822002864166584,2026-07-28T16:00:00+00:00
sensor.datchik_klimata_temperatura,16.77071606550395,2026-07-28T17:00:00+00:00
sensor.datchik_klimata_vlazhnost,75.04930619692097,2026-07-28T17:00:00+00:00
sensor.filtered_pressure,988.0471459444834,2026-07-28T17:00:00+00:00
sensor.outside_dew_point_spread_trend,-0.786597000814168,2026-07-28T17:00:00+00:00
sensor.datchik_klimata_temperatura,15.835326500027778,2026-07-28T18:00:00+00:00
sensor.datchik_klimata_vlazhnost,72.6164199675,2026-07-28T18:00:00+00:00
sensor.filtered_pressure,988.7000501766306,2026-07-28T18:00:00+00:00
sensor.outside_dew_point_spread_trend,0.427530455825,2026-07-28T18:00:00+00:00
sensor.datchik_klimata_temperatura,15.2862831,2026-07-28T19:00:00+00:00
sensor.datchik_klimata_vlazhnost,76.08677317777777,2026-07-28T19:00:00+00:00
sensor.filtered_pressure,989.5688303514527,2026-07-28T19:00:00+00:00
sensor.outside_dew_point_spread_trend,-0.3133113055111111,2026-07-28T19:00:00+00:00
sensor.datchik_klimata_temperatura,14.918424674027777,2026-07-28T20:00:00+00:00
sensor.datchik_klimata_vlazhnost,79.92873514138888,2026-07-28T20:00:00+00:00
sensor.filtered_pressure,990.4050960532335,2026-07-28T20:00:00+00:00
sensor.outside_dew_point_spread_trend,-0.6183308973888889,2026-07-28T20:00:00+00:00
sensor.datchik_klimata_temperatura,14.321948449611112,2026-07-28T21:00:00+00:00
sensor.datchik_klimata_vlazhnost,81.49748463277778,2026-07-28T21:00:00+00:00
sensor.filtered_pressure,990.7944551352472,2026-07-28T21:00:00+00:00
sensor.outside_dew_point_spread_trend,-0.38899424199999993,2026-07-28T21:00:00+00:00
sensor.datchik_klimata_temperatura,13.739141914361111,2026-07-28T22:00:00+00:00
sensor.datchik_klimata_vlazhnost,81.31296710083333,2026-07-28T22:00:00+00:00
sensor.filtered_pressure,991.1765630134861,2026-07-28T22:00:00+00:00
sensor.outside_dew_point_spread_trend,-0.017033412158333334,2026-07-28T22:00:00+00:00
sensor.datchik_klimata_temperatura,13.012125656638888,2026-07-28T23:00:00+00:00
sensor.datchik_klimata_vlazhnost,81.17182302638889,2026-07-28T23:00:00+00:00
sensor.filtered_pressure,991.4096931462722,2026-07-28T23:00:00+00:00
sensor.outside_dew_point_spread_trend,0.0739311611277778,2026-07-28T23:00:00+00:00
sensor.datchik_klimata_temperatura,12.41964230213889,2026-07-29T00:00:00+00:00
sensor.datchik_klimata_vlazhnost,82.95263677444444,2026-07-29T00:00:00+00:00
sensor.filtered_pressure,991.6512450506584,2026-07-29T00:00:00+00:00
sensor.outside_dew_point_spread_trend,-0.3395638475138889,2026-07-29T00:00:00+00:00
sensor.datchik_klimata_temperatura,11.954065737194446,2026-07-29T01:00:00+00:00
sensor.datchik_klimata_vlazhnost,84.93517982805555,2026-07-29T01:00:00+00:00
sensor.filtered_pressure,991.8283004134361,2026-07-29T01:00:00+00:00
sensor.outside_dew_point_spread_trend,-0.3734106126388889,2026-07-29T01:00:00+00:00
sensor.datchik_klimata_temperatura,12.169566121805554,2026-07-29T02:00:00+00:00
sensor.datchik_klimata_vlazhnost,86.0,2026-07-29T02:00:00+00:00
sensor.filtered_pressure,991.9594668067416,2026-07-29T02:00:00+00:00
sensor.outside_dew_point_spread_trend,-0.3,2026-07-29T02:00:00+00:00
sensor.datchik_klimata_temperatura,12.572069853555556,2026-07-29T03:00:00+00:00
sensor.datchik_klimata_vlazhnost,85.3481049775,2026-07-29T03:00:00+00:00
sensor.filtered_pressure,992.2057916124082,2026-07-29T03:00:00+00:00
sensor.outside_dew_point_spread_trend,-0.026204600733333333,2026-07-29T03:00:00+00:00
sensor.datchik_klimata_temperatura,13.086590935111111,2026-07-29T04:00:00+00:00
sensor.datchik_klimata_vlazhnost,84.76020706722223,2026-07-29T04:00:00+00:00
sensor.filtered_pressure,992.6055459692166,2026-07-29T04:00:00+00:00
sensor.outside_dew_point_spread_trend,0.108010412,2026-07-29T04:00:00+00:00
sensor.datchik_klimata_temperatura,13.4435607335,2026-07-29T05:00:00+00:00
sensor.datchik_klimata_vlazhnost,82.7308184263889,2026-07-29T05:00:00+00:00
sensor.filtered_pressure,993.046851816111,2026-07-29T05:00:00+00:00
sensor.outside_dew_point_spread_trend,0.2857605643472222,2026-07-29T05:00:00+00:00
sensor.datchik_klimata_temperatura,14.772222172249998,2026-07-29T06:00:00+00:00
sensor.datchik_klimata_vlazhnost,77.17569150611111,2026-07-29T06:00:00+00:00
sensor.filtered_pressure,993.2835250988833,2026-07-29T06:00:00+00:00
sensor.outside_dew_point_spread_trend,1.0434025745388888,2026-07-29T06:00:00+00:00
sensor.datchik_klimata_temperatura,17.111211446055556,2026-07-29T07:00:00+00:00
sensor.datchik_klimata_vlazhnost,68.65232171222222,2026-07-29T07:00:00+00:00
sensor.filtered_pressure,993.4500560810917,2026-07-29T07:00:00+00:00
sensor.outside_dew_point_spread_trend,1.7694088739583334,2026-07-29T07:00:00+00:00
sensor.datchik_klimata_temperatura,19.901743378166667,2026-07-29T08:00:00+00:00
sensor.datchik_klimata_vlazhnost,58.293739083055556,2026-07-29T08:00:00+00:00
sensor.filtered_pressure,993.5332368701139,2026-07-29T08:00:00+00:00
sensor.outside_dew_point_spread_trend,2.608515768572222,2026-07-29T08:00:00+00:00
sensor.datchik_klimata_temperatura,21.84532235516667,2026-07-29T09:00:00+00:00
sensor.datchik_klimata_vlazhnost,48.60629439805555,2026-07-29T09:00:00+00:00
sensor.filtered_pressure,993.4844981296361,2026-07-29T09:00:00+00:00
sensor.outside_dew_point_spread_trend,2.980475899277778,2026-07-29T09:00:00+00:00
sensor.datchik_klimata_temperatura,22.156329616416667,2026-07-29T10:00:00+00:00
sensor.datchik_klimata_vlazhnost,46.08746500138889,2026-07-29T10:00:00+00:00
sensor.filtered_pressure,993.5785964724361,2026-07-29T10:00:00+00:00
sensor.outside_dew_point_spread_trend,0.9145010030249999,2026-07-29T10:00:00+00:00
sensor.datchik_klimata_temperatura,21.52464941077778,2026-07-29T11:00:00+00:00
sensor.datchik_klimata_vlazhnost,45.19288950083333,2026-07-29T11:00:00+00:00
sensor.filtered_pressure,993.5649169823473,2026-07-29T11:00:00+00:00
sensor.outside_dew_point_spread_trend,0.2509172761,2026-07-29T11:00:00+00:00
sensor.datchik_klimata_temperatura,21.477135983861114,2026-07-29T12:00:00+00:00
sensor.datchik_klimata_vlazhnost,43.441889333333336,2026-07-29T12:00:00+00:00
sensor.filtered_pressure,993.622588456475,2026-07-29T12:00:00+00:00
sensor.outside_dew_point_spread_trend,0.5178619723527779,2026-07-29T12:00:00+00:00
sensor.datchik_klimata_temperatura,21.83501744538889,2026-07-29T13:00:00+00:00
sensor.datchik_klimata_vlazhnost,42.07583591722222,2026-07-29T13:00:00+00:00
sensor.filtered_pressure,993.6309133551667,2026-07-29T13:00:00+00:00
sensor.outside_dew_point_spread_trend,0.8125194511861111,2026-07-29T13:00:00+00:00
sensor.datchik_klimata_temperatura,21.39044842036111,2026-07-29T14:00:00+00:00
sensor.datchik_klimata_vlazhnost,44.07536031666667,2026-07-29T14:00:00+00:00
sensor.filtered_pressure,993.5463323393946,2026-07-29T14:00:00+00:00
sensor.outside_dew_point_spread_trend,-0.7161433409361111,2026-07-29T14:00:00+00:00
sensor.datchik_klimata_temperatura,21.141355049083334,2026-07-29T15:00:00+00:00
sensor.datchik_klimata_vlazhnost,45.92771896694444,2026-07-29T15:00:00+00:00
sensor.filtered_pressure,993.5616672611944,2026-07-29T15:00:00+00:00
sensor.outside_dew_point_spread_trend,-0.597941302425,2026-07-29T15:00:00+00:00
sensor.datchik_klimata_temperatura,20.84691357152778,2026-07-29T16:00:00+00:00
sensor.datchik_klimata_vlazhnost,47.63626790944445,2026-07-29T16:00:00+00:00
sensor.filtered_pressure,993.5387489547888,2026-07-29T16:00:00+00:00
sensor.outside_dew_point_spread_trend,-0.42093175372777775,2026-07-29T16:00:00+00:00
sensor.datchik_klimata_temperatura,19.94624321763889,2026-07-29T17:00:00+00:00
sensor.datchik_klimata_vlazhnost,53.23395023972222,2026-07-29T17:00:00+00:00
sensor.filtered_pressure,993.6007403864418,2026-07-29T17:00:00+00:00
sensor.outside_dew_point_spread_trend,-1.6738921077944446,2026-07-29T17:00:00+00:00
sensor.datchik_klimata_temperatura,18.852320259833334,2026-07-29T18:00:00+00:00
sensor.datchik_klimata_vlazhnost,59.126764056388886,2026-07-29T18:00:00+00:00
sensor.filtered_pressure,993.77106423865,2026-07-29T18:00:00+00:00
sensor.outside_dew_point_spread_trend,-1.6731204310166667,2026-07-29T18:00:00+00:00
sensor.datchik_klimata_temperatura,18.18212459163889,2026-07-29T19:00:00+00:00
sensor.datchik_klimata_vlazhnost,62.505056396111115,2026-07-29T19:00:00+00:00
sensor.filtered_pressure,994.0230457397861,2026-07-29T19:00:00+00:00
sensor.outside_dew_point_spread_trend,-1.110806163163889,2026-07-29T19:00:00+00:00
sensor.datchik_klimata_temperatura,17.330322811055556,2026-07-29T20:00:00+00:00
sensor.datchik_klimata_vlazhnost,67.66300922555556,2026-07-29T20:00:00+00:00
sensor.filtered_pressure,994.2670471887028,2026-07-29T20:00:00+00:00
sensor.outside_dew_point_spread_trend,-1.2534738209083334,2026-07-29T20:00:00+00:00
sensor.datchik_klimata_temperatura,16.3775719125,2026-07-29T21:00:00+00:00
sensor.datchik_klimata_vlazhnost,73.02381336500001,2026-07-29T21:00:00+00:00
sensor.filtered_pressure,994.5960355204721,2026-07-29T21:00:00+00:00
sensor.outside_dew_point_spread_trend,-1.1397947689694445,2026-07-29T21:00:00+00:00
sensor.datchik_klimata_temperatura,15.64050461675,2026-07-29T22:00:00+00:00
sensor.datchik_klimata_vlazhnost,77.59185813250001,2026-07-29T22:00:00+00:00
sensor.filtered_pressure,994.6939218170528,2026-07-29T22:00:00+00:00
sensor.outside_dew_point_spread_trend,-1.0317168045,2026-07-29T22:00:00+00:00
sensor.datchik_klimata_temperatura,15.225582412694443,2026-07-29T23:00:00+00:00
sensor.datchik_klimata_vlazhnost,80.76731078277778,2026-07-29T23:00:00+00:00
sensor.filtered_pressure,994.7179110236306,2026-07-29T23:00:00+00:00
sensor.outside_dew_point_spread_trend,-0.6560873187694444,2026-07-29T23:00:00+00:00
sensor.datchik_klimata_temperatura,14.753600475527778,2026-07-30T00:00:00+00:00
sensor.datchik_klimata_vlazhnost,83.74107324388889,2026-07-30T00:00:00+00:00
sensor.filtered_pressure,994.7207568130001,2026-07-30T00:00:00+00:00
sensor.outside_dew_point_spread_trend,-0.5147789885805555,2026-07-30T00:00:00+00:00
sensor.datchik_klimata_temperatura,14.354465219861112,2026-07-30T01:00:00+00:00
sensor.datchik_klimata_vlazhnost,86.3451230325,2026-07-30T01:00:00+00:00
sensor.filtered_pressure,994.6312615225501,2026-07-30T01:00:00+00:00
sensor.outside_dew_point_spread_trend,-0.5775641407416666,2026-07-30T01:00:00+00:00
sensor.datchik_klimata_temperatura,14.139460777083334,2026-07-30T02:00:00+00:00
sensor.datchik_klimata_vlazhnost,87.9663769036111,2026-07-30T02:00:00+00:00
sensor.filtered_pressure,994.6531574727333,2026-07-30T02:00:00+00:00
sensor.outside_dew_point_spread_trend,-0.40672477066666674,2026-07-30T02:00:00+00:00
sensor.datchik_klimata_temperatura,14.59369227286111,2026-07-30T03:00:00+00:00
sensor.datchik_klimata_vlazhnost,87.64772851694444,2026-07-30T03:00:00+00:00
sensor.filtered_pressure,994.7432194251415,2026-07-30T03:00:00+00:00
sensor.outside_dew_point_spread_trend,-0.22669064289722227,2026-07-30T03:00:00+00:00
sensor.datchik_klimata_temperatura,16.751745174805556,2026-07-30T04:00:00+00:00
sensor.datchik_klimata_vlazhnost,80.68221470333333,2026-07-30T04:00:00+00:00
sensor.filtered_pressure,994.9312835363361,2026-07-30T04:00:00+00:00
sensor.outside_dew_point_spread_trend,1.272673027863889,2026-07-30T04:00:00+00:00
sensor.datchik_klimata_temperatura,20.608237444388887,2026-07-30T05:00:00+00:00
sensor.datchik_klimata_vlazhnost,66.49751906305555,2026-07-30T05:00:00+00:00
sensor.filtered_pressure,995.0379321471028,2026-07-30T05:00:00+00:00
sensor.outside_dew_point_spread_trend,3.048457523838889,2026-07-30T05:00:00+00:00
sensor.datchik_klimata_temperatura,24.125708360833332,2026-07-30T06:00:00+00:00
sensor.datchik_klimata_vlazhnost,55.600986963888886,2026-07-30T06:00:00+00:00
sensor.filtered_pressure,995.0930347392055,2026-07-30T06:00:00+00:00
sensor.outside_dew_point_spread_trend,3.0110892616666667,2026-07-30T06:00:00+00:00
sensor.datchik_klimata_temperatura,25.995368012749996,2026-07-30T07:00:00+00:00
sensor.datchik_klimata_vlazhnost,47.03753831527778,2026-07-30T07:00:00+00:00
sensor.filtered_pressure,995.1925746508527,2026-07-30T07:00:00+00:00
sensor.outside_dew_point_spread_trend,2.7070425993777776,2026-07-30T07:00:00+00:00
sensor.datchik_klimata_temperatura,24.64336344863889,2026-07-30T08:00:00+00:00
sensor.datchik_klimata_vlazhnost,49.00539105722222,2026-07-30T08:00:00+00:00
sensor.filtered_pressure,995.1679690409695,2026-07-30T08:00:00+00:00
sensor.outside_dew_point_spread_trend,-0.7385533228527777,2026-07-30T08:00:00+00:00
sensor.datchik_klimata_temperatura,27.03841989858333,2026-07-30T09:00:00+00:00
sensor.datchik_klimata_vlazhnost,43.050613267500005,2026-07-30T09:00:00+00:00
sensor.filtered_pressure,995.285479811325,2026-07-30T09:00:00+00:00
sensor.outside_dew_point_spread_trend,2.052965051111111,2026-07-30T09:00:00+00:00
sensor.datchik_klimata_temperatura,27.238873595388885,2026-07-30T10:00:00+00:00
sensor.datchik_klimata_vlazhnost,40.916051126666666,2026-07-30T10:00:00+00:00
sensor.filtered_pressure,995.1760707291111,2026-07-30T10:00:00+00:00
sensor.outside_dew_point_spread_trend,0.5962638851805556,2026-07-30T10:00:00+00:00
sensor.datchik_klimata_temperatura,25.275907805,2026-07-30T11:00:00+00:00
sensor.datchik_klimata_vlazhnost,44.32143899555555,2026-07-30T11:00:00+00:00
sensor.filtered_pressure,995.0028235715416,2026-07-30T11:00:00+00:00
sensor.outside_dew_point_spread_trend,-1.2854254071194444,2026-07-30T11:00:00+00:00
sensor.datchik_klimata_temperatura,24.80358112913889,2026-07-30T12:00:00+00:00
sensor.datchik_klimata_vlazhnost,46.729409608611114,2026-07-30T12:00:00+00:00
sensor.filtered_pressure,994.7754402829361,2026-07-30T12:00:00+00:00
sensor.outside_dew_point_spread_trend,-0.8113556308916666,2026-07-30T12:00:00+00:00
sensor.datchik_klimata_temperatura,24.406580962166668,2026-07-30T13:00:00+00:00
sensor.datchik_klimata_vlazhnost,46.58737837277778,2026-07-30T13:00:00+00:00
sensor.filtered_pressure,994.6859665967917,2026-07-30T13:00:00+00:00
sensor.outside_dew_point_spread_trend,-0.03926004433333335,2026-07-30T13:00:00+00:00
sensor.datchik_klimata_temperatura,24.357256213055553,2026-07-30T14:00:00+00:00
sensor.datchik_klimata_vlazhnost,47.481672785,2026-07-30T14:00:00+00:00
sensor.filtered_pressure,994.5997696529527,2026-07-30T14:00:00+00:00
sensor.outside_dew_point_spread_trend,-0.29028686619444444,2026-07-30T14:00:00+00:00
sensor.datchik_klimata_temperatura,23.988554240444444,2026-07-30T15:00:00+00:00
sensor.datchik_klimata_vlazhnost,47.50984508194444,2026-07-30T15:00:00+00:00
sensor.filtered_pressure,994.4689163535917,2026-07-30T15:00:00+00:00
sensor.outside_dew_point_spread_trend,-0.007168631655555586,2026-07-30T15:00:00+00:00
sensor.datchik_klimata_temperatura,23.604433933638887,2026-07-30T16:00:00+00:00
sensor.datchik_klimata_vlazhnost,47.89601793916666,2026-07-30T16:00:00+00:00
sensor.filtered_pressure,994.3552200843278,2026-07-30T16:00:00+00:00
sensor.outside_dew_point_spread_trend,-0.3026870370666667,2026-07-30T16:00:00+00:00
sensor.datchik_klimata_temperatura,22.41444803725,2026-07-30T17:00:00+00:00
sensor.datchik_klimata_vlazhnost,51.551553429444446,2026-07-30T17:00:00+00:00
sensor.filtered_pressure,994.2343393355723,2026-07-30T17:00:00+00:00
sensor.outside_dew_point_spread_trend,-1.2244330336333333,2026-07-30T17:00:00+00:00
sensor.datchik_klimata_temperatura,20.876765666805557,2026-07-30T18:00:00+00:00
sensor.datchik_klimata_vlazhnost,58.184482968055555,2026-07-30T18:00:00+00:00
sensor.filtered_pressure,994.4269364640335,2026-07-30T18:00:00+00:00
sensor.outside_dew_point_spread_trend,-1.9061458913333331,2026-07-30T18:00:00+00:00
sensor.datchik_klimata_temperatura,19.617215685055555,2026-07-30T19:00:00+00:00
sensor.datchik_klimata_vlazhnost,64.44655695694445,2026-07-30T19:00:00+00:00
sensor.filtered_pressure,994.51816884625,2026-07-30T19:00:00+00:00
sensor.outside_dew_point_spread_trend,-1.6004547452166669,2026-07-30T19:00:00+00:00
sensor.datchik_klimata_temperatura,18.69487812688889,2026-07-30T20:00:00+00:00
sensor.datchik_klimata_vlazhnost,70.47037009055556,2026-07-30T20:00:00+00:00
sensor.filtered_pressure,994.8286148456,2026-07-30T20:00:00+00:00
sensor.outside_dew_point_spread_trend,-1.5012793641472222,2026-07-30T20:00:00+00:00
sensor.datchik_klimata_temperatura,18.12204871638889,2026-07-30T21:00:00+00:00
sensor.datchik_klimata_vlazhnost,72.9690359563889,2026-07-30T21:00:00+00:00
sensor.filtered_pressure,995.0970235195167,2026-07-30T21:00:00+00:00
sensor.outside_dew_point_spread_trend,-0.7771762936361112,2026-07-30T21:00:00+00:00
sensor.datchik_klimata_temperatura,17.28695460875,2026-07-30T22:00:00+00:00
sensor.datchik_klimata_vlazhnost,76.997109595,2026-07-30T22:00:00+00:00
sensor.filtered_pressure,994.9849663093195,2026-07-30T22:00:00+00:00
sensor.outside_dew_point_spread_trend,-0.7718008133611112,2026-07-30T22:00:00+00:00
sensor.datchik_klimata_temperatura,16.752565286916667,2026-07-30T23:00:00+00:00
sensor.datchik_klimata_vlazhnost,79.51316002805555,2026-07-30T23:00:00+00:00
sensor.filtered_pressure,994.9868801786416,2026-07-30T23:00:00+00:00
sensor.outside_dew_point_spread_trend,-0.6256415334611112,2026-07-30T23:00:00+00:00
sensor.datchik_klimata_temperatura,16.29731460875,2026-07-31T00:00:00+00:00
sensor.datchik_klimata_vlazhnost,83.66989165222222,2026-07-31T00:00:00+00:00
sensor.filtered_pressure,994.8761906405084,2026-07-31T00:00:00+00:00
sensor.outside_dew_point_spread_trend,-0.7551274278805556,2026-07-31T00:00:00+00:00
sensor.datchik_klimata_temperatura,15.781492037527778,2026-07-31T01:00:00+00:00
sensor.datchik_klimata_vlazhnost,84.42268942305556,2026-07-31T01:00:00+00:00
sensor.filtered_pressure,994.4206779815416,2026-07-31T01:00:00+00:00
sensor.outside_dew_point_spread_trend,-0.3448408794444444,2026-07-31T01:00:00+00:00
sensor.datchik_klimata_temperatura,15.345756984333335,2026-07-31T02:00:00+00:00
sensor.datchik_klimata_vlazhnost,85.61562860722222,2026-07-31T02:00:00+00:00
sensor.filtered_pressure,994.2686839625222,2026-07-31T02:00:00+00:00
sensor.outside_dew_point_spread_trend,-0.157750553,2026-07-31T02:00:00+00:00
sensor.datchik_klimata_temperatura,15.781106872638889,2026-07-31T03:00:00+00:00
sensor.datchik_klimata_vlazhnost,85.59089460916665,2026-07-31T03:00:00+00:00
sensor.filtered_pressure,994.4419694284444,2026-07-31T03:00:00+00:00
sensor.outside_dew_point_spread_trend,-0.07796327008888888,2026-07-31T03:00:00+00:00
sensor.datchik_klimata_temperatura,21.269588688916667,2026-07-31T04:00:00+00:00
sensor.datchik_klimata_vlazhnost,66.649027375,2026-07-31T04:00:00+00:00
sensor.filtered_pressure,994.5806245438972,2026-07-31T04:00:00+00:00
sensor.outside_dew_point_spread_trend,4.111481392988889,2026-07-31T04:00:00+00:00
sensor.datchik_klimata_temperatura,25.519898176222224,2026-07-31T05:00:00+00:00
sensor.datchik_klimata_vlazhnost,49.55226408194445,2026-07-31T05:00:00+00:00
sensor.filtered_pressure,994.5640449992139,2026-07-31T05:00:00+00:00
sensor.outside_dew_point_spread_trend,4.879216460911111,2026-07-31T05:00:00+00:00
sensor.datchik_klimata_temperatura,27.80251870902778,2026-07-31T06:00:00+00:00
sensor.datchik_klimata_vlazhnost,42.69281241555555,2026-07-31T06:00:00+00:00
sensor.filtered_pressure,994.7050348442334,2026-07-31T06:00:00+00:00
sensor.outside_dew_point_spread_trend,2.5999323303333335,2026-07-31T06:00:00+00:00
sensor.datchik_klimata_temperatura,28.807984168666668,2026-07-31T07:00:00+00:00
sensor.datchik_klimata_vlazhnost,41.00056786583333,2026-07-31T07:00:00+00:00
sensor.filtered_pressure,994.4476903081612,2026-07-31T07:00:00+00:00
sensor.outside_dew_point_spread_trend,0.7396215635166666,2026-07-31T07:00:00+00:00
sensor.datchik_klimata_temperatura,29.546678850027778,2026-07-31T08:00:00+00:00
sensor.datchik_klimata_vlazhnost,39.43359422416667,2026-07-31T08:00:00+00:00
sensor.filtered_pressure,994.0929446676805,2026-07-31T08:00:00+00:00
sensor.outside_dew_point_spread_trend,0.7555921425,2026-07-31T08:00:00+00:00
sensor.datchik_klimata_temperatura,30.658977845722223,2026-07-31T09:00:00+00:00
sensor.datchik_klimata_vlazhnost,36.99798304111111,2026-07-31T09:00:00+00:00
sensor.filtered_pressure,993.6823401376028,2026-07-31T09:00:00+00:00
sensor.outside_dew_point_spread_trend,1.0964623551305557,2026-07-31T09:00:00+00:00
sensor.datchik_klimata_temperatura,31.184451449444442,2026-07-31T10:00:00+00:00
sensor.datchik_klimata_vlazhnost,35.95506754555556,2026-07-31T10:00:00+00:00
sensor.filtered_pressure,993.1623741432277,2026-07-31T10:00:00+00:00
sensor.outside_dew_point_spread_trend,0.4851667625861111,2026-07-31T10:00:00+00:00
sensor.datchik_klimata_temperatura,28.881658385138888,2026-07-31T11:00:00+00:00
sensor.datchik_klimata_vlazhnost,39.94927440027778,2026-07-31T11:00:00+00:00
sensor.filtered_pressure,992.8826167135444,2026-07-31T11:00:00+00:00
sensor.outside_dew_point_spread_trend,-2.1308393739944447,2026-07-31T11:00:00+00:00
sensor.datchik_klimata_temperatura,28.025983268250002,2026-07-31T12:00:00+00:00
sensor.datchik_klimata_vlazhnost,41.40334256055555,2026-07-31T12:00:00+00:00
sensor.filtered_pressure,992.4560650369167,2026-07-31T12:00:00+00:00
sensor.outside_dew_point_spread_trend,-0.9186957229666666,2026-07-31T12:00:00+00:00
sensor.datchik_klimata_temperatura,28.03225407188889,2026-07-31T13:00:00+00:00
sensor.datchik_klimata_vlazhnost,41.56473963222222,2026-07-31T13:00:00+00:00
sensor.filtered_pressure,991.997937924575,2026-07-31T13:00:00+00:00
sensor.outside_dew_point_spread_trend,0.08777850133888893,2026-07-31T13:00:00+00:00
sensor.datchik_klimata_temperatura,28.024060095944446,2026-07-31T14:00:00+00:00
sensor.datchik_klimata_vlazhnost,43.11185027833333,2026-07-31T14:00:00+00:00
sensor.filtered_pressure,991.6994073355667,2026-07-31T14:00:00+00:00
sensor.outside_dew_point_spread_trend,-0.47356064652777774,2026-07-31T14:00:00+00:00
sensor.datchik_klimata_temperatura,27.966992460805557,2026-07-31T15:00:00+00:00
sensor.datchik_klimata_vlazhnost,43.39494030833333,2026-07-31T15:00:00+00:00
sensor.filtered_pressure,991.3691647047973,2026-07-31T15:00:00+00:00
sensor.outside_dew_point_spread_trend,-0.16505222758333332,2026-07-31T15:00:00+00:00
sensor.datchik_klimata_temperatura,27.544857671388886,2026-07-31T16:00:00+00:00
sensor.datchik_klimata_vlazhnost,43.73165299027778,2026-07-31T16:00:00+00:00
sensor.filtered_pressure,991.0893670788722,2026-07-31T16:00:00+00:00
sensor.outside_dew_point_spread_trend,-0.1418669915611111,2026-07-31T16:00:00+00:00
sensor.datchik_klimata_temperatura,26.804985290027776,2026-07-31T17:00:00+00:00
sensor.datchik_klimata_vlazhnost,45.65607061666666,2026-07-31T17:00:00+00:00
sensor.filtered_pressure,990.7347671321972,2026-07-31T17:00:00+00:00
sensor.outside_dew_point_spread_trend,-0.6129862678527778,2026-07-31T17:00:00+00:00
sensor.datchik_klimata_temperatura,25.54903341086111,2026-07-31T18:00:00+00:00
sensor.datchik_klimata_vlazhnost,49.08380837972222,2026-07-31T18:00:00+00:00
sensor.filtered_pressure,990.8990404788693,2026-07-31T18:00:00+00:00
sensor.outside_dew_point_spread_trend,-1.2418715594,2026-07-31T18:00:00+00:00
sensor.datchik_klimata_temperatura,24.526203024,2026-07-31T19:00:00+00:00
sensor.datchik_klimata_vlazhnost,53.34342862666667,2026-07-31T19:00:00+00:00
sensor.filtered_pressure,990.9046865626916,2026-07-31T19:00:00+00:00
sensor.outside_dew_point_spread_trend,-1.3677828017,2026-07-31T19:00:00+00:00
sensor.datchik_klimata_temperatura,23.63989823886111,2026-07-31T20:00:00+00:00
sensor.datchik_klimata_vlazhnost,55.510419109999994,2026-07-31T20:00:00+00:00
sensor.filtered_pressure,990.8711589983556,2026-07-31T20:00:00+00:00
sensor.outside_dew_point_spread_trend,-0.7792365024638889,2026-07-31T20:00:00+00:00
sensor.datchik_klimata_temperatura,22.878326633249998,2026-07-31T21:00:00+00:00
sensor.datchik_klimata_vlazhnost,57.0,2026-07-31T21:00:00+00:00
sensor.filtered_pressure,990.8017327680806,2026-07-31T21:00:00+00:00
sensor.outside_dew_point_spread_trend,-0.89,2026-07-31T21:00:00+00:00
sensor.datchik_klimata_temperatura,22.387329535027778,2026-07-31T22:00:00+00:00
sensor.datchik_klimata_vlazhnost,56.63319189222222,2026-07-31T22:00:00+00:00
sensor.filtered_pressure,990.8830677361084,2026-07-31T22:00:00+00:00
sensor.outside_dew_point_spread_trend,-0.003969081955555578,2026-07-31T22:00:00+00:00
sensor.datchik_klimata_temperatura,21.92025414122222,2026-07-31T23:00:00+00:00
sensor.datchik_klimata_vlazhnost,55.752809241111116,2026-07-31T23:00:00+00:00
sensor.filtered_pressure,990.6958631050361,2026-07-31T23:00:00+00:00
sensor.outside_dew_point_spread_trend,0.3215442280222222,2026-07-31T23:00:00+00:00
sensor.datchik_klimata_temperatura,21.53291577427778,2026-08-01T00:00:00+00:00
sensor.datchik_klimata_vlazhnost,57.670183207777775,2026-08-01T00:00:00+00:00
sensor.filtered_pressure,990.4498448382473,2026-08-01T00:00:00+00:00
sensor.outside_dew_point_spread_trend,-0.5670182258333333,2026-08-01T00:00:00+00:00
sensor.datchik_klimata_temperatura,21.151754538694444,2026-08-01T01:00:00+00:00
sensor.datchik_klimata_vlazhnost,58.77414267,2026-08-01T01:00:00+00:00
sensor.filtered_pressure,990.3871167895417,2026-08-01T01:00:00+00:00
sensor.outside_dew_point_spread_trend,-0.4196079119166667,2026-08-01T01:00:00+00:00
sensor.datchik_klimata_temperatura,20.577652568166666,2026-08-01T02:00:00+00:00
sensor.datchik_klimata_vlazhnost,61.90202303833333,2026-08-01T02:00:00+00:00
sensor.filtered_pressure,990.4444658441777,2026-08-01T02:00:00+00:00
sensor.outside_dew_point_spread_trend,-0.8074354791611111,2026-08-01T02:00:00+00:00
sensor.datchik_klimata_temperatura,20.44233659675,2026-08-01T03:00:00+00:00
sensor.datchik_klimata_vlazhnost,63.364538859166665,2026-08-01T03:00:00+00:00
sensor.filtered_pressure,990.487574115161,2026-08-01T03:00:00+00:00
sensor.outside_dew_point_spread_trend,-0.4101189068166667,2026-08-01T03:00:00+00:00
sensor.datchik_klimata_temperatura,23.010803089694445,2026-08-01T04:00:00+00:00
sensor.datchik_klimata_vlazhnost,56.86085474361111,2026-08-01T04:00:00+00:00
sensor.filtered_pressure,990.403996679825,2026-08-01T04:00:00+00:00
sensor.outside_dew_point_spread_trend,1.9175822432444445,2026-08-01T04:00:00+00:00
sensor.datchik_klimata_temperatura,25.709833373305557,2026-08-01T05:00:00+00:00
sensor.datchik_klimata_vlazhnost,49.74037454805555,2026-08-01T05:00:00+00:00
sensor.filtered_pressure,990.3846189332334,2026-08-01T05:00:00+00:00
sensor.outside_dew_point_spread_trend,2.1914637939694446,2026-08-01T05:00:00+00:00
sensor.datchik_klimata_temperatura,27.906610915,2026-08-01T06:00:00+00:00
sensor.datchik_klimata_vlazhnost,46.88654441972222,2026-08-01T06:00:00+00:00
sensor.filtered_pressure,990.3031046252612,2026-08-01T06:00:00+00:00
sensor.outside_dew_point_spread_trend,1.1133461044055555,2026-08-01T06:00:00+00:00
sensor.datchik_klimata_temperatura,31.431625540305557,2026-08-01T07:00:00+00:00
sensor.datchik_klimata_vlazhnost,39.976472800833335,2026-08-01T07:00:00+00:00
sensor.filtered_pressure,990.2465378539918,2026-08-01T07:00:00+00:00
sensor.outside_dew_point_spread_trend,2.8398106075027783,2026-08-01T07:00:00+00:00
sensor.datchik_klimata_temperatura,33.17390544041667,2026-08-01T08:00:00+00:00
sensor.datchik_klimata_vlazhnost,36.61240259972222,2026-08-01T08:00:00+00:00
sensor.filtered_pressure,990.3133471701361,2026-08-01T08:00:00+00:00
sensor.outside_dew_point_spread_trend,1.7294842143138887,2026-08-01T08:00:00+00:00
sensor.datchik_klimata_temperatura,32.352680025055555,2026-08-01T09:00:00+00:00
sensor.datchik_klimata_vlazhnost,39.354031965,2026-08-01T09:00:00+00:00
sensor.filtered_pressure,990.2999083224639,2026-08-01T09:00:00+00:00
sensor.outside_dew_point_spread_trend,-0.7208080420972222,2026-08-01T09:00:00+00:00
sensor.datchik_klimata_temperatura,33.05451674644444,2026-08-01T10:00:00+00:00
sensor.datchik_klimata_vlazhnost,38.98957665388889,2026-08-01T10:00:00+00:00
sensor.filtered_pressure,990.2911109421722,2026-08-01T10:00:00+00:00
sensor.outside_dew_point_spread_trend,0.1470340076361111,2026-08-01T10:00:00+00:00
sensor.datchik_klimata_temperatura,32.421535622722224,2026-08-01T11:00:00+00:00
sensor.datchik_klimata_vlazhnost,39.10013809583334,2026-08-01T11:00:00+00:00
sensor.filtered_pressure,989.9623386859416,2026-08-01T11:00:00+00:00
sensor.outside_dew_point_spread_trend,-0.06786012496944442,2026-08-01T11:00:00+00:00
sensor.datchik_klimata_temperatura,31.559928350944446,2026-08-01T12:00:00+00:00
sensor.datchik_klimata_vlazhnost,37.963372855277775,2026-08-01T12:00:00+00:00
sensor.filtered_pressure,989.625473820639,2026-08-01T12:00:00+00:00
sensor.outside_dew_point_spread_trend,0.4428388672166666,2026-08-01T12:00:00+00:00
sensor.datchik_klimata_temperatura,31.83737676047222,2026-08-01T13:00:00+00:00
sensor.datchik_klimata_vlazhnost,39.85568747,2026-08-01T13:00:00+00:00
sensor.filtered_pressure,989.462920472136,2026-08-01T13:00:00+00:00
sensor.outside_dew_point_spread_trend,-0.647720278125,2026-08-01T13:00:00+00:00
sensor.datchik_klimata_temperatura,30.330337989833335,2026-08-01T14:00:00+00:00
sensor.datchik_klimata_vlazhnost,48.364439445277775,2026-08-01T14:00:00+00:00
sensor.filtered_pressure,989.7340075408196,2026-08-01T14:00:00+00:00
sensor.outside_dew_point_spread_trend,-3.1536200771083336,2026-08-01T14:00:00+00:00
sensor.datchik_klimata_temperatura,27.485124103805557,2026-08-01T15:00:00+00:00
sensor.datchik_klimata_vlazhnost,49.47465943166666,2026-08-01T15:00:00+00:00
sensor.filtered_pressure,989.4644059409972,2026-08-01T15:00:00+00:00
sensor.outside_dew_point_spread_trend,-0.694362433852778,2026-08-01T15:00:00+00:00
sensor.datchik_klimata_temperatura,26.555564618000002,2026-08-01T16:00:00+00:00
sensor.datchik_klimata_vlazhnost,50.1957071875,2026-08-01T16:00:00+00:00
sensor.filtered_pressure,988.7231031401111,2026-08-01T16:00:00+00:00
sensor.outside_dew_point_spread_trend,0.33662529346666664,2026-08-01T16:00:00+00:00
sensor.datchik_klimata_temperatura,26.480537612555555,2026-08-01T17:00:00+00:00
sensor.datchik_klimata_vlazhnost,54.50063225388889,2026-08-01T17:00:00+00:00
sensor.filtered_pressure,988.6035149269611,2026-08-01T17:00:00+00:00
sensor.outside_dew_point_spread_trend,-1.125914663625,2026-08-01T17:00:00+00:00
sensor.datchik_klimata_temperatura,26.358650853583338,2026-08-01T18:00:00+00:00
sensor.datchik_klimata_vlazhnost,55.887942231388884,2026-08-01T18:00:00+00:00
sensor.filtered_pressure,988.1282321181639,2026-08-01T18:00:00+00:00
sensor.outside_dew_point_spread_trend,-1.1707943628666666,2026-08-01T18:00:00+00:00
sensor.datchik_klimata_temperatura,25.72279897672222,2026-08-01T19:00:00+00:00
sensor.datchik_klimata_vlazhnost,54.80294402111111,2026-08-01T19:00:00+00:00
sensor.filtered_pressure,987.7732204684667,2026-08-01T19:00:00+00:00
sensor.outside_dew_point_spread_trend,0.15807085112222222,2026-08-01T19:00:00+00:00
sensor.datchik_klimata_temperatura,25.477916552555556,2026-08-01T20:00:00+00:00
sensor.datchik_klimata_vlazhnost,57.40366052722222,2026-08-01T20:00:00+00:00
sensor.filtered_pressure,988.0256607336222,2026-08-01T20:00:00+00:00
sensor.outside_dew_point_spread_trend,-0.6580757376111112,2026-08-01T20:00:00+00:00
sensor.datchik_klimata_temperatura,25.311207112833333,2026-08-01T21:00:00+00:00
sensor.datchik_klimata_vlazhnost,57.77700488166667,2026-08-01T21:00:00+00:00
sensor.filtered_pressure,987.977810792789,2026-08-01T21:00:00+00:00
sensor.outside_dew_point_spread_trend,-0.09980221507500002,2026-08-01T21:00:00+00:00
sensor.datchik_klimata_temperatura,25.09079224925,2026-08-01T22:00:00+00:00
sensor.datchik_klimata_vlazhnost,57.30879124472222,2026-08-01T22:00:00+00:00
sensor.filtered_pressure,988.0670516407499,2026-08-01T22:00:00+00:00
sensor.outside_dew_point_spread_trend,0.08606183328888889,2026-08-01T22:00:00+00:00
sensor.datchik_klimata_temperatura,23.811937953527778,2026-08-01T23:00:00+00:00
sensor.datchik_klimata_vlazhnost,60.69445708666667,2026-08-01T23:00:00+00:00
sensor.filtered_pressure,987.8051133085334,2026-08-01T23:00:00+00:00
sensor.outside_dew_point_spread_trend,-0.9693006452444445,2026-08-01T23:00:00+00:00
sensor.datchik_klimata_temperatura,23.61249874727778,2026-08-02T00:00:00+00:00
sensor.datchik_klimata_vlazhnost,61.798328420833336,2026-08-02T00:00:00+00:00
sensor.filtered_pressure,987.5222863463805,2026-08-02T00:00:00+00:00
sensor.outside_dew_point_spread_trend,-0.7482932015972223,2026-08-02T00:00:00+00:00
sensor.datchik_klimata_temperatura,23.059468658333333,2026-08-02T01:00:00+00:00
sensor.datchik_klimata_vlazhnost,63.56486760611111,2026-08-02T01:00:00+00:00
sensor.filtered_pressure,987.7667652977639,2026-08-02T01:00:00+00:00
sensor.outside_dew_point_spread_trend,-0.5450252717388889,2026-08-02T01:00:00+00:00
sensor.datchik_klimata_temperatura,22.62819604175,2026-08-02T02:00:00+00:00
sensor.datchik_klimata_vlazhnost,65.44573437416666,2026-08-02T02:00:00+00:00
sensor.filtered_pressure,987.9201526831026,2026-08-02T02:00:00+00:00
sensor.outside_dew_point_spread_trend,-0.49298404655,2026-08-02T02:00:00+00:00
sensor.datchik_klimata_temperatura,22.38555458947222,2026-08-02T03:00:00+00:00
sensor.datchik_klimata_vlazhnost,67.10871732694444,2026-08-02T03:00:00+00:00
sensor.filtered_pressure,988.2439569755473,2026-08-02T03:00:00+00:00
sensor.outside_dew_point_spread_trend,-0.4068550565444444,2026-08-02T03:00:00+00:00
sensor.datchik_klimata_temperatura,23.161809393166667,2026-08-02T04:00:00+00:00
sensor.datchik_klimata_vlazhnost,70.08221521527777,2026-08-02T04:00:00+00:00
sensor.filtered_pressure,989.0845110608806,2026-08-02T04:00:00+00:00
sensor.outside_dew_point_spread_trend,-0.6020604669583334,2026-08-02T04:00:00+00:00
sensor.datchik_klimata_temperatura,21.913741084944444,2026-08-02T05:00:00+00:00
sensor.datchik_klimata_vlazhnost,77.83236967,2026-08-02T05:00:00+00:00
sensor.filtered_pressure,990.2059716968666,2026-08-02T05:00:00+00:00
sensor.outside_dew_point_spread_trend,-1.6169823435833335,2026-08-02T05:00:00+00:00
sensor.datchik_klimata_temperatura,20.96000372783333,2026-08-02T06:00:00+00:00
sensor.datchik_klimata_vlazhnost,84.8135507938889,2026-08-02T06:00:00+00:00
sensor.filtered_pressure,989.8467310409887,2026-08-02T06:00:00+00:00
sensor.outside_dew_point_spread_trend,-1.9067861320333332,2026-08-02T06:00:00+00:00
sensor.datchik_klimata_temperatura,21.056716392777776,2026-08-02T07:00:00+00:00
sensor.datchik_klimata_vlazhnost,83.99575511055555,2026-08-02T07:00:00+00:00
sensor.filtered_pressure,990.6358024836723,2026-08-02T07:00:00+00:00
sensor.outside_dew_point_spread_trend,-0.5397855060805555,2026-08-02T07:00:00+00:00
sensor.datchik_klimata_temperatura,21.834927369194446,2026-08-02T08:00:00+00:00
sensor.datchik_klimata_vlazhnost,80.83577025694444,2026-08-02T08:00:00+00:00
sensor.filtered_pressure,991.3140074564111,2026-08-02T08:00:00+00:00
sensor.outside_dew_point_spread_trend,0.6001263029583334,2026-08-02T08:00:00+00:00
sensor.datchik_klimata_temperatura,22.282193021305556,2026-08-02T09:00:00+00:00
sensor.datchik_klimata_vlazhnost,77.27219274611112,2026-08-02T09:00:00+00:00
sensor.filtered_pressure,991.9822386883944,2026-08-02T09:00:00+00:00
sensor.outside_dew_point_spread_trend,0.7125331411277779,2026-08-02T09:00:00+00:00
sensor.datchik_klimata_temperatura,23.828787758333334,2026-08-02T10:00:00+00:00
sensor.datchik_klimata_vlazhnost,66.33866841833334,2026-08-02T10:00:00+00:00
sensor.filtered_pressure,992.7270731069806,2026-08-02T10:00:00+00:00
sensor.outside_dew_point_spread_trend,2.452586340166667,2026-08-02T10:00:00+00:00
sensor.datchik_klimata_temperatura,24.58065729261111,2026-08-02T11:00:00+00:00
sensor.datchik_klimata_vlazhnost,60.601456219999996,2026-08-02T11:00:00+00:00
sensor.filtered_pressure,993.3160362856971,2026-08-02T11:00:00+00:00
sensor.outside_dew_point_spread_trend,1.8512744511666666,2026-08-02T11:00:00+00:00
sensor.datchik_klimata_temperatura,24.38003233122222,2026-08-02T12:00:00+00:00
sensor.datchik_klimata_vlazhnost,58.291616925,2026-08-02T12:00:00+00:00
sensor.filtered_pressure,993.627811297,2026-08-02T12:00:00+00:00
sensor.outside_dew_point_spread_trend,0.6246885570166667,2026-08-02T12:00:00+00:00
sensor.datchik_klimata_temperatura,24.170111592833333,2026-08-02T13:00:00+00:00
sensor.datchik_klimata_vlazhnost,55.40361680694445,2026-08-02T13:00:00+00:00
sensor.filtered_pressure,993.6819892561639,2026-08-02T13:00:00+00:00
sensor.outside_dew_point_spread_trend,0.9145763837277778,2026-08-02T13:00:00+00:00
sensor.datchik_klimata_temperatura,24.202769253,2026-08-02T14:00:00+00:00
sensor.datchik_klimata_vlazhnost,54.75900504722222,2026-08-02T14:00:00+00:00
sensor.filtered_pressure,993.9060329766972,2026-08-02T14:00:00+00:00
sensor.outside_dew_point_spread_trend,0.27592951109999997,2026-08-02T14:00:00+00:00
sensor.datchik_klimata_temperatura,23.679067648555556,2026-08-02T15:00:00+00:00
sensor.datchik_klimata_vlazhnost,57.26889650111111,2026-08-02T15:00:00+00:00
sensor.filtered_pressure,993.9372775838806,2026-08-02T15:00:00+00:00
sensor.outside_dew_point_spread_trend,-0.828908484175,2026-08-02T15:00:00+00:00
sensor.datchik_klimata_temperatura,22.863711618694442,2026-08-02T16:00:00+00:00
sensor.datchik_klimata_vlazhnost,57.38582981,2026-08-02T16:00:00+00:00
sensor.filtered_pressure,993.8903889516665,2026-08-02T16:00:00+00:00
sensor.outside_dew_point_spread_trend,0.10088424785,2026-08-02T16:00:00+00:00
sensor.datchik_klimata_temperatura,22.335283807222222,2026-08-02T17:00:00+00:00
sensor.datchik_klimata_vlazhnost,59.0,2026-08-02T17:00:00+00:00
sensor.filtered_pressure,993.9648764765861,2026-08-02T17:00:00+00:00
sensor.outside_dew_point_spread_trend,-0.12,2026-08-02T17:00:00+00:00
sensor.datchik_klimata_temperatura,21.346940852111114,2026-08-02T18:00:00+00:00
sensor.datchik_klimata_vlazhnost,62.38962731833333,2026-08-02T18:00:00+00:00
sensor.filtered_pressure,994.2685605885055,2026-08-02T18:00:00+00:00
sensor.outside_dew_point_spread_trend,-0.7228648966416666,2026-08-02T18:00:00+00:00
sensor.datchik_klimata_temperatura,20.54928395752778,2026-08-02T19:00:00+00:00
sensor.datchik_klimata_vlazhnost,67.09039996055556,2026-08-02T19:00:00+00:00
sensor.filtered_pressure,994.5002923758501,2026-08-02T19:00:00+00:00
sensor.outside_dew_point_spread_trend,-1.19389768585,2026-08-02T19:00:00+00:00
sensor.datchik_klimata_temperatura,19.670434836583333,2026-08-02T20:00:00+00:00
sensor.datchik_klimata_vlazhnost,71.56907475472222,2026-08-02T20:00:00+00:00
sensor.filtered_pressure,994.841201235914,2026-08-02T20:00:00+00:00
sensor.outside_dew_point_spread_trend,-0.9670237873416666,2026-08-02T20:00:00+00:00
sensor.datchik_klimata_temperatura,18.883464911694443,2026-08-02T21:00:00+00:00
sensor.datchik_klimata_vlazhnost,75.81851530444445,2026-08-02T21:00:00+00:00
sensor.filtered_pressure,995.1678971741417,2026-08-02T21:00:00+00:00
sensor.outside_dew_point_spread_trend,-0.9898726910805555,2026-08-02T21:00:00+00:00
sensor.datchik_klimata_temperatura,17.992935213472222,2026-08-02T22:00:00+00:00
sensor.datchik_klimata_vlazhnost,79.8923705025,2026-08-02T22:00:00+00:00
sensor.filtered_pressure,995.6040867336111,2026-08-02T22:00:00+00:00
sensor.outside_dew_point_spread_trend,-0.8464440176333334,2026-08-02T22:00:00+00:00
sensor.datchik_klimata_temperatura,17.465514118027777,2026-08-02T23:00:00+00:00
sensor.datchik_klimata_vlazhnost,81.57171126388889,2026-08-02T23:00:00+00:00
sensor.filtered_pressure,995.8601021544833,2026-08-02T23:00:00+00:00
sensor.outside_dew_point_spread_trend,-0.5552350838000001,2026-08-02T23:00:00+00:00
sensor.datchik_klimata_temperatura,16.993320583805556,2026-08-03T00:00:00+00:00
sensor.datchik_klimata_vlazhnost,83.88231357833334,2026-08-03T00:00:00+00:00
sensor.filtered_pressure,995.9917497535472,2026-08-03T00:00:00+00:00
sensor.outside_dew_point_spread_trend,-0.4093241119166667,2026-08-03T00:00:00+00:00
sensor.datchik_klimata_temperatura,16.633138762111113,2026-08-03T01:00:00+00:00
sensor.datchik_klimata_vlazhnost,85.14212872305556,2026-08-03T01:00:00+00:00
sensor.filtered_pressure,996.0146499073417,2026-08-03T01:00:00+00:00
sensor.outside_dew_point_spread_trend,-0.21464840708333335,2026-08-03T01:00:00+00:00
sensor.datchik_klimata_temperatura,16.199328455,2026-08-03T02:00:00+00:00
sensor.datchik_klimata_vlazhnost,86.20172087805555,2026-08-03T02:00:00+00:00
sensor.filtered_pressure,996.2188571835695,2026-08-03T02:00:00+00:00
sensor.outside_dew_point_spread_trend,-0.24980551273333337,2026-08-03T02:00:00+00:00
sensor.datchik_klimata_temperatura,16.112362093333335,2026-08-03T03:00:00+00:00
sensor.datchik_klimata_vlazhnost,85.85371282833334,2026-08-03T03:00:00+00:00
sensor.filtered_pressure,996.4333359853639,2026-08-03T03:00:00+00:00
sensor.outside_dew_point_spread_trend,-0.14870436769444445,2026-08-03T03:00:00+00:00
sensor.datchik_klimata_temperatura,20.58462941486111,2026-08-03T04:00:00+00:00
sensor.datchik_klimata_vlazhnost,70.18988457583333,2026-08-03T04:00:00+00:00
sensor.filtered_pressure,996.6232040601777,2026-08-03T04:00:00+00:00
sensor.outside_dew_point_spread_trend,3.33577714495,2026-08-03T04:00:00+00:00
sensor.datchik_klimata_temperatura,24.904716496972224,2026-08-03T05:00:00+00:00
sensor.datchik_klimata_vlazhnost,54.146661477500004,2026-08-03T05:00:00+00:00
sensor.filtered_pressure,996.7414000785751,2026-08-03T05:00:00+00:00
sensor.outside_dew_point_spread_trend,4.171263453691666,2026-08-03T05:00:00+00:00
sensor.datchik_klimata_temperatura,27.347179349527778,2026-08-03T06:00:00+00:00
sensor.datchik_klimata_vlazhnost,45.251758755,2026-08-03T06:00:00+00:00
sensor.filtered_pressure,996.6458067055665,2026-08-03T06:00:00+00:00
sensor.outside_dew_point_spread_trend,2.94055736985,2026-08-03T06:00:00+00:00
sensor.datchik_klimata_temperatura,27.852968793388886,2026-08-03T07:00:00+00:00
sensor.datchik_klimata_vlazhnost,39.35111195333334,2026-08-03T07:00:00+00:00
sensor.filtered_pressure,996.5481874518917,2026-08-03T07:00:00+00:00
sensor.outside_dew_point_spread_trend,2.219194977861111,2026-08-03T07:00:00+00:00
sensor.datchik_klimata_temperatura,30.3182159295,2026-08-03T08:00:00+00:00
sensor.datchik_klimata_vlazhnost,33.606552504166665,2026-08-03T08:00:00+00:00
sensor.filtered_pressure,996.4950681690999,2026-08-03T08:00:00+00:00
sensor.outside_dew_point_spread_trend,2.715997281411111,2026-08-03T08:00:00+00:00
sensor.datchik_klimata_temperatura,30.6930916455,2026-08-03T09:00:00+00:00
sensor.datchik_klimata_vlazhnost,31.475417764444444,2026-08-03T09:00:00+00:00
sensor.filtered_pressure,996.328078093486,2026-08-03T09:00:00+00:00
sensor.outside_dew_point_spread_trend,1.1268808479222223,2026-08-03T09:00:00+00:00
sensor.datchik_klimata_temperatura,30.165976967444447,2026-08-03T10:00:00+00:00
sensor.datchik_klimata_vlazhnost,30.827289665555554,2026-08-03T10:00:00+00:00
sensor.filtered_pressure,996.0495138159166,2026-08-03T10:00:00+00:00
sensor.outside_dew_point_spread_trend,0.5075037456444443,2026-08-03T10:00:00+00:00
sensor.datchik_klimata_temperatura,26.59154857011111,2026-08-03T11:00:00+00:00
sensor.datchik_klimata_vlazhnost,36.13473373,2026-08-03T11:00:00+00:00
sensor.filtered_pressure,995.784686302161,2026-08-03T11:00:00+00:00
sensor.outside_dew_point_spread_trend,-4.149893143813888,2026-08-03T11:00:00+00:00
sensor.datchik_klimata_temperatura,25.699261107944448,2026-08-03T12:00:00+00:00
sensor.datchik_klimata_vlazhnost,37.40345267666667,2026-08-03T12:00:00+00:00
sensor.filtered_pressure,995.295451531725,2026-08-03T12:00:00+00:00
sensor.outside_dew_point_spread_trend,-1.1486038288416667,2026-08-03T12:00:00+00:00
sensor.datchik_klimata_temperatura,25.69173029927778,2026-08-03T13:00:00+00:00
sensor.datchik_klimata_vlazhnost,38.298939196666666,2026-08-03T13:00:00+00:00
sensor.filtered_pressure,994.7751117185944,2026-08-03T13:00:00+00:00
sensor.outside_dew_point_spread_trend,-0.37145435257777776,2026-08-03T13:00:00+00:00
sensor.datchik_klimata_temperatura,25.653372601111112,2026-08-03T14:00:00+00:00
sensor.datchik_klimata_vlazhnost,37.79799708138889,2026-08-03T14:00:00+00:00
sensor.filtered_pressure,994.400831780575,2026-08-03T14:00:00+00:00
sensor.outside_dew_point_spread_trend,-0.14106367738333334,2026-08-03T14:00:00+00:00
sensor.datchik_klimata_temperatura,25.316120132166663,2026-08-03T15:00:00+00:00
sensor.datchik_klimata_vlazhnost,39.150916628888886,2026-08-03T15:00:00+00:00
sensor.filtered_pressure,994.0993771726777,2026-08-03T15:00:00+00:00
sensor.outside_dew_point_spread_trend,-0.7190591817833334,2026-08-03T15:00:00+00:00
sensor.datchik_klimata_temperatura,24.82082668875,2026-08-03T16:00:00+00:00
sensor.datchik_klimata_vlazhnost,40.465708516666666,2026-08-03T16:00:00+00:00
sensor.filtered_pressure,993.7802669401472,2026-08-03T16:00:00+00:00
sensor.outside_dew_point_spread_trend,-0.6248978031777778,2026-08-03T16:00:00+00:00
sensor.datchik_klimata_temperatura,23.912309159999996,2026-08-03T17:00:00+00:00
sensor.datchik_klimata_vlazhnost,41.96768818722222,2026-08-03T17:00:00+00:00
sensor.filtered_pressure,993.6694260950777,2026-08-03T17:00:00+00:00
sensor.outside_dew_point_spread_trend,-0.5904749885277778,2026-08-03T17:00:00+00:00
sensor.datchik_klimata_temperatura,22.555837553444444,2026-08-03T18:00:00+00:00
sensor.datchik_klimata_vlazhnost,46.44362726416667,2026-08-03T18:00:00+00:00
sensor.filtered_pressure,993.8960373439335,2026-08-03T18:00:00+00:00
sensor.outside_dew_point_spread_trend,-1.54052592555,2026-08-03T18:00:00+00:00
sensor.datchik_klimata_temperatura,21.508049403083334,2026-08-03T19:00:00+00:00
sensor.datchik_klimata_vlazhnost,50.11692307777778,2026-08-03T19:00:00+00:00
sensor.filtered_pressure,993.9766534302333,2026-08-03T19:00:00+00:00
sensor.outside_dew_point_spread_trend,-1.4903928529555557,2026-08-03T19:00:00+00:00
sensor.datchik_klimata_temperatura,20.885183121805557,2026-08-03T20:00:00+00:00
sensor.datchik_klimata_vlazhnost,53.521601817222226,2026-08-03T20:00:00+00:00
sensor.filtered_pressure,993.9568323685417,2026-08-03T20:00:00+00:00
sensor.outside_dew_point_spread_trend,-0.9748954732527778,2026-08-03T20:00:00+00:00
sensor.datchik_klimata_temperatura,19.956828791944442,2026-08-03T21:00:00+00:00
sensor.datchik_klimata_vlazhnost,56.440646988888886,2026-08-03T21:00:00+00:00
sensor.filtered_pressure,993.7015454679195,2026-08-03T21:00:00+00:00
sensor.outside_dew_point_spread_trend,-0.9864600739972222,2026-08-03T21:00:00+00:00
sensor.datchik_klimata_temperatura,19.20167405961111,2026-08-03T22:00:00+00:00
sensor.datchik_klimata_vlazhnost,59.239796526944446,2026-08-03T22:00:00+00:00
sensor.filtered_pressure,993.9023657923111,2026-08-03T22:00:00+00:00
sensor.outside_dew_point_spread_trend,-0.8141493584111111,2026-08-03T22:00:00+00:00
sensor.datchik_klimata_temperatura,18.703044233944443,2026-08-03T23:00:00+00:00
sensor.datchik_klimata_vlazhnost,61.40463802833333,2026-08-03T23:00:00+00:00
sensor.filtered_pressure,994.0719997406277,2026-08-03T23:00:00+00:00
sensor.outside_dew_point_spread_trend,-0.6928871192,2026-08-03T23:00:00+00:00
sensor.datchik_klimata_temperatura,18.466137659222223,2026-08-04T00:00:00+00:00
sensor.datchik_klimata_vlazhnost,62.79942096527778,2026-08-04T00:00:00+00:00
sensor.filtered_pressure,993.7678560885528,2026-08-04T00:00:00+00:00
sensor.outside_dew_point_spread_trend,-0.4300870345,2026-08-04T00:00:00+00:00
sensor.datchik_klimata_temperatura,17.936669838555556,2026-08-04T01:00:00+00:00
sensor.datchik_klimata_vlazhnost,63.79092532833334,2026-08-04T01:00:00+00:00
sensor.filtered_pressure,993.6017214612834,2026-08-04T01:00:00+00:00
sensor.outside_dew_point_spread_trend,-0.20522300988333333,2026-08-04T01:00:00+00:00
sensor.datchik_klimata_temperatura,17.321893329722222,2026-08-04T02:00:00+00:00
sensor.datchik_klimata_vlazhnost,65.9429594325,2026-08-04T02:00:00+00:00
sensor.filtered_pressure,993.6443727969666,2026-08-04T02:00:00+00:00
sensor.outside_dew_point_spread_trend,-0.4667010433916667,2026-08-04T02:00:00+00:00
sensor.datchik_klimata_temperatura,17.469028326222222,2026-08-04T03:00:00+00:00
sensor.datchik_klimata_vlazhnost,66.46211772694444,2026-08-04T03:00:00+00:00
sensor.filtered_pressure,993.6988854481389,2026-08-04T03:00:00+00:00
sensor.outside_dew_point_spread_trend,-0.12265979013333332,2026-08-04T03:00:00+00:00
sensor.datchik_klimata_temperatura,21.22542859616667,2026-08-04T04:00:00+00:00
sensor.datchik_klimata_vlazhnost,56.15866756055556,2026-08-04T04:00:00+00:00
sensor.filtered_pressure,993.6321765346221,2026-08-04T04:00:00+00:00
sensor.outside_dew_point_spread_trend,2.7170740924805554,2026-08-04T04:00:00+00:00
sensor.datchik_klimata_temperatura,22.874286850722225,2026-08-04T05:00:00+00:00
sensor.datchik_klimata_vlazhnost,52.28340558861111,2026-08-04T05:00:00+00:00
sensor.filtered_pressure,993.5523049353111,2026-08-04T05:00:00+00:00
sensor.outside_dew_point_spread_trend,1.2334837570083332,2026-08-04T05:00:00+00:00
sensor.datchik_klimata_temperatura,24.85815626663889,2026-08-04T06:00:00+00:00
sensor.datchik_klimata_vlazhnost,49.55915826527777,2026-08-04T06:00:00+00:00
sensor.filtered_pressure,993.3502218375223,2026-08-04T06:00:00+00:00
sensor.outside_dew_point_spread_trend,0.9464280054694445,2026-08-04T06:00:00+00:00
sensor.datchik_klimata_temperatura,26.01940698402778,2026-08-04T07:00:00+00:00
sensor.datchik_klimata_vlazhnost,47.15040167638889,2026-08-04T07:00:00+00:00
sensor.filtered_pressure,993.1649628690916,2026-08-04T07:00:00+00:00
sensor.outside_dew_point_spread_trend,1.084664005413889,2026-08-04T07:00:00+00:00
sensor.datchik_klimata_temperatura,28.183360829805554,2026-08-04T08:00:00+00:00
sensor.datchik_klimata_vlazhnost,41.97539494972222,2026-08-04T08:00:00+00:00
sensor.filtered_pressure,993.1366574076278,2026-08-04T08:00:00+00:00
sensor.outside_dew_point_spread_trend,2.118644391641667,2026-08-04T08:00:00+00:00
sensor.datchik_klimata_temperatura,29.847163219194442,2026-08-04T09:00:00+00:00
sensor.datchik_klimata_vlazhnost,36.65908763833334,2026-08-04T09:00:00+00:00
sensor.filtered_pressure,993.1599432139889,2026-08-04T09:00:00+00:00
sensor.outside_dew_point_spread_trend,2.2054475514500003,2026-08-04T09:00:00+00:00
sensor.datchik_klimata_temperatura,31.26955144516667,2026-08-04T10:00:00+00:00
sensor.datchik_klimata_vlazhnost,34.55013389138889,2026-08-04T10:00:00+00:00
sensor.filtered_pressure,992.8581048922279,2026-08-04T10:00:00+00:00
sensor.outside_dew_point_spread_trend,1.0794608643666666,2026-08-04T10:00:00+00:00
sensor.datchik_klimata_temperatura,29.30720296947222,2026-08-04T11:00:00+00:00
sensor.datchik_klimata_vlazhnost,37.11978125583334,2026-08-04T11:00:00+00:00
sensor.filtered_pressure,992.3707605150499,2026-08-04T11:00:00+00:00
sensor.outside_dew_point_spread_trend,-1.14337110935,2026-08-04T11:00:00+00:00
sensor.datchik_klimata_temperatura,28.588846305999997,2026-08-04T12:00:00+00:00
sensor.datchik_klimata_vlazhnost,39.10127595638889,2026-08-04T12:00:00+00:00
sensor.filtered_pressure,991.8719957375806,2026-08-04T12:00:00+00:00
sensor.outside_dew_point_spread_trend,-1.1080692445583333,2026-08-04T12:00:00+00:00
sensor.datchik_klimata_temperatura,28.367112975861108,2026-08-04T13:00:00+00:00
sensor.datchik_klimata_vlazhnost,40.57972274666667,2026-08-04T13:00:00+00:00
sensor.filtered_pressure,991.492923295286,2026-08-04T13:00:00+00:00
sensor.outside_dew_point_spread_trend,-0.588226953263889,2026-08-04T13:00:00+00:00
sensor.datchik_klimata_temperatura,28.437805092277774,2026-08-04T14:00:00+00:00
sensor.datchik_klimata_vlazhnost,41.55314726722222,2026-08-04T14:00:00+00:00
sensor.filtered_pressure,991.2148298875528,2026-08-04T14:00:00+00:00
sensor.outside_dew_point_spread_trend,-0.6840779094611111,2026-08-04T14:00:00+00:00
sensor.datchik_klimata_temperatura,28.410628153,2026-08-04T15:00:00+00:00
sensor.datchik_klimata_vlazhnost,43.53567904083334,2026-08-04T15:00:00+00:00
sensor.filtered_pressure,990.940160322964,2026-08-04T15:00:00+00:00
sensor.outside_dew_point_spread_trend,-0.7356429060722222,2026-08-04T15:00:00+00:00
sensor.datchik_klimata_temperatura,27.65968300147222,2026-08-04T16:00:00+00:00
sensor.datchik_klimata_vlazhnost,46.3822203125,2026-08-04T16:00:00+00:00
sensor.filtered_pressure,990.8108770061084,2026-08-04T16:00:00+00:00
sensor.outside_dew_point_spread_trend,-0.9390632112722223,2026-08-04T16:00:00+00:00
sensor.datchik_klimata_temperatura,26.690390001583335,2026-08-04T17:00:00+00:00
sensor.datchik_klimata_vlazhnost,49.40460665777778,2026-08-04T17:00:00+00:00
sensor.filtered_pressure,990.7374914241,2026-08-04T17:00:00+00:00
sensor.outside_dew_point_spread_trend,-1.0991896914111112,2026-08-04T17:00:00+00:00
sensor.datchik_klimata_temperatura,25.674372779055556,2026-08-04T18:00:00+00:00
sensor.datchik_klimata_vlazhnost,52.926393166666664,2026-08-04T18:00:00+00:00
sensor.filtered_pressure,991.0114460765694,2026-08-04T18:00:00+00:00
sensor.outside_dew_point_spread_trend,-1.2111360596805556,2026-08-04T18:00:00+00:00
sensor.datchik_klimata_temperatura,24.814547372611113,2026-08-04T19:00:00+00:00
sensor.datchik_klimata_vlazhnost,55.86904595916667,2026-08-04T19:00:00+00:00
sensor.filtered_pressure,991.097766121325,2026-08-04T19:00:00+00:00
sensor.outside_dew_point_spread_trend,-0.8504063451666667,2026-08-04T19:00:00+00:00
sensor.datchik_klimata_temperatura,24.11546199175,2026-08-04T20:00:00+00:00
sensor.datchik_klimata_vlazhnost,57.0,2026-08-04T20:00:00+00:00
sensor.filtered_pressure,990.944653540514,2026-08-04T20:00:00+00:00
sensor.outside_dew_point_spread_trend,-0.38051608407777776,2026-08-04T20:00:00+00:00
sensor.datchik_klimata_temperatura,23.32678169575,2026-08-04T21:00:00+00:00
sensor.datchik_klimata_vlazhnost,57.20166144361111,2026-08-04T21:00:00+00:00
sensor.filtered_pressure,990.7248626474251,2026-08-04T21:00:00+00:00
sensor.outside_dew_point_spread_trend,-0.16250467935555554,2026-08-04T21:00:00+00:00
sensor.datchik_klimata_temperatura,22.868602470555555,2026-08-04T22:00:00+00:00
sensor.datchik_klimata_vlazhnost,56.8032351875,2026-08-04T22:00:00+00:00
sensor.filtered_pressure,990.4940522231805,2026-08-04T22:00:00+00:00
sensor.outside_dew_point_spread_trend,0.10709349082777776,2026-08-04T22:00:00+00:00
sensor.datchik_klimata_temperatura,22.54334148,2026-08-04T23:00:00+00:00
sensor.datchik_klimata_vlazhnost,58.79910836166667,2026-08-04T23:00:00+00:00
sensor.filtered_pressure,990.3271934610444,2026-08-04T23:00:00+00:00
sensor.outside_dew_point_spread_trend,-0.6290519940333333,2026-08-04T23:00:00+00:00
sensor.datchik_klimata_temperatura,22.136932627333334,2026-08-05T00:00:00+00:00
sensor.datchik_klimata_vlazhnost,61.77781395083334,2026-08-05T00:00:00+00:00
sensor.filtered_pressure,990.2548518163111,2026-08-05T00:00:00+00:00
sensor.outside_dew_point_spread_trend,-0.7708951855416667,2026-08-05T00:00:00+00:00
sensor.datchik_klimata_temperatura,21.753827981527778,2026-08-05T01:00:00+00:00
sensor.datchik_klimata_vlazhnost,64.75157546638889,2026-08-05T01:00:00+00:00
sensor.filtered_pressure,989.8882473361333,2026-08-05T01:00:00+00:00
sensor.outside_dew_point_spread_trend,-0.7524365665694445,2026-08-05T01:00:00+00:00
sensor.datchik_klimata_temperatura,21.03791553983333,2026-08-05T02:00:00+00:00
sensor.datchik_klimata_vlazhnost,67.35206339888889,2026-08-05T02:00:00+00:00
sensor.filtered_pressure,989.6026707371889,2026-08-05T02:00:00+00:00
sensor.outside_dew_point_spread_trend,-0.7516225691166666,2026-08-05T02:00:00+00:00
sensor.datchik_klimata_temperatura,20.840441707166665,2026-08-05T03:00:00+00:00
sensor.datchik_klimata_vlazhnost,69.33455234,2026-08-05T03:00:00+00:00
sensor.filtered_pressure,989.8334235510666,2026-08-05T03:00:00+00:00
sensor.outside_dew_point_spread_trend,-0.5072688637333334,2026-08-05T03:00:00+00:00
sensor.datchik_klimata_temperatura,21.9588398885,2026-08-05T04:00:00+00:00
sensor.datchik_klimata_vlazhnost,67.74897508666668,2026-08-05T04:00:00+00:00
sensor.filtered_pressure,990.0526130792638,2026-08-05T04:00:00+00:00
sensor.outside_dew_point_spread_trend,0.39106504365,2026-08-05T04:00:00+00:00
sensor.datchik_klimata_temperatura,26.756106193027776,2026-08-05T05:00:00+00:00
sensor.datchik_klimata_vlazhnost,55.897250978888884,2026-08-05T05:00:00+00:00
sensor.filtered_pressure,989.9710692060944,2026-08-05T05:00:00+00:00
sensor.outside_dew_point_spread_trend,3.1856537084527776,2026-08-05T05:00:00+00:00
sensor.datchik_klimata_temperatura,29.599549725944442,2026-08-05T06:00:00+00:00
sensor.datchik_klimata_vlazhnost,50.14470484416666,2026-08-05T06:00:00+00:00
sensor.filtered_pressure,989.5476606279639,2026-08-05T06:00:00+00:00
sensor.outside_dew_point_spread_trend,1.9654679222222222,2026-08-05T06:00:00+00:00
sensor.datchik_klimata_temperatura,31.927206145777777,2026-08-05T07:00:00+00:00
sensor.datchik_klimata_vlazhnost,45.59935082583333,2026-08-05T07:00:00+00:00
sensor.filtered_pressure,989.3055778585667,2026-08-05T07:00:00+00:00
sensor.outside_dew_point_spread_trend,1.731187993711111,2026-08-05T07:00:00+00:00
sensor.datchik_klimata_temperatura,30.296754656388888,2026-08-05T08:00:00+00:00
sensor.datchik_klimata_vlazhnost,50.06270743111111,2026-08-05T08:00:00+00:00
sensor.filtered_pressure,989.2582677185001,2026-08-05T08:00:00+00:00
sensor.outside_dew_point_spread_trend,-1.477843804661111,2026-08-05T08:00:00+00:00
sensor.datchik_klimata_temperatura,28.053516822166667,2026-08-05T09:00:00+00:00
sensor.datchik_klimata_vlazhnost,57.108228669999995,2026-08-05T09:00:00+00:00
sensor.filtered_pressure,989.5495288679639,2026-08-05T09:00:00+00:00
sensor.outside_dew_point_spread_trend,-2.506851799516667,2026-08-05T09:00:00+00:00
sensor.datchik_klimata_temperatura,27.644342965777778,2026-08-05T10:00:00+00:00
sensor.datchik_klimata_vlazhnost,59.60538501138888,2026-08-05T10:00:00+00:00
sensor.filtered_pressure,989.6036849019277,2026-08-05T10:00:00+00:00
sensor.outside_dew_point_spread_trend,-0.7496767918305555,2026-08-05T10:00:00+00:00
sensor.datchik_klimata_temperatura,28.388853864388892,2026-08-05T11:00:00+00:00
sensor.datchik_klimata_vlazhnost,58.76061132527778,2026-08-05T11:00:00+00:00
sensor.filtered_pressure,989.713105273811,2026-08-05T11:00:00+00:00
sensor.outside_dew_point_spread_trend,0.21887258817777777,2026-08-05T11:00:00+00:00
sensor.datchik_klimata_temperatura,29.684026135194443,2026-08-05T12:00:00+00:00
sensor.datchik_klimata_vlazhnost,55.658838458055556,2026-08-05T12:00:00+00:00
sensor.filtered_pressure,989.5591667022001,2026-08-05T12:00:00+00:00
sensor.outside_dew_point_spread_trend,0.965278980561111,2026-08-05T12:00:00+00:00
sensor.datchik_klimata_temperatura,30.0220541095,2026-08-05T13:00:00+00:00
sensor.datchik_klimata_vlazhnost,51.77573022777778,2026-08-05T13:00:00+00:00
sensor.filtered_pressure,989.3997677619028,2026-08-05T13:00:00+00:00
sensor.outside_dew_point_spread_trend,1.2502126807222222,2026-08-05T13:00:00+00:00
sensor.datchik_klimata_temperatura,29.84036833461111,2026-08-05T14:00:00+00:00
sensor.datchik_klimata_vlazhnost,46.142622788611106,2026-08-05T14:00:00+00:00
sensor.filtered_pressure,989.1860452905556,2026-08-05T14:00:00+00:00
sensor.outside_dew_point_spread_trend,1.6612402014749998,2026-08-05T14:00:00+00:00
sensor.datchik_klimata_temperatura,29.67799747447222,2026-08-05T15:00:00+00:00
sensor.datchik_klimata_vlazhnost,48.526350936388894,2026-08-05T15:00:00+00:00
sensor.filtered_pressure,989.0082306610251,2026-08-05T15:00:00+00:00
sensor.outside_dew_point_spread_trend,-0.6992213205666666,2026-08-05T15:00:00+00:00
sensor.datchik_klimata_temperatura,29.229495301138886,2026-08-05T16:00:00+00:00
sensor.datchik_klimata_vlazhnost,52.07894172361111,2026-08-05T16:00:00+00:00
sensor.filtered_pressure,988.8853957654165,2026-08-05T16:00:00+00:00
sensor.outside_dew_point_spread_trend,-1.1835424037972222,2026-08-05T16:00:00+00:00
sensor.datchik_klimata_temperatura,28.289792416694443,2026-08-05T17:00:00+00:00
sensor.datchik_klimata_vlazhnost,54.727970255833334,2026-08-05T17:00:00+00:00
sensor.filtered_pressure,989.0667984813277,2026-08-05T17:00:00+00:00
sensor.outside_dew_point_spread_trend,-0.9015731197222222,2026-08-05T17:00:00+00:00
sensor.datchik_klimata_temperatura,27.120464093,2026-08-05T18:00:00+00:00
sensor.datchik_klimata_vlazhnost,57.79821968583334,2026-08-05T18:00:00+00:00
sensor.filtered_pressure,989.3431223739777,2026-08-05T18:00:00+00:00
sensor.outside_dew_point_spread_trend,-0.9094339949472222,2026-08-05T18:00:00+00:00
sensor.datchik_klimata_temperatura,25.938044335416667,2026-08-05T19:00:00+00:00
sensor.datchik_klimata_vlazhnost,63.14920785888889,2026-08-05T19:00:00+00:00
sensor.filtered_pressure,989.5393100250917,2026-08-05T19:00:00+00:00
sensor.outside_dew_point_spread_trend,-1.4773237663055554,2026-08-05T19:00:00+00:00
sensor.datchik_klimata_temperatura,25.094384872333332,2026-08-05T20:00:00+00:00
sensor.datchik_klimata_vlazhnost,66.07892166777778,2026-08-05T20:00:00+00:00
sensor.filtered_pressure,989.7013977972944,2026-08-05T20:00:00+00:00
sensor.outside_dew_point_spread_trend,-1.4858738652416668,2026-08-05T20:00:00+00:00
sensor.datchik_klimata_temperatura,24.375001963722223,2026-08-05T21:00:00+00:00
sensor.datchik_klimata_vlazhnost,68.8949008911111,2026-08-05T21:00:00+00:00
sensor.filtered_pressure,989.6488939927277,2026-08-05T21:00:00+00:00
sensor.outside_dew_point_spread_trend,-0.6147579475999999,2026-08-05T21:00:00+00:00
sensor.datchik_klimata_temperatura,23.651396852138888,2026-08-05T22:00:00+00:00
sensor.datchik_klimata_vlazhnost,72.45660803361112,2026-08-05T22:00:00+00:00
sensor.filtered_pressure,989.5743598158333,2026-08-05T22:00:00+00:00
sensor.outside_dew_point_spread_trend,-0.8777072301527777,2026-08-05T22:00:00+00:00
sensor.datchik_klimata_temperatura,23.19196274897222,2026-08-05T23:00:00+00:00
sensor.datchik_klimata_vlazhnost,75.0,2026-08-05T23:00:00+00:00
sensor.filtered_pressure,989.5885613724445,2026-08-05T23:00:00+00:00
sensor.outside_dew_point_spread_trend,-0.89,2026-08-05T23:00:00+00:00
sensor.datchik_klimata_temperatura,23.09730653527778,2026-08-06T00:00:00+00:00
sensor.datchik_klimata_vlazhnost,75.64935824777778,2026-08-06T00:00:00+00:00
sensor.filtered_pressure,989.4403482046749,2026-08-06T00:00:00+00:00
sensor.outside_dew_point_spread_trend,-0.40298212666666666,2026-08-06T00:00:00+00:00
sensor.datchik_klimata_temperatura,22.706566219861113,2026-08-06T01:00:00+00:00
sensor.datchik_klimata_vlazhnost,77.51810896333333,2026-08-06T01:00:00+00:00
sensor.filtered_pressure,989.2610999591001,2026-08-06T01:00:00+00:00
sensor.outside_dew_point_spread_trend,-0.38267497090277774,2026-08-06T01:00:00+00:00
sensor.datchik_klimata_temperatura,22.42016921188889,2026-08-06T02:00:00+00:00
sensor.datchik_klimata_vlazhnost,79.026516,2026-08-06T02:00:00+00:00
sensor.filtered_pressure,989.0941871634777,2026-08-06T02:00:00+00:00
sensor.outside_dew_point_spread_trend,-0.5885985333972222,2026-08-06T02:00:00+00:00
sensor.datchik_klimata_temperatura,22.6660417965,2026-08-06T03:00:00+00:00
sensor.datchik_klimata_vlazhnost,79.13995696388889,2026-08-06T03:00:00+00:00
sensor.filtered_pressure,989.2781110141694,2026-08-06T03:00:00+00:00
sensor.outside_dew_point_spread_trend,0.06710922501666666,2026-08-06T03:00:00+00:00
sensor.datchik_klimata_temperatura,26.01303723286111,2026-08-06T04:00:00+00:00
sensor.datchik_klimata_vlazhnost,69.19535821055555,2026-08-06T04:00:00+00:00
sensor.filtered_pressure,989.2302851967278,2026-08-06T04:00:00+00:00
sensor.outside_dew_point_spread_trend,2.3203177317694443,2026-08-06T04:00:00+00:00
sensor.datchik_klimata_temperatura,30.31616340047222,2026-08-06T05:00:00+00:00
sensor.datchik_klimata_vlazhnost,54.92645467944445,2026-08-06T05:00:00+00:00
sensor.filtered_pressure,989.1184553838556,2026-08-06T05:00:00+00:00
sensor.outside_dew_point_spread_trend,3.922060244066667,2026-08-06T05:00:00+00:00
sensor.datchik_klimata_temperatura,33.913361121222216,2026-08-06T06:00:00+00:00
sensor.datchik_klimata_vlazhnost,43.74618847111111,2026-08-06T06:00:00+00:00
sensor.filtered_pressure,989.0981523069112,2026-08-06T06:00:00+00:00
sensor.outside_dew_point_spread_trend,4.055242836633333,2026-08-06T06:00:00+00:00
sensor.datchik_klimata_temperatura,36.39710806805556,2026-08-06T07:00:00+00:00
sensor.datchik_klimata_vlazhnost,38.15308246666667,2026-08-06T07:00:00+00:00
sensor.filtered_pressure,989.3094840999056,2026-08-06T07:00:00+00:00
sensor.outside_dew_point_spread_trend,2.3718954635472222,2026-08-06T07:00:00+00:00
sensor.datchik_klimata_temperatura,33.11217845872222,2026-08-06T08:00:00+00:00
sensor.datchik_klimata_vlazhnost,44.490878786111104,2026-08-06T08:00:00+00:00
sensor.filtered_pressure,989.6388298295055,2026-08-06T08:00:00+00:00
sensor.outside_dew_point_spread_trend,-2.693397049025,2026-08-06T08:00:00+00:00
sensor.datchik_klimata_temperatura,30.142633685305555,2026-08-06T09:00:00+00:00
sensor.datchik_klimata_vlazhnost,53.71362844916666,2026-08-06T09:00:00+00:00
sensor.filtered_pressure,989.266985898625,2026-08-06T09:00:00+00:00
sensor.outside_dew_point_spread_trend,-3.587337764544444,2026-08-06T09:00:00+00:00
sensor.datchik_klimata_temperatura,28.948821988611112,2026-08-06T10:00:00+00:00
sensor.datchik_klimata_vlazhnost,55.086659798333336,2026-08-06T10:00:00+00:00
sensor.filtered_pressure,989.6394948018695,2026-08-06T10:00:00+00:00
sensor.outside_dew_point_spread_trend,-1.520587783961111,2026-08-06T10:00:00+00:00
sensor.datchik_klimata_temperatura,29.377811953083334,2026-08-06T11:00:00+00:00
sensor.datchik_klimata_vlazhnost,47.767269775555555,2026-08-06T11:00:00+00:00
sensor.filtered_pressure,989.1271525000611,2026-08-06T11:00:00+00:00
sensor.outside_dew_point_spread_trend,2.354428527236111,2026-08-06T11:00:00+00:00
sensor.datchik_klimata_temperatura,30.731668417027777,2026-08-06T12:00:00+00:00
sensor.datchik_klimata_vlazhnost,44.66846704333333,2026-08-06T12:00:00+00:00
sensor.filtered_pressure,988.5518546013222,2026-08-06T12:00:00+00:00
sensor.outside_dew_point_spread_trend,1.1601671784722223,2026-08-06T12:00:00+00:00
sensor.datchik_klimata_temperatura,30.899114660055556,2026-08-06T13:00:00+00:00
sensor.datchik_klimata_vlazhnost,42.0,2026-08-06T13:00:00+00:00
sensor.filtered_pressure,987.9952430339666,2026-08-06T13:00:00+00:00
sensor.outside_dew_point_spread_trend,1.84,2026-08-06T13:00:00+00:00
sensor.datchik_klimata_temperatura,30.659655862194445,2026-08-06T14:00:00+00:00
sensor.datchik_klimata_vlazhnost,43.71416798333333,2026-08-06T14:00:00+00:00
sensor.filtered_pressure,987.7272570375944,2026-08-06T14:00:00+00:00
sensor.outside_dew_point_spread_trend,-0.20640329685,2026-08-06T14:00:00+00:00
sensor.datchik_klimata_temperatura,30.60299912486111,2026-08-06T15:00:00+00:00
sensor.datchik_klimata_vlazhnost,47.15860894555556,2026-08-06T15:00:00+00:00
sensor.filtered_pressure,987.7151171726723,2026-08-06T15:00:00+00:00
sensor.outside_dew_point_spread_trend,-1.1152384095333334,2026-08-06T15:00:00+00:00
sensor.datchik_klimata_temperatura,30.047728261166665,2026-08-06T16:00:00+00:00
sensor.datchik_klimata_vlazhnost,50.22570859388889,2026-08-06T16:00:00+00:00
sensor.filtered_pressure,987.9258385427917,2026-08-06T16:00:00+00:00
sensor.outside_dew_point_spread_trend,-1.111790716763889,2026-08-06T16:00:00+00:00
sensor.datchik_klimata_temperatura,29.38269954,2026-08-06T17:00:00+00:00
sensor.datchik_klimata_vlazhnost,52.81109381833334,2026-08-06T17:00:00+00:00
sensor.filtered_pressure,987.9063879168417,2026-08-06T17:00:00+00:00
sensor.outside_dew_point_spread_trend,-0.8106560022861111,2026-08-06T17:00:00+00:00
sensor.datchik_klimata_temperatura,28.397553570499998,2026-08-06T18:00:00+00:00
sensor.datchik_klimata_vlazhnost,55.989017840833334,2026-08-06T18:00:00+00:00
sensor.filtered_pressure,988.33444269735,2026-08-06T18:00:00+00:00
sensor.outside_dew_point_spread_trend,-1.0684301074194444,2026-08-06T18:00:00+00:00
sensor.datchik_klimata_temperatura,27.347495066888893,2026-08-06T19:00:00+00:00
sensor.datchik_klimata_vlazhnost,59.02519946305555,2026-08-06T19:00:00+00:00
sensor.filtered_pressure,988.1388286617029,2026-08-06T19:00:00+00:00
sensor.outside_dew_point_spread_trend,-0.9670681949444444,2026-08-06T19:00:00+00:00
sensor.datchik_klimata_temperatura,26.30067302488889,2026-08-06T20:00:00+00:00
sensor.datchik_klimata_vlazhnost,63.22909381111111,2026-08-06T20:00:00+00:00
sensor.filtered_pressure,987.5622094004779,2026-08-06T20:00:00+00:00
sensor.outside_dew_point_spread_trend,-1.3007922098583333,2026-08-06T20:00:00+00:00
sensor.datchik_klimata_temperatura,25.57528062086111,2026-08-06T21:00:00+00:00
sensor.datchik_klimata_vlazhnost,66.13823443666666,2026-08-06T21:00:00+00:00
sensor.filtered_pressure,987.2038132530723,2026-08-06T21:00:00+00:00
sensor.outside_dew_point_spread_trend,-0.7765260672611111,2026-08-06T21:00:00+00:00
sensor.datchik_klimata_temperatura,24.894505428777777,2026-08-06T22:00:00+00:00
sensor.datchik_klimata_vlazhnost,69.03946963861111,2026-08-06T22:00:00+00:00
sensor.filtered_pressure,986.8023549495971,2026-08-06T22:00:00+00:00
sensor.outside_dew_point_spread_trend,-0.7455484794333334,2026-08-06T22:00:00+00:00
sensor.datchik_klimata_temperatura,24.391081275555553,2026-08-06T23:00:00+00:00
sensor.datchik_klimata_vlazhnost,70.64342491555556,2026-08-06T23:00:00+00:00
sensor.filtered_pressure,986.6587820663639,2026-08-06T23:00:00+00:00
sensor.outside_dew_point_spread_trend,-0.36607666135833333,2026-08-06T23:00:00+00:00
sensor.datchik_klimata_temperatura,23.065646770694443,2026-08-07T00:00:00+00:00
sensor.datchik_klimata_vlazhnost,73.47583683194445,2026-08-07T00:00:00+00:00
sensor.filtered_pressure,989.0126992793029,2026-08-07T00:00:00+00:00
sensor.outside_dew_point_spread_trend,-0.6021655686166667,2026-08-07T00:00:00+00:00
sensor.datchik_klimata_temperatura,19.221461912916666,2026-08-07T01:00:00+00:00
sensor.datchik_klimata_vlazhnost,92.07670380083334,2026-08-07T01:00:00+00:00
sensor.filtered_pressure,990.0210027996139,2026-08-07T01:00:00+00:00
sensor.outside_dew_point_spread_trend,-4.058244509833333,2026-08-07T01:00:00+00:00
sensor.datchik_klimata_temperatura,19.24145092475,2026-08-07T02:00:00+00:00
sensor.datchik_klimata_vlazhnost,95.89656314166666,2026-08-07T02:00:00+00:00
sensor.filtered_pressure,988.4449984515667,2026-08-07T02:00:00+00:00
sensor.outside_dew_point_spread_trend,-0.5725547384027777,2026-08-07T02:00:00+00:00
sensor.datchik_klimata_temperatura,19.395749956055557,2026-08-07T03:00:00+00:00
sensor.datchik_klimata_vlazhnost,97.80013913194445,2026-08-07T03:00:00+00:00
sensor.filtered_pressure,987.1176921583389,2026-08-07T03:00:00+00:00
sensor.outside_dew_point_spread_trend,-0.3058840795,2026-08-07T03:00:00+00:00
sensor.datchik_klimata_temperatura,20.12942053977778,2026-08-07T04:00:00+00:00
sensor.datchik_klimata_vlazhnost,92.710980285,2026-08-07T04:00:00+00:00
sensor.filtered_pressure,987.8871737984888,2026-08-07T04:00:00+00:00
sensor.outside_dew_point_spread_trend,0.7374152108305556,2026-08-07T04:00:00+00:00
sensor.datchik_klimata_temperatura,22.398542987194446,2026-08-07T05:00:00+00:00
sensor.datchik_klimata_vlazhnost,82.92272841583333,2026-08-07T05:00:00+00:00
sensor.filtered_pressure,988.2995220433639,2026-08-07T05:00:00+00:00
sensor.outside_dew_point_spread_trend,1.8435821615361112,2026-08-07T05:00:00+00:00
sensor.datchik_klimata_temperatura,21.89962240252778,2026-08-07T06:00:00+00:00
sensor.datchik_klimata_vlazhnost,81.96730648833334,2026-08-07T06:00:00+00:00
sensor.filtered_pressure,988.7590167530778,2026-08-07T06:00:00+00:00
sensor.outside_dew_point_spread_trend,0.42240085698888885,2026-08-07T06:00:00+00:00
sensor.datchik_klimata_temperatura,26.13211943152778,2026-08-07T07:00:00+00:00
sensor.datchik_klimata_vlazhnost,59.43971165222222,2026-08-07T07:00:00+00:00
sensor.filtered_pressure,989.7193268181027,2026-08-07T07:00:00+00:00
sensor.outside_dew_point_spread_trend,5.428232882825,2026-08-07T07:00:00+00:00
sensor.datchik_klimata_temperatura,25.801229311444445,2026-08-07T08:00:00+00:00
sensor.datchik_klimata_vlazhnost,52.49443099055555,2026-08-07T08:00:00+00:00
sensor.filtered_pressure,990.3894491049917,2026-08-07T08:00:00+00:00
sensor.outside_dew_point_spread_trend,2.3059241554333334,2026-08-07T08:00:00+00:00
sensor.datchik_klimata_temperatura,24.83920162708333,2026-08-07T09:00:00+00:00
sensor.datchik_klimata_vlazhnost,53.852398045,2026-08-07T09:00:00+00:00
sensor.filtered_pressure,990.2397279904111,2026-08-07T09:00:00+00:00
sensor.outside_dew_point_spread_trend,-0.5476846837361111,2026-08-07T09:00:00+00:00
sensor.datchik_klimata_temperatura,23.348539777527776,2026-08-07T10:00:00+00:00
sensor.datchik_klimata_vlazhnost,59.26790290416667,2026-08-07T10:00:00+00:00
sensor.filtered_pressure,990.4525450066584,2026-08-07T10:00:00+00:00
sensor.outside_dew_point_spread_trend,-1.5122521668888889,2026-08-07T10:00:00+00:00
sensor.datchik_klimata_temperatura,22.93355807125,2026-08-07T11:00:00+00:00
sensor.datchik_klimata_vlazhnost,57.98932439222222,2026-08-07T11:00:00+00:00
sensor.filtered_pressure,990.6851421177611,2026-08-07T11:00:00+00:00
sensor.outside_dew_point_spread_trend,0.13897355831944444,2026-08-07T11:00:00+00:00
sensor.datchik_klimata_temperatura,22.638542762944443,2026-08-07T12:00:00+00:00
sensor.datchik_klimata_vlazhnost,60.18599761444444,2026-08-07T12:00:00+00:00
sensor.filtered_pressure,990.6234168018417,2026-08-07T12:00:00+00:00
sensor.outside_dew_point_spread_trend,-0.61754423085,2026-08-07T12:00:00+00:00
sensor.datchik_klimata_temperatura,22.441508630194445,2026-08-07T13:00:00+00:00
sensor.datchik_klimata_vlazhnost,58.92994422944444,2026-08-07T13:00:00+00:00
sensor.filtered_pressure,990.6676081722472,2026-08-07T13:00:00+00:00
sensor.outside_dew_point_spread_trend,0.14299699487777776,2026-08-07T13:00:00+00:00
sensor.datchik_klimata_temperatura,22.25569084872222,2026-08-07T14:00:00+00:00
sensor.datchik_klimata_vlazhnost,60.14917639750001,2026-08-07T14:00:00+00:00
sensor.filtered_pressure,990.4011415427138,2026-08-07T14:00:00+00:00
sensor.outside_dew_point_spread_trend,-0.11582348236666666,2026-08-07T14:00:00+00:00
sensor.datchik_klimata_temperatura,22.032098037805554,2026-08-07T15:00:00+00:00
sensor.datchik_klimata_vlazhnost,57.00956146861111,2026-08-07T15:00:00+00:00
sensor.filtered_pressure,990.2549994408583,2026-08-07T15:00:00+00:00
sensor.outside_dew_point_spread_trend,0.788634570688889,2026-08-07T15:00:00+00:00
sensor.datchik_klimata_temperatura,21.16985056616667,2026-08-07T16:00:00+00:00
sensor.datchik_klimata_vlazhnost,59.54421671777777,2026-08-07T16:00:00+00:00
sensor.filtered_pressure,990.6429763579667,2026-08-07T16:00:00+00:00
sensor.outside_dew_point_spread_trend,-0.7433181208222223,2026-08-07T16:00:00+00:00
sensor.datchik_klimata_temperatura,20.1906266995,2026-08-07T17:00:00+00:00
sensor.datchik_klimata_vlazhnost,62.456244391388886,2026-08-07T17:00:00+00:00
sensor.filtered_pressure,991.211244496575,2026-08-07T17:00:00+00:00
sensor.outside_dew_point_spread_trend,-0.8191792243611111,2026-08-07T17:00:00+00:00
sensor.datchik_klimata_temperatura,19.354767098638888,2026-08-07T18:00:00+00:00
sensor.datchik_klimata_vlazhnost,64.23711903916667,2026-08-07T18:00:00+00:00
sensor.filtered_pressure,991.6992113785473,2026-08-07T18:00:00+00:00
sensor.outside_dew_point_spread_trend,-0.510288871875,2026-08-07T18:00:00+00:00
sensor.datchik_klimata_temperatura,18.400608031416667,2026-08-07T19:00:00+00:00
sensor.datchik_klimata_vlazhnost,68.65868666888889,2026-08-07T19:00:00+00:00
sensor.filtered_pressure,991.7939779976555,2026-08-07T19:00:00+00:00
sensor.outside_dew_point_spread_trend,-0.9847087841777777,2026-08-07T19:00:00+00:00
sensor.datchik_klimata_temperatura,18.313507597166666,2026-08-07T20:00:00+00:00
sensor.datchik_klimata_vlazhnost,71.59684107361112,2026-08-07T20:00:00+00:00
sensor.filtered_pressure,991.8942062964638,2026-08-07T20:00:00+00:00
sensor.outside_dew_point_spread_trend,-0.7997166974194445,2026-08-07T20:00:00+00:00
sensor.datchik_klimata_temperatura,17.35739637763889,2026-08-07T21:00:00+00:00
sensor.datchik_klimata_vlazhnost,74.67608150361112,2026-08-07T21:00:00+00:00
sensor.filtered_pressure,992.3399860085028,2026-08-07T21:00:00+00:00
sensor.outside_dew_point_spread_trend,-0.6434155903388888,2026-08-07T21:00:00+00:00
sensor.datchik_klimata_temperatura,16.57424996683333,2026-08-07T22:00:00+00:00
sensor.datchik_klimata_vlazhnost,76.079250835,2026-08-07T22:00:00+00:00
sensor.filtered_pressure,992.555926172114,2026-08-07T22:00:00+00:00
sensor.outside_dew_point_spread_trend,-0.5074174393666666,2026-08-07T22:00:00+00:00
sensor.datchik_klimata_temperatura,15.997910458944446,2026-08-07T23:00:00+00:00
sensor.datchik_klimata_vlazhnost,77.0702077611111,2026-08-07T23:00:00+00:00
sensor.filtered_pressure,992.4700955983167,2026-08-07T23:00:00+00:00
sensor.outside_dew_point_spread_trend,-0.2242642056777778,2026-08-07T23:00:00+00:00
sensor.datchik_klimata_temperatura,15.62037222461111,2026-08-08T00:00:00+00:00
sensor.datchik_klimata_vlazhnost,79.93902542555556,2026-08-08T00:00:00+00:00
sensor.filtered_pressure,992.7724817860167,2026-08-08T00:00:00+00:00
sensor.outside_dew_point_spread_trend,-0.5427184396888889,2026-08-08T00:00:00+00:00
sensor.datchik_klimata_temperatura,15.20949610011111,2026-08-08T01:00:00+00:00
sensor.datchik_klimata_vlazhnost,79.79830192055556,2026-08-08T01:00:00+00:00
sensor.filtered_pressure,993.0505471081943,2026-08-08T01:00:00+00:00
sensor.outside_dew_point_spread_trend,-0.08982300495833333,2026-08-08T01:00:00+00:00
sensor.datchik_klimata_temperatura,14.553224977222222,2026-08-08T02:00:00+00:00
sensor.datchik_klimata_vlazhnost,80.85134194638889,2026-08-08T02:00:00+00:00
sensor.filtered_pressure,993.160069522136,2026-08-08T02:00:00+00:00
sensor.outside_dew_point_spread_trend,-0.22242906897777778,2026-08-08T02:00:00+00:00
sensor.datchik_klimata_temperatura,14.183401628194444,2026-08-08T03:00:00+00:00
sensor.datchik_klimata_vlazhnost,80.8942507525,2026-08-08T03:00:00+00:00
sensor.filtered_pressure,993.1644480156971,2026-08-08T03:00:00+00:00
sensor.outside_dew_point_spread_trend,-0.24885047066666668,2026-08-08T03:00:00+00:00
sensor.datchik_klimata_temperatura,18.335899845777778,2026-08-08T04:00:00+00:00
sensor.datchik_klimata_vlazhnost,67.36582350944444,2026-08-08T04:00:00+00:00
sensor.filtered_pressure,993.5354423301251,2026-08-08T04:00:00+00:00
sensor.outside_dew_point_spread_trend,2.6068471076305557,2026-08-08T04:00:00+00:00
sensor.datchik_klimata_temperatura,21.940833439722223,2026-08-08T05:00:00+00:00
sensor.datchik_klimata_vlazhnost,50.45337382138889,2026-08-08T05:00:00+00:00
sensor.filtered_pressure,993.5544155135777,2026-08-08T05:00:00+00:00
sensor.outside_dew_point_spread_trend,4.650668940180556,2026-08-08T05:00:00+00:00
sensor.datchik_klimata_temperatura,23.3405799155,2026-08-08T06:00:00+00:00
sensor.datchik_klimata_vlazhnost,44.11324620194444,2026-08-08T06:00:00+00:00
sensor.filtered_pressure,993.5550118180805,2026-08-08T06:00:00+00:00
sensor.outside_dew_point_spread_trend,2.402397517925,2026-08-08T06:00:00+00:00
sensor.datchik_klimata_temperatura,21.711686653305552,2026-08-08T07:00:00+00:00
sensor.datchik_klimata_vlazhnost,47.73739908777778,2026-08-08T07:00:00+00:00
sensor.filtered_pressure,993.6933409264084,2026-08-08T07:00:00+00:00
sensor.outside_dew_point_spread_trend,-1.4284946143833332,2026-08-08T07:00:00+00:00
sensor.datchik_klimata_temperatura,20.47848096975,2026-08-08T08:00:00+00:00
sensor.datchik_klimata_vlazhnost,51.447363565277776,2026-08-08T08:00:00+00:00
sensor.filtered_pressure,993.9253205159389,2026-08-08T08:00:00+00:00
sensor.outside_dew_point_spread_trend,-1.2030763523527777,2026-08-08T08:00:00+00:00
sensor.datchik_klimata_temperatura,20.365410614833333,2026-08-08T09:00:00+00:00
sensor.datchik_klimata_vlazhnost,51.65744978972222,2026-08-08T09:00:00+00:00
sensor.filtered_pressure,994.1324109113749,2026-08-08T09:00:00+00:00
sensor.outside_dew_point_spread_trend,-0.3456446009055556,2026-08-08T09:00:00+00:00
sensor.datchik_klimata_temperatura,19.89098776361111,2026-08-08T10:00:00+00:00
sensor.datchik_klimata_vlazhnost,51.66898900222222,2026-08-08T10:00:00+00:00
sensor.filtered_pressure,994.1037196818888,2026-08-08T10:00:00+00:00
sensor.outside_dew_point_spread_trend,0.015876890436111138,2026-08-08T10:00:00+00:00
sensor.datchik_klimata_temperatura,21.765043345194442,2026-08-08T11:00:00+00:00
sensor.datchik_klimata_vlazhnost,46.01597860583333,2026-08-08T11:00:00+00:00
sensor.filtered_pressure,993.7601502329112,2026-08-08T11:00:00+00:00
sensor.outside_dew_point_spread_trend,1.8405886168472223,2026-08-08T11:00:00+00:00
sensor.datchik_klimata_temperatura,20.607887686027777,2026-08-08T12:00:00+00:00
sensor.datchik_klimata_vlazhnost,49.41047359722222,2026-08-08T12:00:00+00:00
sensor.filtered_pressure,993.8203289376333,2026-08-08T12:00:00+00:00
sensor.outside_dew_point_spread_trend,-1.1653124932555556,2026-08-08T12:00:00+00:00
sensor.datchik_klimata_temperatura,20.291548416444446,2026-08-08T13:00:00+00:00
sensor.datchik_klimata_vlazhnost,50.999277130555555,2026-08-08T13:00:00+00:00
sensor.filtered_pressure,993.6812754716472,2026-08-08T13:00:00+00:00
sensor.outside_dew_point_spread_trend,-0.7572706863194445,2026-08-08T13:00:00+00:00
sensor.datchik_klimata_temperatura,20.156131196388888,2026-08-08T14:00:00+00:00
sensor.datchik_klimata_vlazhnost,51.21988487861111,2026-08-08T14:00:00+00:00
sensor.filtered_pressure,993.57562318385,2026-08-08T14:00:00+00:00
sensor.outside_dew_point_spread_trend,-0.13528512238333332,2026-08-08T14:00:00+00:00
sensor.datchik_klimata_temperatura,20.01664551330556,2026-08-08T15:00:00+00:00
sensor.datchik_klimata_vlazhnost,48.668251130555554,2026-08-08T15:00:00+00:00
sensor.filtered_pressure,993.6006709803445,2026-08-08T15:00:00+00:00
sensor.outside_dew_point_spread_trend,0.6610332459111111,2026-08-08T15:00:00+00:00
sensor.datchik_klimata_temperatura,19.487497005583332,2026-08-08T16:00:00+00:00
sensor.datchik_klimata_vlazhnost,47.5337154875,2026-08-08T16:00:00+00:00
sensor.filtered_pressure,993.7101681299,2026-08-08T16:00:00+00:00
sensor.outside_dew_point_spread_trend,0.3153700689166667,2026-08-08T16:00:00+00:00
sensor.datchik_klimata_temperatura,18.26469907113889,2026-08-08T17:00:00+00:00
sensor.datchik_klimata_vlazhnost,52.56671386972223,2026-08-08T17:00:00+00:00
sensor.filtered_pressure,993.8131270634111,2026-08-08T17:00:00+00:00
sensor.outside_dew_point_spread_trend,-1.4675670040027777,2026-08-08T17:00:00+00:00
sensor.datchik_klimata_temperatura,17.12933554588889,2026-08-08T18:00:00+00:00
sensor.datchik_klimata_vlazhnost,58.864444935555554,2026-08-08T18:00:00+00:00
sensor.filtered_pressure,994.1397886069194,2026-08-08T18:00:00+00:00
sensor.outside_dew_point_spread_trend,-1.7656127862055555,2026-08-08T18:00:00+00:00
sensor.datchik_klimata_temperatura,16.362232717833333,2026-08-08T19:00:00+00:00
sensor.datchik_klimata_vlazhnost,63.90968623972222,2026-08-08T19:00:00+00:00
sensor.filtered_pressure,994.4470215565722,2026-08-08T19:00:00+00:00
sensor.outside_dew_point_spread_trend,-1.3678148940583332,2026-08-08T19:00:00+00:00
sensor.datchik_klimata_temperatura,15.547277735722224,2026-08-08T20:00:00+00:00
sensor.datchik_klimata_vlazhnost,69.34028472027778,2026-08-08T20:00:00+00:00
sensor.filtered_pressure,994.8482728474916,2026-08-08T20:00:00+00:00
sensor.outside_dew_point_spread_trend,-1.3175259736583333,2026-08-08T20:00:00+00:00
sensor.datchik_klimata_temperatura,14.873563151833332,2026-08-08T21:00:00+00:00
sensor.datchik_klimata_vlazhnost,72.37583672972222,2026-08-08T21:00:00+00:00
sensor.filtered_pressure,995.165547655139,2026-08-08T21:00:00+00:00
sensor.outside_dew_point_spread_trend,-0.8583788689027777,2026-08-08T21:00:00+00:00
sensor.datchik_klimata_temperatura,14.328514231,2026-08-08T22:00:00+00:00
sensor.datchik_klimata_vlazhnost,75.66485736166668,2026-08-08T22:00:00+00:00
sensor.filtered_pressure,995.3690595017666,2026-08-08T22:00:00+00:00
sensor.outside_dew_point_spread_trend,-0.6211824302888889,2026-08-08T22:00:00+00:00
sensor.datchik_klimata_temperatura,13.974000694166667,2026-08-08T23:00:00+00:00
sensor.datchik_klimata_vlazhnost,78.91185919833333,2026-08-08T23:00:00+00:00
sensor.filtered_pressure,995.5470437386056,2026-08-08T23:00:00+00:00
sensor.outside_dew_point_spread_trend,-0.6907286100194444,2026-08-08T23:00:00+00:00
sensor.datchik_klimata_temperatura,13.675064385305555,2026-08-09T00:00:00+00:00
sensor.datchik_klimata_vlazhnost,78.89406207722222,2026-08-09T00:00:00+00:00
sensor.filtered_pressure,995.7003730033639,2026-08-09T00:00:00+00:00
sensor.outside_dew_point_spread_trend,-0.020349590472222227,2026-08-09T00:00:00+00:00
sensor.datchik_klimata_temperatura,13.138875395416667,2026-08-09T01:00:00+00:00
sensor.datchik_klimata_vlazhnost,81.06893394777778,2026-08-09T01:00:00+00:00
sensor.filtered_pressure,995.8167501922,2026-08-09T01:00:00+00:00
sensor.outside_dew_point_spread_trend,-0.4507879212194445,2026-08-09T01:00:00+00:00
sensor.datchik_klimata_temperatura,12.879904090055556,2026-08-09T02:00:00+00:00
sensor.datchik_klimata_vlazhnost,83.68394395083334,2026-08-09T02:00:00+00:00
sensor.filtered_pressure,996.0891148056556,2026-08-09T02:00:00+00:00
sensor.outside_dew_point_spread_trend,-0.6,2026-08-09T02:00:00+00:00
sensor.datchik_klimata_temperatura,12.848017602333334,2026-08-09T03:00:00+00:00
sensor.datchik_klimata_vlazhnost,84.67517356305555,2026-08-09T03:00:00+00:00
sensor.filtered_pressure,996.2686395295223,2026-08-09T03:00:00+00:00
sensor.outside_dew_point_spread_trend,-0.26241345499999996,2026-08-09T03:00:00+00:00
sensor.datchik_klimata_temperatura,17.021521951583335,2026-08-09T04:00:00+00:00
sensor.datchik_klimata_vlazhnost,73.10975745611111,2026-08-09T04:00:00+00:00
sensor.filtered_pressure,996.49921532515,2026-08-09T04:00:00+00:00
sensor.outside_dew_point_spread_trend,2.2691886928250002,2026-08-09T04:00:00+00:00
sensor.datchik_klimata_temperatura,21.33781996272222,2026-08-09T05:00:00+00:00
sensor.datchik_klimata_vlazhnost,56.23333129861111,2026-08-09T05:00:00+00:00
sensor.filtered_pressure,996.7674786338639,2026-08-09T05:00:00+00:00
sensor.outside_dew_point_spread_trend,4.139597051841666,2026-08-09T05:00:00+00:00
sensor.datchik_klimata_temperatura,24.00972566388889,2026-08-09T06:00:00+00:00
sensor.datchik_klimata_vlazhnost,48.932241157499995,2026-08-09T06:00:00+00:00
sensor.filtered_pressure,997.0055704511889,2026-08-09T06:00:00+00:00
sensor.outside_dew_point_spread_trend,2.444535489525,2026-08-09T06:00:00+00:00
sensor.datchik_klimata_temperatura,26.07233314033333,2026-08-09T07:00:00+00:00
sensor.datchik_klimata_vlazhnost,43.3350866325,2026-08-09T07:00:00+00:00
sensor.filtered_pressure,997.1802927667472,2026-08-09T07:00:00+00:00
sensor.outside_dew_point_spread_trend,2.070805560402778,2026-08-09T07:00:00+00:00
sensor.datchik_klimata_temperatura,27.54932126772222,2026-08-09T08:00:00+00:00
sensor.datchik_klimata_vlazhnost,39.17247947083333,2026-08-09T08:00:00+00:00
sensor.filtered_pressure,997.267116951461,2026-08-09T08:00:00+00:00
sensor.outside_dew_point_spread_trend,1.6362503596555555,2026-08-09T08:00:00+00:00
sensor.datchik_klimata_temperatura,27.740555188722222,2026-08-09T09:00:00+00:00
sensor.datchik_klimata_vlazhnost,36.181191292499996,2026-08-09T09:00:00+00:00
sensor.filtered_pressure,997.1769894232194,2026-08-09T09:00:00+00:00
sensor.outside_dew_point_spread_trend,1.0995151269083334,2026-08-09T09:00:00+00:00
sensor.datchik_klimata_temperatura,27.069829146694445,2026-08-09T10:00:00+00:00
sensor.datchik_klimata_vlazhnost,37.91087872833334,2026-08-09T10:00:00+00:00
sensor.filtered_pressure,996.9808851733611,2026-08-09T10:00:00+00:00
sensor.outside_dew_point_spread_trend,-0.8296917339583333,2026-08-09T10:00:00+00:00
sensor.datchik_klimata_temperatura,25.44293243686111,2026-08-09T11:00:00+00:00
sensor.datchik_klimata_vlazhnost,38.94002733666667,2026-08-09T11:00:00+00:00
sensor.filtered_pressure,996.6230266347751,2026-08-09T11:00:00+00:00
sensor.outside_dew_point_spread_trend,-0.6842463852388888,2026-08-09T11:00:00+00:00
sensor.datchik_klimata_temperatura,24.53736825527778,2026-08-09T12:00:00+00:00
sensor.datchik_klimata_vlazhnost,40.52386411777778,2026-08-09T12:00:00+00:00
sensor.filtered_pressure,996.1967390943722,2026-08-09T12:00:00+00:00
sensor.outside_dew_point_spread_trend,-0.7298016537916667,2026-08-09T12:00:00+00:00
sensor.datchik_klimata_temperatura,24.224924599027776,2026-08-09T13:00:00+00:00
sensor.datchik_klimata_vlazhnost,39.79828705055555,2026-08-09T13:00:00+00:00
sensor.filtered_pressure,995.8517502919444,2026-08-09T13:00:00+00:00
sensor.outside_dew_point_spread_trend,0.3226001560611111,2026-08-09T13:00:00+00:00
sensor.datchik_klimata_temperatura,23.759035443472225,2026-08-09T14:00:00+00:00
sensor.datchik_klimata_vlazhnost,40.0,2026-08-09T14:00:00+00:00
sensor.filtered_pressure,995.4594637180638,2026-08-09T14:00:00+00:00
sensor.outside_dew_point_spread_trend,0.3,2026-08-09T14:00:00+00:00
sensor.datchik_klimata_temperatura,23.21371869211111,2026-08-09T15:00:00+00:00
sensor.datchik_klimata_vlazhnost,40.74485913388889,2026-08-09T15:00:00+00:00
sensor.filtered_pressure,995.128624226439,2026-08-09T15:00:00+00:00
sensor.outside_dew_point_spread_trend,-0.3992087251388889,2026-08-09T15:00:00+00:00
sensor.datchik_klimata_temperatura,22.380403344194445,2026-08-09T16:00:00+00:00
sensor.datchik_klimata_vlazhnost,44.96675583111111,2026-08-09T16:00:00+00:00
sensor.filtered_pressure,995.0247365661444,2026-08-09T16:00:00+00:00
sensor.outside_dew_point_spread_trend,-1.5758422642416665,2026-08-09T16:00:00+00:00
sensor.datchik_klimata_temperatura,21.43116237227778,2026-08-09T17:00:00+00:00
sensor.datchik_klimata_vlazhnost,48.124613226388895,2026-08-09T17:00:00+00:00
sensor.filtered_pressure,995.0738201620751,2026-08-09T17:00:00+00:00
sensor.outside_dew_point_spread_trend,-1.189375486388889,2026-08-09T17:00:00+00:00
sensor.datchik_klimata_temperatura,20.247379018666667,2026-08-09T18:00:00+00:00
sensor.datchik_klimata_vlazhnost,52.69504625555555,2026-08-09T18:00:00+00:00
sensor.filtered_pressure,995.06258850045,2026-08-09T18:00:00+00:00
sensor.outside_dew_point_spread_trend,-1.4150245028416666,2026-08-09T18:00:00+00:00
sensor.datchik_klimata_temperatura,19.213759150833333,2026-08-09T19:00:00+00:00
sensor.datchik_klimata_vlazhnost,57.28860455833333,2026-08-09T19:00:00+00:00
sensor.filtered_pressure,995.2363121297805,2026-08-09T19:00:00+00:00
sensor.outside_dew_point_spread_trend,-1.3661585125694444,2026-08-09T19:00:00+00:00
sensor.datchik_klimata_temperatura,18.206341666583334,2026-08-09T20:00:00+00:00
sensor.datchik_klimata_vlazhnost,63.0314243825,2026-08-09T20:00:00+00:00
sensor.filtered_pressure,995.4573156315083,2026-08-09T20:00:00+00:00
sensor.outside_dew_point_spread_trend,-1.425711585411111,2026-08-09T20:00:00+00:00
sensor.datchik_klimata_temperatura,17.39575420775,2026-08-09T21:00:00+00:00
sensor.datchik_klimata_vlazhnost,67.19281111388888,2026-08-09T21:00:00+00:00
sensor.filtered_pressure,995.3084242386307,2026-08-09T21:00:00+00:00
sensor.outside_dew_point_spread_trend,-1.0900376825555556,2026-08-09T21:00:00+00:00
sensor.datchik_klimata_temperatura,16.881077744111114,2026-08-09T22:00:00+00:00
sensor.datchik_klimata_vlazhnost,70.569947015,2026-08-09T22:00:00+00:00
sensor.filtered_pressure,994.9730964031916,2026-08-09T22:00:00+00:00
sensor.outside_dew_point_spread_trend,-0.8001720647888888,2026-08-09T22:00:00+00:00
sensor.datchik_klimata_temperatura,16.147802361527777,2026-08-09T23:00:00+00:00
sensor.datchik_klimata_vlazhnost,74.12543388361111,2026-08-09T23:00:00+00:00
sensor.filtered_pressure,994.8318705673333,2026-08-09T23:00:00+00:00
sensor.outside_dew_point_spread_trend,-0.7420967737,2026-08-09T23:00:00+00:00
sensor.datchik_klimata_temperatura,15.56731382913889,2026-08-10T00:00:00+00:00
sensor.datchik_klimata_vlazhnost,76.97642715222223,2026-08-10T00:00:00+00:00
sensor.filtered_pressure,994.6218606126972,2026-08-10T00:00:00+00:00
sensor.outside_dew_point_spread_trend,-0.6760749410444444,2026-08-10T00:00:00+00:00
sensor.datchik_klimata_temperatura,15.362873558083335,2026-08-10T01:00:00+00:00
sensor.datchik_klimata_vlazhnost,73.17002362444445,2026-08-10T01:00:00+00:00
sensor.filtered_pressure,994.3300087346055,2026-08-10T01:00:00+00:00
sensor.outside_dew_point_spread_trend,0.6994809966194445,2026-08-10T01:00:00+00:00
sensor.datchik_klimata_temperatura,15.017889204444444,2026-08-10T02:00:00+00:00
sensor.datchik_klimata_vlazhnost,72.90940040111111,2026-08-10T02:00:00+00:00
sensor.filtered_pressure,994.1338074531833,2026-08-10T02:00:00+00:00
sensor.outside_dew_point_spread_trend,0.1940568320111111,2026-08-10T02:00:00+00:00
sensor.datchik_klimata_temperatura,14.953504569000001,2026-08-10T03:00:00+00:00
sensor.datchik_klimata_vlazhnost,74.60506846972223,2026-08-10T03:00:00+00:00
sensor.filtered_pressure,994.2062884194444,2026-08-10T03:00:00+00:00
sensor.outside_dew_point_spread_trend,-0.33114381143055555,2026-08-10T03:00:00+00:00
sensor.datchik_klimata_temperatura,19.338681281638888,2026-08-10T04:00:00+00:00
sensor.datchik_klimata_vlazhnost,60.13733577694444,2026-08-10T04:00:00+00:00
sensor.filtered_pressure,994.0988340581779,2026-08-10T04:00:00+00:00
sensor.outside_dew_point_spread_trend,3.459052273611111,2026-08-10T04:00:00+00:00
sensor.datchik_klimata_temperatura,23.558181136694444,2026-08-10T05:00:00+00:00
sensor.datchik_klimata_vlazhnost,44.48347395777778,2026-08-10T05:00:00+00:00
sensor.filtered_pressure,993.9379149633722,2026-08-10T05:00:00+00:00
sensor.outside_dew_point_spread_trend,4.755153362941667,2026-08-10T05:00:00+00:00
sensor.datchik_klimata_temperatura,26.054118856777777,2026-08-10T06:00:00+00:00
sensor.datchik_klimata_vlazhnost,39.19368062722222,2026-08-10T06:00:00+00:00
sensor.filtered_pressure,993.7275999597333,2026-08-10T06:00:00+00:00
sensor.outside_dew_point_spread_trend,2.158185423238889,2026-08-10T06:00:00+00:00
sensor.datchik_klimata_temperatura,27.923029363833333,2026-08-10T07:00:00+00:00
sensor.datchik_klimata_vlazhnost,34.596061552777776,2026-08-10T07:00:00+00:00
sensor.filtered_pressure,993.2222828272278,2026-08-10T07:00:00+00:00
sensor.outside_dew_point_spread_trend,2.1250572294694443,2026-08-10T07:00:00+00:00
sensor.datchik_klimata_temperatura,27.59308652058333,2026-08-10T08:00:00+00:00
sensor.datchik_klimata_vlazhnost,34.585987993611106,2026-08-10T08:00:00+00:00
sensor.filtered_pressure,992.7962425673722,2026-08-10T08:00:00+00:00
sensor.outside_dew_point_spread_trend,-0.0727156927277778,2026-08-10T08:00:00+00:00
sensor.datchik_klimata_temperatura,26.949643865916666,2026-08-10T09:00:00+00:00
sensor.datchik_klimata_vlazhnost,34.952408749444444,2026-08-10T09:00:00+00:00
sensor.filtered_pressure,992.4294411011666,2026-08-10T09:00:00+00:00
sensor.outside_dew_point_spread_trend,-0.26192508671666664,2026-08-10T09:00:00+00:00
sensor.datchik_klimata_temperatura,26.81128043958333,2026-08-10T10:00:00+00:00
sensor.datchik_klimata_vlazhnost,35.45133566611111,2026-08-10T10:00:00+00:00
sensor.filtered_pressure,992.0383715657194,2026-08-10T10:00:00+00:00
sensor.outside_dew_point_spread_trend,-0.20774229905277777,2026-08-10T10:00:00+00:00
sensor.datchik_klimata_temperatura,26.547889841527777,2026-08-10T11:00:00+00:00
sensor.datchik_klimata_vlazhnost,36.12668549,2026-08-10T11:00:00+00:00
sensor.filtered_pressure,991.5084448866195,2026-08-10T11:00:00+00:00
sensor.outside_dew_point_spread_trend,-0.26424593365277776,2026-08-10T11:00:00+00:00
sensor.datchik_klimata_temperatura,25.559759314722225,2026-08-10T12:00:00+00:00
sensor.datchik_klimata_vlazhnost,36.5468130525,2026-08-10T12:00:00+00:00
sensor.filtered_pressure,990.7186825693444,2026-08-10T12:00:00+00:00
sensor.outside_dew_point_spread_trend,-0.14585965385833333,2026-08-10T12:00:00+00:00
sensor.datchik_klimata_temperatura,25.521015887416667,2026-08-10T13:00:00+00:00
sensor.datchik_klimata_vlazhnost,35.55436100972222,2026-08-10T13:00:00+00:00
sensor.filtered_pressure,989.8318235378833,2026-08-10T13:00:00+00:00
sensor.outside_dew_point_spread_trend,0.5667321639277778,2026-08-10T13:00:00+00:00
sensor.datchik_klimata_temperatura,25.284950631166666,2026-08-10T14:00:00+00:00
sensor.datchik_klimata_vlazhnost,35.738796970833334,2026-08-10T14:00:00+00:00
sensor.filtered_pressure,989.0721962190611,2026-08-10T14:00:00+00:00
sensor.outside_dew_point_spread_trend,-0.17021655316388887,2026-08-10T14:00:00+00:00
sensor.datchik_klimata_temperatura,25.02297881858333,2026-08-10T15:00:00+00:00
sensor.datchik_klimata_vlazhnost,37.257991839999995,2026-08-10T15:00:00+00:00
sensor.filtered_pressure,988.5647903839834,2026-08-10T15:00:00+00:00
sensor.outside_dew_point_spread_trend,-0.6969193705277777,2026-08-10T15:00:00+00:00
sensor.datchik_klimata_temperatura,24.567727495472223,2026-08-10T16:00:00+00:00
sensor.datchik_klimata_vlazhnost,39.240335343333335,2026-08-10T16:00:00+00:00
sensor.filtered_pressure,988.1205128736583,2026-08-10T16:00:00+00:00
sensor.outside_dew_point_spread_trend,-0.9203030327611111,2026-08-10T16:00:00+00:00
sensor.datchik_klimata_temperatura,23.814853049305555,2026-08-10T17:00:00+00:00
sensor.datchik_klimata_vlazhnost,40.51058750111111,2026-08-10T17:00:00+00:00
sensor.filtered_pressure,987.7474659459555,2026-08-10T17:00:00+00:00
sensor.outside_dew_point_spread_trend,-0.6586914548999999,2026-08-10T17:00:00+00:00
sensor.datchik_klimata_temperatura,22.802349828222223,2026-08-10T18:00:00+00:00
sensor.datchik_klimata_vlazhnost,43.209304162222224,2026-08-10T18:00:00+00:00
sensor.filtered_pressure,987.4169502416834,2026-08-10T18:00:00+00:00
sensor.outside_dew_point_spread_trend,-0.9517239191305555,2026-08-10T18:00:00+00:00
sensor.datchik_klimata_temperatura,21.76763280363889,2026-08-10T19:00:00+00:00
sensor.datchik_klimata_vlazhnost,46.681291555277774,2026-08-10T19:00:00+00:00
sensor.filtered_pressure,987.0608670856055,2026-08-10T19:00:00+00:00
sensor.outside_dew_point_spread_trend,-1.3923146032944445,2026-08-10T19:00:00+00:00
sensor.datchik_klimata_temperatura,21.207307648444445,2026-08-10T20:00:00+00:00
sensor.datchik_klimata_vlazhnost,48.68604867277778,2026-08-10T20:00:00+00:00
sensor.filtered_pressure,986.6535327124778,2026-08-10T20:00:00+00:00
sensor.outside_dew_point_spread_trend,-0.7456327958444445,2026-08-10T20:00:00+00:00
sensor.datchik_klimata_temperatura,20.682501806999998,2026-08-10T21:00:00+00:00
sensor.datchik_klimata_vlazhnost,50.62876177055555,2026-08-10T21:00:00+00:00
sensor.filtered_pressure,986.0272540538389,2026-08-10T21:00:00+00:00
sensor.outside_dew_point_spread_trend,-0.6191070260527778,2026-08-10T21:00:00+00:00
sensor.datchik_klimata_temperatura,20.01821449275,2026-08-10T22:00:00+00:00
sensor.datchik_klimata_vlazhnost,53.40086339166667,2026-08-10T22:00:00+00:00
sensor.filtered_pressure,985.6768288543277,2026-08-10T22:00:00+00:00
sensor.outside_dew_point_spread_trend,-0.86494222055,2026-08-10T22:00:00+00:00
sensor.datchik_klimata_temperatura,19.537699389694446,2026-08-10T23:00:00+00:00
sensor.datchik_klimata_vlazhnost,55.458108375833326,2026-08-10T23:00:00+00:00
sensor.filtered_pressure,985.2511841633083,2026-08-10T23:00:00+00:00
sensor.outside_dew_point_spread_trend,-0.6712839163750001,2026-08-10T23:00:00+00:00
sensor.datchik_klimata_temperatura,19.236167315527776,2026-08-11T00:00:00+00:00
sensor.datchik_klimata_vlazhnost,56.89900772805555,2026-08-11T00:00:00+00:00
sensor.filtered_pressure,984.9055124097445,2026-08-11T00:00:00+00:00
sensor.outside_dew_point_spread_trend,-0.5040306979666667,2026-08-11T00:00:00+00:00
sensor.datchik_klimata_temperatura,19.012714944583333,2026-08-11T01:00:00+00:00
sensor.datchik_klimata_vlazhnost,58.23892632222223,2026-08-11T01:00:00+00:00
sensor.filtered_pressure,984.7001485301112,2026-08-11T01:00:00+00:00
sensor.outside_dew_point_spread_trend,-0.31194626090277777,2026-08-11T01:00:00+00:00
sensor.datchik_klimata_temperatura,18.94802291961111,2026-08-11T02:00:00+00:00
sensor.datchik_klimata_vlazhnost,59.25866369055556,2026-08-11T02:00:00+00:00
sensor.filtered_pressure,984.5103700813306,2026-08-11T02:00:00+00:00
sensor.outside_dew_point_spread_trend,-0.3424801703361111,2026-08-11T02:00:00+00:00
sensor.datchik_klimata_temperatura,18.471015022388887,2026-08-11T03:00:00+00:00
sensor.datchik_klimata_vlazhnost,64.80835389944444,2026-08-11T03:00:00+00:00
sensor.filtered_pressure,984.8062435879416,2026-08-11T03:00:00+00:00
sensor.outside_dew_point_spread_trend,-1.2572120098055555,2026-08-11T03:00:00+00:00
sensor.datchik_klimata_temperatura,19.787748979333333,2026-08-11T04:00:00+00:00
sensor.datchik_klimata_vlazhnost,67.14285509638889,2026-08-11T04:00:00+00:00
sensor.filtered_pressure,985.1551402944473,2026-08-11T04:00:00+00:00
sensor.outside_dew_point_spread_trend,-0.45677947217777776,2026-08-11T04:00:00+00:00
sensor.datchik_klimata_temperatura,19.621390172305556,2026-08-11T05:00:00+00:00
sensor.datchik_klimata_vlazhnost,68.81502772805555,2026-08-11T05:00:00+00:00
sensor.filtered_pressure,986.0385935672084,2026-08-11T05:00:00+00:00
sensor.outside_dew_point_spread_trend,-0.422800498875,2026-08-11T05:00:00+00:00
sensor.datchik_klimata_temperatura,23.409244496444444,2026-08-11T06:00:00+00:00
sensor.datchik_klimata_vlazhnost,56.03857330583333,2026-08-11T06:00:00+00:00
sensor.filtered_pressure,986.0355838005584,2026-08-11T06:00:00+00:00
sensor.outside_dew_point_spread_trend,3.509109470811111,2026-08-11T06:00:00+00:00
sensor.datchik_klimata_temperatura,22.624469103638887,2026-08-11T07:00:00+00:00
sensor.datchik_klimata_vlazhnost,55.52611286194445,2026-08-11T07:00:00+00:00
sensor.filtered_pressure,986.4633135924083,2026-08-11T07:00:00+00:00
sensor.outside_dew_point_spread_trend,0.025684119341666676,2026-08-11T07:00:00+00:00
sensor.datchik_klimata_temperatura,22.99407391041667,2026-08-11T08:00:00+00:00
sensor.datchik_klimata_vlazhnost,53.60535201472222,2026-08-11T08:00:00+00:00
sensor.filtered_pressure,986.76003382,2026-08-11T08:00:00+00:00
sensor.outside_dew_point_spread_trend,0.7065286463444443,2026-08-11T08:00:00+00:00
sensor.datchik_klimata_temperatura,22.14661974347222,2026-08-11T09:00:00+00:00
sensor.datchik_klimata_vlazhnost,53.64792625194445,2026-08-11T09:00:00+00:00
sensor.filtered_pressure,986.9103191357417,2026-08-11T09:00:00+00:00
sensor.outside_dew_point_spread_trend,-0.011653715180555557,2026-08-11T09:00:00+00:00
sensor.datchik_klimata_temperatura,23.33778875433333,2026-08-11T10:00:00+00:00
sensor.datchik_klimata_vlazhnost,49.01136888194444,2026-08-11T10:00:00+00:00
sensor.filtered_pressure,987.1832027469723,2026-08-11T10:00:00+00:00
sensor.outside_dew_point_spread_trend,1.4800489783694444,2026-08-11T10:00:00+00:00
sensor.datchik_klimata_temperatura,22.88614995858333,2026-08-11T11:00:00+00:00
sensor.datchik_klimata_vlazhnost,46.3173281075,2026-08-11T11:00:00+00:00
sensor.filtered_pressure,987.3684559264749,2026-08-11T11:00:00+00:00
sensor.outside_dew_point_spread_trend,1.3518658895416664,2026-08-11T11:00:00+00:00
sensor.datchik_klimata_temperatura,22.305626548000003,2026-08-11T12:00:00+00:00
sensor.datchik_klimata_vlazhnost,43.719156095277775,2026-08-11T12:00:00+00:00
sensor.filtered_pressure,987.4244326646473,2026-08-11T12:00:00+00:00
sensor.outside_dew_point_spread_trend,0.650195107225,2026-08-11T12:00:00+00:00
sensor.datchik_klimata_temperatura,21.725039792916665,2026-08-11T13:00:00+00:00
sensor.datchik_klimata_vlazhnost,41.46702795833333,2026-08-11T13:00:00+00:00
sensor.filtered_pressure,987.6802390409499,2026-08-11T13:00:00+00:00
sensor.outside_dew_point_spread_trend,0.6793284347333333,2026-08-11T13:00:00+00:00
sensor.datchik_klimata_temperatura,18.803829364,2026-08-11T14:00:00+00:00
sensor.datchik_klimata_vlazhnost,56.06544389111111,2026-08-11T14:00:00+00:00
sensor.filtered_pressure,989.0746023827418,2026-08-11T14:00:00+00:00
sensor.outside_dew_point_spread_trend,-4.7230265528805555,2026-08-11T14:00:00+00:00
sensor.datchik_klimata_temperatura,17.92612462713889,2026-08-11T15:00:00+00:00
sensor.datchik_klimata_vlazhnost,57.948665814722226,2026-08-11T15:00:00+00:00
sensor.filtered_pressure,989.1838680193611,2026-08-11T15:00:00+00:00
sensor.outside_dew_point_spread_trend,-0.8261876891499998,2026-08-11T15:00:00+00:00
sensor.datchik_klimata_temperatura,17.493432049805556,2026-08-11T16:00:00+00:00
sensor.datchik_klimata_vlazhnost,57.90226487444445,2026-08-11T16:00:00+00:00
sensor.filtered_pressure,989.5611884879055,2026-08-11T16:00:00+00:00
sensor.outside_dew_point_spread_trend,-0.03629299694166664,2026-08-11T16:00:00+00:00
sensor.datchik_klimata_temperatura,16.84815440741667,2026-08-11T17:00:00+00:00
sensor.datchik_klimata_vlazhnost,63.551504253888886,2026-08-11T17:00:00+00:00
sensor.filtered_pressure,990.0892591930666,2026-08-11T17:00:00+00:00
sensor.outside_dew_point_spread_trend,-1.404795549125,2026-08-11T17:00:00+00:00
sensor.datchik_klimata_temperatura,15.57795926625,2026-08-11T18:00:00+00:00
sensor.datchik_klimata_vlazhnost,66.91796185583333,2026-08-11T18:00:00+00:00
sensor.filtered_pressure,991.0931183885,2026-08-11T18:00:00+00:00
sensor.outside_dew_point_spread_trend,-1.055754973672222,2026-08-11T18:00:00+00:00
sensor.datchik_klimata_temperatura,14.410608960555555,2026-08-11T19:00:00+00:00
sensor.datchik_klimata_vlazhnost,69.12347407722223,2026-08-11T19:00:00+00:00
sensor.filtered_pressure,991.5660049781723,2026-08-11T19:00:00+00:00
sensor.outside_dew_point_spread_trend,-0.7771645818888889,2026-08-11T19:00:00+00:00
sensor.datchik_klimata_temperatura,14.655109974138888,2026-08-11T20:00:00+00:00
sensor.datchik_klimata_vlazhnost,68.33388132805555,2026-08-11T20:00:00+00:00
sensor.filtered_pressure,992.0547135919138,2026-08-11T20:00:00+00:00
sensor.outside_dew_point_spread_trend,-0.1380603659472222,2026-08-11T20:00:00+00:00
sensor.datchik_klimata_temperatura,14.726234761777777,2026-08-11T21:00:00+00:00
sensor.datchik_klimata_vlazhnost,68.65705179305556,2026-08-11T21:00:00+00:00
sensor.filtered_pressure,992.3758121425361,2026-08-11T21:00:00+00:00
sensor.outside_dew_point_spread_trend,-0.13826023578055555,2026-08-11T21:00:00+00:00
sensor.datchik_klimata_temperatura,14.728519994833334,2026-08-11T22:00:00+00:00
sensor.datchik_klimata_vlazhnost,70.18164684805555,2026-08-11T22:00:00+00:00
sensor.filtered_pressure,992.7690139023612,2026-08-11T22:00:00+00:00
sensor.outside_dew_point_spread_trend,-0.3864734638694445,2026-08-11T22:00:00+00:00
sensor.datchik_klimata_temperatura,13.68852185736111,2026-08-11T23:00:00+00:00
sensor.datchik_klimata_vlazhnost,75.99701683361111,2026-08-11T23:00:00+00:00
sensor.filtered_pressure,993.2366704690639,2026-08-11T23:00:00+00:00
sensor.outside_dew_point_spread_trend,-1.1313582349972222,2026-08-11T23:00:00+00:00
sensor.datchik_klimata_temperatura,12.840719205111112,2026-08-12T00:00:00+00:00
sensor.datchik_klimata_vlazhnost,78.42943058055556,2026-08-12T00:00:00+00:00
sensor.filtered_pressure,993.8626179218805,2026-08-12T00:00:00+00:00
sensor.outside_dew_point_spread_trend,-0.6700620254444444,2026-08-12T00:00:00+00:00
sensor.datchik_klimata_temperatura,12.365260672972221,2026-08-12T01:00:00+00:00
sensor.datchik_klimata_vlazhnost,79.84106846499999,2026-08-12T01:00:00+00:00
sensor.filtered_pressure,994.3142591625611,2026-08-12T01:00:00+00:00
sensor.outside_dew_point_spread_trend,-0.27525252749444445,2026-08-12T01:00:00+00:00
sensor.datchik_klimata_temperatura,11.931853045055556,2026-08-12T02:00:00+00:00
sensor.datchik_klimata_vlazhnost,81.8235462213889,2026-08-12T02:00:00+00:00
sensor.filtered_pressure,994.8835403667723,2026-08-12T02:00:00+00:00
sensor.outside_dew_point_spread_trend,-0.4000000000000001,2026-08-12T02:00:00+00:00
sensor.datchik_klimata_temperatura,11.651928097444445,2026-08-12T03:00:00+00:00
sensor.datchik_klimata_vlazhnost,82.19395511694445,2026-08-12T03:00:00+00:00
sensor.filtered_pressure,995.5362616650473,2026-08-12T03:00:00+00:00
sensor.outside_dew_point_spread_trend,-0.077582846,2026-08-12T03:00:00+00:00
sensor.datchik_klimata_temperatura,14.425271101249999,2026-08-12T04:00:00+00:00
sensor.datchik_klimata_vlazhnost,70.87180345444445,2026-08-12T04:00:00+00:00
sensor.filtered_pressure,996.0279862693806,2026-08-12T04:00:00+00:00
sensor.outside_dew_point_spread_trend,2.238132706761111,2026-08-12T04:00:00+00:00
sensor.datchik_klimata_temperatura,17.663628882916665,2026-08-12T05:00:00+00:00
sensor.datchik_klimata_vlazhnost,56.77800755027778,2026-08-12T05:00:00+00:00
sensor.filtered_pressure,996.5654596251751,2026-08-12T05:00:00+00:00
sensor.outside_dew_point_spread_trend,3.593701969013889,2026-08-12T05:00:00+00:00
sensor.datchik_klimata_temperatura,19.679240180944443,2026-08-12T06:00:00+00:00
sensor.datchik_klimata_vlazhnost,49.248263423888886,2026-08-12T06:00:00+00:00
sensor.filtered_pressure,997.0013819863221,2026-08-12T06:00:00+00:00
sensor.outside_dew_point_spread_trend,2.188808022475,2026-08-12T06:00:00+00:00
sensor.datchik_klimata_temperatura,21.306778628777778,2026-08-12T07:00:00+00:00
sensor.datchik_klimata_vlazhnost,41.886617997777776,2026-08-12T07:00:00+00:00
sensor.filtered_pressure,997.4595957982443,2026-08-12T07:00:00+00:00
sensor.outside_dew_point_spread_trend,2.7246216274444444,2026-08-12T07:00:00+00:00
sensor.datchik_klimata_temperatura,21.953801984944445,2026-08-12T08:00:00+00:00
sensor.datchik_klimata_vlazhnost,37.26545186055555,2026-08-12T08:00:00+00:00
sensor.filtered_pressure,997.7251181023667,2026-08-12T08:00:00+00:00
sensor.outside_dew_point_spread_trend,1.847628602272222,2026-08-12T08:00:00+00:00
sensor.datchik_klimata_temperatura,21.988209943972223,2026-08-12T09:00:00+00:00
sensor.datchik_klimata_vlazhnost,36.030604696388885,2026-08-12T09:00:00+00:00
sensor.filtered_pressure,997.8662653479888,2026-08-12T09:00:00+00:00
sensor.outside_dew_point_spread_trend,0.48902054737499995,2026-08-12T09:00:00+00:00
sensor.datchik_klimata_temperatura,21.847758123333335,2026-08-12T10:00:00+00:00
sensor.datchik_klimata_vlazhnost,36.5549957625,2026-08-12T10:00:00+00:00
sensor.filtered_pressure,998.0976779767167,2026-08-12T10:00:00+00:00
sensor.outside_dew_point_spread_trend,-0.17252469620555555,2026-08-12T10:00:00+00:00
sensor.datchik_klimata_temperatura,20.66593430722222,2026-08-12T11:00:00+00:00
sensor.datchik_klimata_vlazhnost,39.30414221666667,2026-08-12T11:00:00+00:00
sensor.filtered_pressure,998.1919904578889,2026-08-12T11:00:00+00:00
sensor.outside_dew_point_spread_trend,-1.1727579882361112,2026-08-12T11:00:00+00:00
sensor.datchik_klimata_temperatura,20.435357529166666,2026-08-12T12:00:00+00:00
sensor.datchik_klimata_vlazhnost,39.807337501666666,2026-08-12T12:00:00+00:00
sensor.filtered_pressure,998.1840520493139,2026-08-12T12:00:00+00:00
sensor.outside_dew_point_spread_trend,-0.23328865910555555,2026-08-12T12:00:00+00:00
sensor.datchik_klimata_temperatura,20.23960514113889,2026-08-12T13:00:00+00:00
sensor.datchik_klimata_vlazhnost,38.67352418611111,2026-08-12T13:00:00+00:00
sensor.filtered_pressure,998.1566053136027,2026-08-12T13:00:00+00:00
sensor.outside_dew_point_spread_trend,0.4461500394861111,2026-08-12T13:00:00+00:00
sensor.datchik_klimata_temperatura,19.962698515083332,2026-08-12T14:00:00+00:00
sensor.datchik_klimata_vlazhnost,39.09868443333333,2026-08-12T14:00:00+00:00
sensor.filtered_pressure,998.2276567185249,2026-08-12T14:00:00+00:00
sensor.outside_dew_point_spread_trend,-0.22877386218333337,2026-08-12T14:00:00+00:00
sensor.datchik_klimata_temperatura,19.043352605388886,2026-08-12T15:00:00+00:00
sensor.datchik_klimata_vlazhnost,43.47696150416667,2026-08-12T15:00:00+00:00
sensor.filtered_pressure,998.3012500589166,2026-08-12T15:00:00+00:00
sensor.outside_dew_point_spread_trend,-1.6543001015055558,2026-08-12T15:00:00+00:00
sensor.datchik_klimata_temperatura,18.76967748013889,2026-08-12T16:00:00+00:00
sensor.datchik_klimata_vlazhnost,40.09477574472222,2026-08-12T16:00:00+00:00
sensor.filtered_pressure,998.3560040211472,2026-08-12T16:00:00+00:00
sensor.outside_dew_point_spread_trend,1.1826486655416666,2026-08-12T16:00:00+00:00
sensor.datchik_klimata_temperatura,17.83599327416667,2026-08-12T17:00:00+00:00
sensor.datchik_klimata_vlazhnost,41.56888392472222,2026-08-12T17:00:00+00:00
sensor.filtered_pressure,998.4043223602556,2026-08-12T17:00:00+00:00
sensor.outside_dew_point_spread_trend,-0.6441867793249999,2026-08-12T17:00:00+00:00
sensor.datchik_klimata_temperatura,16.555056951555553,2026-08-12T18:00:00+00:00
sensor.datchik_klimata_vlazhnost,47.874530389166665,2026-08-12T18:00:00+00:00
sensor.filtered_pressure,998.6545411996084,2026-08-12T18:00:00+00:00
sensor.outside_dew_point_spread_trend,-2.0778092939249997,2026-08-12T18:00:00+00:00
sensor.datchik_klimata_temperatura,15.568785100972223,2026-08-12T19:00:00+00:00
sensor.datchik_klimata_vlazhnost,54.37799420694444,2026-08-12T19:00:00+00:00
sensor.filtered_pressure,998.7841784770444,2026-08-12T19:00:00+00:00
sensor.outside_dew_point_spread_trend,-1.962867057711111,2026-08-12T19:00:00+00:00
sensor.datchik_klimata_temperatura,14.950362107555556,2026-08-12T20:00:00+00:00
sensor.datchik_klimata_vlazhnost,57.93354501611111,2026-08-12T20:00:00+00:00
sensor.filtered_pressure,998.933007001864,2026-08-12T20:00:00+00:00
sensor.outside_dew_point_spread_trend,-1.3330187442444443,2026-08-12T20:00:00+00:00
sensor.datchik_klimata_temperatura,14.422513768361112,2026-08-12T21:00:00+00:00
sensor.datchik_klimata_vlazhnost,62.152223908055554,2026-08-12T21:00:00+00:00
sensor.filtered_pressure,999.2542545965333,2026-08-12T21:00:00+00:00
sensor.outside_dew_point_spread_trend,-0.9608386909333334,2026-08-12T21:00:00+00:00
sensor.datchik_klimata_temperatura,14.109344223166666,2026-08-12T22:00:00+00:00
sensor.datchik_klimata_vlazhnost,64.14724189555555,2026-08-12T22:00:00+00:00
sensor.filtered_pressure,999.4712112724445,2026-08-12T22:00:00+00:00
sensor.outside_dew_point_spread_trend,-1.0521491230833333,2026-08-12T22:00:00+00:00
sensor.datchik_klimata_temperatura,13.19877559113889,2026-08-12T23:00:00+00:00
sensor.datchik_klimata_vlazhnost,65.72541967027777,2026-08-12T23:00:00+00:00
sensor.filtered_pressure,999.5960480160167,2026-08-12T23:00:00+00:00
sensor.outside_dew_point_spread_trend,-0.522904992936111,2026-08-12T23:00:00+00:00
sensor.datchik_klimata_temperatura,12.392062805583334,2026-08-13T00:00:00+00:00
sensor.datchik_klimata_vlazhnost,68.92900854277778,2026-08-13T00:00:00+00:00
sensor.filtered_pressure,999.7535373832361,2026-08-13T00:00:00+00:00
sensor.outside_dew_point_spread_trend,-0.7206105726777778,2026-08-13T00:00:00+00:00
sensor.datchik_klimata_temperatura,11.706908453194444,2026-08-13T01:00:00+00:00
sensor.datchik_klimata_vlazhnost,72.69246924416667,2026-08-13T01:00:00+00:00
sensor.filtered_pressure,999.8149033500889,2026-08-13T01:00:00+00:00
sensor.outside_dew_point_spread_trend,-0.7937370930166666,2026-08-13T01:00:00+00:00
sensor.datchik_klimata_temperatura,11.073027527333332,2026-08-13T02:00:00+00:00
sensor.datchik_klimata_vlazhnost,76.25416107166667,2026-08-13T02:00:00+00:00
sensor.filtered_pressure,1000.0144189034528,2026-08-13T02:00:00+00:00
sensor.outside_dew_point_spread_trend,-0.7336289755833333,2026-08-13T02:00:00+00:00
sensor.datchik_klimata_temperatura,10.893336362166666,2026-08-13T03:00:00+00:00
sensor.datchik_klimata_vlazhnost,78.997966985,2026-08-13T03:00:00+00:00
sensor.filtered_pressure,1000.3208658746472,2026-08-13T03:00:00+00:00
sensor.outside_dew_point_spread_trend,-0.7979680344444445,2026-08-13T03:00:00+00:00
sensor.datchik_klimata_temperatura,14.182091907527777,2026-08-13T04:00:00+00:00
sensor.datchik_klimata_vlazhnost,68.70162401555555,2026-08-13T04:00:00+00:00
sensor.filtered_pressure,1000.6168848909083,2026-08-13T04:00:00+00:00
sensor.outside_dew_point_spread_trend,2.1479340828166666,2026-08-13T04:00:00+00:00
sensor.datchik_klimata_temperatura,17.60547785836111,2026-08-13T05:00:00+00:00
sensor.datchik_klimata_vlazhnost,56.22448433305556,2026-08-13T05:00:00+00:00
sensor.filtered_pressure,1000.8867038139416,2026-08-13T05:00:00+00:00
sensor.outside_dew_point_spread_trend,3.124426965927778,2026-08-13T05:00:00+00:00
sensor.datchik_klimata_temperatura,19.583518052444443,2026-08-13T06:00:00+00:00
sensor.datchik_klimata_vlazhnost,48.902049210277774,2026-08-13T06:00:00+00:00
sensor.filtered_pressure,1000.9910725084305,2026-08-13T06:00:00+00:00
sensor.outside_dew_point_spread_trend,2.1695365182111113,2026-08-13T06:00:00+00:00
sensor.datchik_klimata_temperatura,19.868194013277776,2026-08-13T07:00:00+00:00
sensor.datchik_klimata_vlazhnost,44.24658701055555,2026-08-13T07:00:00+00:00
sensor.filtered_pressure,1001.0354128448749,2026-08-13T07:00:00+00:00
sensor.outside_dew_point_spread_trend,1.6657784433972223,2026-08-13T07:00:00+00:00
sensor.datchik_klimata_temperatura,20.5030206645,2026-08-13T08:00:00+00:00
sensor.datchik_klimata_vlazhnost,41.93473685861111,2026-08-13T08:00:00+00:00
sensor.filtered_pressure,1001.0959856239111,2026-08-13T08:00:00+00:00
sensor.outside_dew_point_spread_trend,0.8843055831222223,2026-08-13T08:00:00+00:00
sensor.datchik_klimata_temperatura,21.889355320611113,2026-08-13T09:00:00+00:00
sensor.datchik_klimata_vlazhnost,38.17471055694444,2026-08-13T09:00:00+00:00
sensor.filtered_pressure,1000.9965437596138,2026-08-13T09:00:00+00:00
sensor.outside_dew_point_spread_trend,1.5589898758666667,2026-08-13T09:00:00+00:00
sensor.datchik_klimata_temperatura,22.76066876747222,2026-08-13T10:00:00+00:00
sensor.datchik_klimata_vlazhnost,34.046397632499996,2026-08-13T10:00:00+00:00
sensor.filtered_pressure,1000.845795638686,2026-08-13T10:00:00+00:00
sensor.outside_dew_point_spread_trend,1.6175858545527777,2026-08-13T10:00:00+00:00
sensor.datchik_klimata_temperatura,21.254241204638888,2026-08-13T11:00:00+00:00
sensor.datchik_klimata_vlazhnost,35.82510484083333,2026-08-13T11:00:00+00:00
sensor.filtered_pressure,1000.731302307525,2026-08-13T11:00:00+00:00
sensor.outside_dew_point_spread_trend,-0.8653162760277778,2026-08-13T11:00:00+00:00
sensor.datchik_klimata_temperatura,20.171630376,2026-08-13T12:00:00+00:00
sensor.datchik_klimata_vlazhnost,37.20184377333333,2026-08-13T12:00:00+00:00
sensor.filtered_pressure,1000.3685161598695,2026-08-13T12:00:00+00:00
sensor.outside_dew_point_spread_trend,-0.6450615733972223,2026-08-13T12:00:00+00:00
sensor.datchik_klimata_temperatura,20.06128184602778,2026-08-13T13:00:00+00:00
sensor.datchik_klimata_vlazhnost,35.991562648055556,2026-08-13T13:00:00+00:00
sensor.filtered_pressure,1000.0815658746583,2026-08-13T13:00:00+00:00
sensor.outside_dew_point_spread_trend,0.4948271600222222,2026-08-13T13:00:00+00:00
sensor.datchik_klimata_temperatura,20.38068312361111,2026-08-13T14:00:00+00:00
sensor.datchik_klimata_vlazhnost,37.201853514166665,2026-08-13T14:00:00+00:00
sensor.filtered_pressure,999.9344358492666,2026-08-13T14:00:00+00:00
sensor.outside_dew_point_spread_trend,-0.4031792869972222,2026-08-13T14:00:00+00:00
sensor.datchik_klimata_temperatura,19.907587168638887,2026-08-13T15:00:00+00:00
sensor.datchik_klimata_vlazhnost,38.01213712083334,2026-08-13T15:00:00+00:00
sensor.filtered_pressure,999.7705562872334,2026-08-13T15:00:00+00:00
sensor.outside_dew_point_spread_trend,-0.4119230052166667,2026-08-13T15:00:00+00:00
sensor.datchik_klimata_temperatura,19.37520620761111,2026-08-13T16:00:00+00:00
sensor.datchik_klimata_vlazhnost,41.8899984925,2026-08-13T16:00:00+00:00
sensor.filtered_pressure,999.6479457341889,2026-08-13T16:00:00+00:00
sensor.outside_dew_point_spread_trend,-1.471688968047222,2026-08-13T16:00:00+00:00
sensor.datchik_klimata_temperatura,18.41171234186111,2026-08-13T17:00:00+00:00
sensor.datchik_klimata_vlazhnost,45.55018536694445,2026-08-13T17:00:00+00:00
sensor.filtered_pressure,999.5946292600306,2026-08-13T17:00:00+00:00
sensor.outside_dew_point_spread_trend,-1.6103354851055556,2026-08-13T17:00:00+00:00
sensor.datchik_klimata_temperatura,17.10197643161111,2026-08-13T18:00:00+00:00
sensor.datchik_klimata_vlazhnost,51.26500053638889,2026-08-13T18:00:00+00:00
sensor.filtered_pressure,999.5126110140417,2026-08-13T18:00:00+00:00
sensor.outside_dew_point_spread_trend,-1.7336629256722222,2026-08-13T18:00:00+00:00
sensor.datchik_klimata_temperatura,16.099786455333334,2026-08-13T19:00:00+00:00
sensor.datchik_klimata_vlazhnost,57.88092233194445,2026-08-13T19:00:00+00:00
sensor.filtered_pressure,999.4227961800862,2026-08-13T19:00:00+00:00
sensor.outside_dew_point_spread_trend,-1.847289239275,2026-08-13T19:00:00+00:00
